show_id,sale_date,tickets_sold,cumulative_tickets_sold,revenue,cumulative_revenue,sales_rate,days_until_show
future_the_weeknd_20251028,2025-10-23,1116,1116,223200,223200,5.58,4
future_the_weeknd_20251028,2025-10-22,432,1548,86400,309600,7.74,5
future_the_weeknd_20251028,2025-10-21,47,1595,9400,319000,7.98,6
real_metallica_20251115,2025-10-23,517,517,103400,103400,2.58,22
real_metallica_20251115,2025-10-22,574,1091,114800,218200,5.46,23
real_metallica_20251115,2025-10-21,558,1649,111600,329800,8.24,24
real_metallica_20251115,2025-10-20,459,2108,91800,421600,10.54,25
real_metallica_20251115,2025-10-19,828,2936,165600,587200,14.68,26
real_metallica_20251115,2025-10-18,326,3262,65200,652400,16.31,27
real_metallica_20251115,2025-10-17,696,3958,139200,791600,19.79,28
real_metallica_20251115,2025-10-16,220,4178,44000,835600,20.89,29
real_metallica_20251115,2025-10-15,689,4867,137800,973400,24.34,30
real_metallica_20251115,2025-10-14,194,5061,38800,1012200,25.3,31
real_metallica_20251115,2025-10-13,176,5237,35200,1047400,26.19,32
real_metallica_20251115,2025-10-12,44,5281,8800,1056200,26.41,33
real_metallica_20251115,2025-10-11,549,5830,109800,1166000,29.15,34
real_metallica_20251115,2025-10-10,193,6023,38600,1204600,30.11,35
real_metallica_20251115,2025-10-09,150,6173,30000,1234600,30.86,36
real_metallica_20251115,2025-10-08,633,6806,126600,1361200,34.03,37
real_metallica_20251115,2025-10-07,370,7176,74000,1435200,35.88,38
real_metallica_20251115,2025-10-06,71,7247,14200,1449400,36.23,39
real_metallica_20251115,2025-10-05,116,7363,23200,1472600,36.81,40
real_metallica_20251115,2025-10-04,81,7444,16200,1488800,37.22,41
real_metallica_20251115,2025-10-03,103,7547,20600,1509400,37.73,42
real_metallica_20251116,2025-10-23,464,464,92800,92800,2.32,23
real_metallica_20251116,2025-10-22,373,837,74600,167400,4.18,24
real_metallica_20251116,2025-10-21,363,1200,72600,240000,6.0,25
real_metallica_20251116,2025-10-20,273,1473,54600,294600,7.36,26
real_metallica_20251116,2025-10-19,146,1619,29200,323800,8.09,27
real_metallica_20251116,2025-10-18,175,1794,35000,358800,8.97,28
real_metallica_20251116,2025-10-17,250,2044,50000,408800,10.22,29
real_metallica_20251116,2025-10-16,388,2432,77600,486400,12.16,30
real_metallica_20251116,2025-10-15,327,2759,65400,551800,13.79,31
real_metallica_20251116,2025-10-14,224,2983,44800,596600,14.92,32
real_metallica_20251116,2025-10-13,57,3040,11400,608000,15.2,33
real_metallica_20251116,2025-10-12,16,3056,3200,611200,15.28,34
real_metallica_20251116,2025-10-11,410,3466,82000,693200,17.33,35
real_metallica_20251116,2025-10-10,108,3574,21600,714800,17.87,36
real_metallica_20251116,2025-10-09,580,4154,116000,830800,20.77,37
real_metallica_20251116,2025-10-08,322,4476,64400,895200,22.38,38
real_metallica_20251116,2025-10-07,255,4731,51000,946200,23.66,39
real_metallica_20251116,2025-10-06,469,5200,93800,1040000,26.0,40
real_metallica_20251116,2025-10-05,71,5271,14200,1054200,26.36,41
real_metallica_20251116,2025-10-04,287,5558,57400,1111600,27.79,42
real_metallica_20251116,2025-10-03,598,6156,119600,1231200,30.78,43
real_metallica_20251116,2025-10-02,408,6564,81600,1312800,32.82,44
real_metallica_20251122,2025-10-23,141,141,28200,28200,0.7,29
real_metallica_20251122,2025-10-22,93,234,18600,46800,1.17,30
real_metallica_20251122,2025-10-21,112,346,22400,69200,1.73,31
real_metallica_20251122,2025-10-20,81,427,16200,85400,2.14,32
real_metallica_20251122,2025-10-19,432,859,86400,171800,4.29,33
real_metallica_20251122,2025-10-18,394,1253,78800,250600,6.26,34
real_metallica_20251122,2025-10-17,239,1492,47800,298400,7.46,35
real_metallica_20251122,2025-10-16,566,2058,113200,411600,10.29,36
real_metallica_20251122,2025-10-15,11,2069,2200,413800,10.35,37
real_metallica_20251122,2025-10-14,117,2186,23400,437200,10.93,38
real_metallica_20251122,2025-10-13,549,2735,109800,547000,13.68,39
real_metallica_20251122,2025-10-12,656,3391,131200,678200,16.96,40
real_metallica_20251122,2025-10-11,150,3541,30000,708200,17.71,41
real_metallica_20251122,2025-10-10,464,4005,92800,801000,20.03,42
real_metallica_20251122,2025-10-09,134,4139,26800,827800,20.7,43
real_metallica_20251122,2025-10-08,780,4919,156000,983800,24.59,44
real_metallica_20251122,2025-10-07,54,4973,10800,994600,24.87,45
real_metallica_20251122,2025-10-06,305,5278,61000,1055600,26.39,46
real_metallica_20251122,2025-10-05,519,5797,103800,1159400,28.98,47
real_metallica_20251122,2025-10-04,156,5953,31200,1190600,29.77,48
real_metallica_20251122,2025-10-03,82,6035,16400,1207000,30.18,49
real_metallica_20251122,2025-10-02,543,6578,108600,1315600,32.89,50
real_metallica_20251122,2025-10-01,613,7191,122600,1438200,35.95,51
real_metallica_20251122,2025-09-30,9,7200,1800,1440000,36.0,52
real_metallica_20251122,2025-09-29,185,7385,37000,1477000,36.93,53
real_metallica_20251122,2025-09-28,314,7699,62800,1539800,38.5,54
real_metallica_20251122,2025-09-27,123,7822,24600,1564400,39.11,55
real_metallica_20251122,2025-09-26,80,7902,16000,1580400,39.51,56
real_metallica_20251123,2025-10-23,248,248,49600,49600,1.24,30
real_metallica_20251123,2025-10-22,545,793,109000,158600,3.96,31
real_metallica_20251123,2025-10-21,131,924,26200,184800,4.62,32
real_metallica_20251123,2025-10-20,562,1486,112400,297200,7.43,33
real_metallica_20251123,2025-10-19,270,1756,54000,351200,8.78,34
real_metallica_20251123,2025-10-18,433,2189,86600,437800,10.95,35
real_metallica_20251123,2025-10-17,552,2741,110400,548200,13.71,36
real_metallica_20251123,2025-10-16,706,3447,141200,689400,17.23,37
real_metallica_20251123,2025-10-15,159,3606,31800,721200,18.03,38
real_metallica_20251123,2025-10-14,382,3988,76400,797600,19.94,39
real_metallica_20251123,2025-10-13,529,4517,105800,903400,22.59,40
real_metallica_20251123,2025-10-12,253,4770,50600,954000,23.85,41
real_metallica_20251123,2025-10-11,173,4943,34600,988600,24.71,42
real_metallica_20251123,2025-10-10,283,5226,56600,1045200,26.13,43
real_metallica_20251123,2025-10-09,112,5338,22400,1067600,26.69,44
real_metallica_20251123,2025-10-08,30,5368,6000,1073600,26.84,45
real_metallica_20251123,2025-10-07,16,5384,3200,1076800,26.92,46
real_metallica_20251123,2025-10-06,72,5456,14400,1091200,27.28,47
real_metallica_20251123,2025-10-05,285,5741,57000,1148200,28.71,48
real_metallica_20251123,2025-10-04,219,5960,43800,1192000,29.8,49
real_metallica_20251123,2025-10-03,584,6544,116800,1308800,32.72,50
real_metallica_20251123,2025-10-02,248,6792,49600,1358400,33.96,51
real_metallica_20251123,2025-10-01,416,7208,83200,1441600,36.04,52
real_metallica_20251123,2025-09-30,49,7257,9800,1451400,36.29,53
real_metallica_20251123,2025-09-29,362,7619,72400,1523800,38.09,54
real_metallica_20251123,2025-09-28,478,8097,95600,1619400,40.48,55
real_metallica_20251123,2025-09-27,55,8152,11000,1630400,40.76,56
real_metallica_20251123,2025-09-26,661,8813,132200,1762600,44.06,57
real_metallica_20251123,2025-09-25,206,9019,41200,1803800,45.09,58
real_metallica_20251206,2025-10-23,111,111,22200,22200,0.56,43
real_metallica_20251206,2025-10-22,97,208,19400,41600,1.04,44
real_metallica_20251206,2025-10-21,143,351,28600,70200,1.75,45
real_metallica_20251206,2025-10-20,285,636,57000,127200,3.18,46
real_metallica_20251206,2025-10-19,77,713,15400,142600,3.56,47
real_metallica_20251206,2025-10-18,100,813,20000,162600,4.06,48
real_metallica_20251206,2025-10-17,276,1089,55200,217800,5.45,49
real_metallica_20251206,2025-10-16,95,1184,19000,236800,5.92,50
real_metallica_20251206,2025-10-15,242,1426,48400,285200,7.13,51
real_metallica_20251206,2025-10-14,248,1674,49600,334800,8.37,52
real_metallica_20251206,2025-10-13,410,2084,82000,416800,10.42,53
real_metallica_20251206,2025-10-12,168,2252,33600,450400,11.26,54
real_metallica_20251206,2025-10-11,504,2756,100800,551200,13.78,55
real_metallica_20251206,2025-10-10,465,3221,93000,644200,16.11,56
real_metallica_20251206,2025-10-09,356,3577,71200,715400,17.89,57
real_metallica_20251206,2025-10-08,802,4379,160400,875800,21.89,58
real_metallica_20251206,2025-10-07,498,4877,99600,975400,24.39,59
real_metallica_20251206,2025-10-06,151,5028,30200,1005600,25.14,60
real_metallica_20251206,2025-10-05,29,5057,5800,1011400,25.29,61
real_metallica_20251206,2025-10-04,555,5612,111000,1122400,28.06,62
real_metallica_20251206,2025-10-03,160,5772,32000,1154400,28.86,63
real_metallica_20251206,2025-10-02,299,6071,59800,1214200,30.35,64
real_metallica_20251206,2025-10-01,543,6614,108600,1322800,33.07,65
real_metallica_20251206,2025-09-30,260,6874,52000,1374800,34.37,66
real_metallica_20251206,2025-09-29,95,6969,19000,1393800,34.84,67
real_metallica_20251206,2025-09-28,34,7003,6800,1400600,35.02,68
real_metallica_20251206,2025-09-27,240,7243,48000,1448600,36.22,69
real_metallica_20251206,2025-09-26,252,7495,50400,1499000,37.48,70
real_metallica_20251206,2025-09-25,40,7535,8000,1507000,37.67,71
real_metallica_20251206,2025-09-24,429,7964,85800,1592800,39.82,72
real_metallica_20251206,2025-09-23,578,8542,115600,1708400,42.71,73
real_metallica_20251206,2025-09-22,267,8809,53400,1761800,44.05,74
real_metallica_20251206,2025-09-21,366,9175,73200,1835000,45.88,75
real_metallica_20251206,2025-09-20,135,9310,27000,1862000,46.55,76
real_metallica_20251206,2025-09-19,307,9617,61400,1923400,48.09,77
real_metallica_20251206,2025-09-18,74,9691,14800,1938200,48.45,78
real_metallica_20251206,2025-09-17,288,9979,57600,1995800,49.9,79
real_metallica_20251206,2025-09-16,75,10054,15000,2010800,50.27,80
real_metallica_20251206,2025-09-15,518,10572,103600,2114400,52.86,81
real_metallica_20251206,2025-09-14,178,10750,35600,2150000,53.75,82
real_metallica_20251206,2025-09-13,250,11000,50000,2200000,55.0,83
real_metallica_20251206,2025-09-12,80,11080,16000,2216000,55.4,84
real_metallica_20251207,2025-10-23,309,309,61800,61800,1.54,44
real_metallica_20251207,2025-10-22,541,850,108200,170000,4.25,45
real_metallica_20251207,2025-10-21,283,1133,56600,226600,5.67,46
real_metallica_20251207,2025-10-20,339,1472,67800,294400,7.36,47
real_metallica_20251207,2025-10-19,68,1540,13600,308000,7.7,48
real_metallica_20251207,2025-10-18,54,1594,10800,318800,7.97,49
real_metallica_20251207,2025-10-17,159,1753,31800,350600,8.77,50
real_metallica_20251207,2025-10-16,309,2062,61800,412400,10.31,51
real_metallica_20251207,2025-10-15,175,2237,35000,447400,11.19,52
real_metallica_20251207,2025-10-14,324,2561,64800,512200,12.8,53
real_metallica_20251207,2025-10-13,517,3078,103400,615600,15.39,54
real_metallica_20251207,2025-10-12,52,3130,10400,626000,15.65,55
real_metallica_20251207,2025-10-11,216,3346,43200,669200,16.73,56
real_metallica_20251207,2025-10-10,45,3391,9000,678200,16.96,57
real_metallica_20251207,2025-10-09,66,3457,13200,691400,17.29,58
real_metallica_20251207,2025-10-08,268,3725,53600,745000,18.62,59
real_metallica_20251207,2025-10-07,226,3951,45200,790200,19.75,60
real_metallica_20251207,2025-10-06,437,4388,87400,877600,21.94,61
real_metallica_20251207,2025-10-05,114,4502,22800,900400,22.51,62
real_metallica_20251207,2025-10-04,76,4578,15200,915600,22.89,63
real_metallica_20251207,2025-10-03,378,4956,75600,991200,24.78,64
real_metallica_20251207,2025-10-02,151,5107,30200,1021400,25.54,65
real_metallica_20251207,2025-10-01,42,5149,8400,1029800,25.75,66
real_metallica_20251207,2025-09-30,460,5609,92000,1121800,28.04,67
real_metallica_20251207,2025-09-29,40,5649,8000,1129800,28.24,68
real_metallica_20251207,2025-09-28,215,5864,43000,1172800,29.32,69
real_metallica_20251207,2025-09-27,105,5969,21000,1193800,29.84,70
real_metallica_20251207,2025-09-26,286,6255,57200,1251000,31.27,71
real_metallica_20251207,2025-09-25,416,6671,83200,1334200,33.36,72
real_metallica_20251207,2025-09-24,767,7438,153400,1487600,37.19,73
real_metallica_20251207,2025-09-23,121,7559,24200,1511800,37.8,74
real_metallica_20251207,2025-09-22,181,7740,36200,1548000,38.7,75
real_metallica_20251207,2025-09-21,25,7765,5000,1553000,38.82,76
real_metallica_20251207,2025-09-20,170,7935,34000,1587000,39.67,77
real_metallica_20251207,2025-09-19,421,8356,84200,1671200,41.78,78
real_metallica_20251207,2025-09-18,254,8610,50800,1722000,43.05,79
real_metallica_20251207,2025-09-17,403,9013,80600,1802600,45.06,80
real_metallica_20251207,2025-09-16,391,9404,78200,1880800,47.02,81
real_metallica_20251207,2025-09-15,481,9885,96200,1977000,49.43,82
real_metallica_20251207,2025-09-14,235,10120,47000,2024000,50.6,83
real_metallica_20251207,2025-09-13,420,10540,84000,2108000,52.7,84
real_metallica_20251207,2025-09-12,233,10773,46600,2154600,53.86,85
real_metallica_20251207,2025-09-11,337,11110,67400,2222000,55.55,86
future_ed_sheeran_20251211,2025-10-23,168,168,33600,33600,0.84,48
future_ed_sheeran_20251211,2025-10-22,35,203,7000,40600,1.01,49
future_ed_sheeran_20251211,2025-10-21,285,488,57000,97600,2.44,50
future_ed_sheeran_20251211,2025-10-20,260,748,52000,149600,3.74,51
future_ed_sheeran_20251211,2025-10-19,431,1179,86200,235800,5.9,52
future_ed_sheeran_20251211,2025-10-18,480,1659,96000,331800,8.29,53
future_ed_sheeran_20251211,2025-10-17,224,1883,44800,376600,9.41,54
future_ed_sheeran_20251211,2025-10-16,182,2065,36400,413000,10.32,55
future_ed_sheeran_20251211,2025-10-15,271,2336,54200,467200,11.68,56
future_ed_sheeran_20251211,2025-10-14,222,2558,44400,511600,12.79,57
future_ed_sheeran_20251211,2025-10-13,402,2960,80400,592000,14.8,58
future_ed_sheeran_20251211,2025-10-12,310,3270,62000,654000,16.35,59
future_ed_sheeran_20251211,2025-10-11,118,3388,23600,677600,16.94,60
future_ed_sheeran_20251211,2025-10-10,295,3683,59000,736600,18.41,61
future_ed_sheeran_20251211,2025-10-09,22,3705,4400,741000,18.52,62
future_ed_sheeran_20251211,2025-10-08,1,3706,200,741200,18.53,63
future_ed_sheeran_20251211,2025-10-07,412,4118,82400,823600,20.59,64
future_ed_sheeran_20251211,2025-10-06,368,4486,73600,897200,22.43,65
future_ed_sheeran_20251211,2025-10-05,686,5172,137200,1034400,25.86,66
future_ed_sheeran_20251211,2025-10-04,220,5392,44000,1078400,26.96,67
future_ed_sheeran_20251211,2025-10-03,169,5561,33800,1112200,27.81,68
future_ed_sheeran_20251211,2025-10-02,127,5688,25400,1137600,28.44,69
future_ed_sheeran_20251211,2025-10-01,307,5995,61400,1199000,29.98,70
future_ed_sheeran_20251211,2025-09-30,341,6336,68200,1267200,31.68,71
future_ed_sheeran_20251211,2025-09-29,206,6542,41200,1308400,32.71,72
future_ed_sheeran_20251211,2025-09-28,567,7109,113400,1421800,35.55,73
future_ed_sheeran_20251211,2025-09-27,215,7324,43000,1464800,36.62,74
future_ed_sheeran_20251211,2025-09-26,388,7712,77600,1542400,38.56,75
future_ed_sheeran_20251211,2025-09-25,178,7890,35600,1578000,39.45,76
future_ed_sheeran_20251211,2025-09-24,308,8198,61600,1639600,40.99,77
future_ed_sheeran_20251211,2025-09-23,426,8624,85200,1724800,43.12,78
future_ed_sheeran_20251211,2025-09-22,73,8697,14600,1739400,43.48,79
future_ed_sheeran_20251211,2025-09-21,296,8993,59200,1798600,44.96,80
future_ed_sheeran_20251211,2025-09-20,329,9322,65800,1864400,46.61,81
future_ed_sheeran_20251211,2025-09-19,226,9548,45200,1909600,47.74,82
future_ed_sheeran_20251211,2025-09-18,523,10071,104600,2014200,50.36,83
future_ed_sheeran_20251211,2025-09-17,461,10532,92200,2106400,52.66,84
future_ed_sheeran_20251211,2025-09-16,173,10705,34600,2141000,53.52,85
future_ed_sheeran_20251211,2025-09-15,290,10995,58000,2199000,54.97,86
future_ed_sheeran_20251211,2025-09-14,324,11319,64800,2263800,56.59,87
future_ed_sheeran_20251211,2025-09-13,95,11414,19000,2282800,57.07,88
future_ed_sheeran_20251211,2025-09-12,240,11654,48000,2330800,58.27,89
future_ed_sheeran_20251211,2025-09-11,230,11884,46000,2376800,59.42,90
future_ed_sheeran_20251211,2025-09-10,75,11959,15000,2391800,59.8,91
future_ed_sheeran_20251211,2025-09-09,62,12021,12400,2404200,60.1,92
future_ed_sheeran_20251211,2025-09-08,312,12333,62400,2466600,61.67,93
future_ed_sheeran_20251211,2025-09-07,37,12370,7400,2474000,61.85,94
real_metallica_20251213,2025-10-23,199,199,39800,39800,1.0,50
real_metallica_20251213,2025-10-22,393,592,78600,118400,2.96,51
real_metallica_20251213,2025-10-21,249,841,49800,168200,4.21,52
real_metallica_20251213,2025-10-20,352,1193,70400,238600,5.96,53
real_metallica_20251213,2025-10-19,54,1247,10800,249400,6.24,54
real_metallica_20251213,2025-10-18,224,1471,44800,294200,7.36,55
real_metallica_20251213,2025-10-17,356,1827,71200,365400,9.13,56
real_metallica_20251213,2025-10-16,51,1878,10200,375600,9.39,57
real_metallica_20251213,2025-10-15,124,2002,24800,400400,10.01,58
real_metallica_20251213,2025-10-14,475,2477,95000,495400,12.38,59
real_metallica_20251213,2025-10-13,572,3049,114400,609800,15.25,60
real_metallica_20251213,2025-10-12,453,3502,90600,700400,17.51,61
real_metallica_20251213,2025-10-11,516,4018,103200,803600,20.09,62
real_metallica_20251213,2025-10-10,456,4474,91200,894800,22.37,63
real_metallica_20251213,2025-10-09,761,5235,152200,1047000,26.17,64
real_metallica_20251213,2025-10-08,460,5695,92000,1139000,28.48,65
real_metallica_20251213,2025-10-07,126,5821,25200,1164200,29.1,66
real_metallica_20251213,2025-10-06,283,6104,56600,1220800,30.52,67
real_metallica_20251213,2025-10-05,533,6637,106600,1327400,33.18,68
real_metallica_20251213,2025-10-04,244,6881,48800,1376200,34.41,69
real_metallica_20251213,2025-10-03,39,6920,7800,1384000,34.6,70
real_metallica_20251213,2025-10-02,240,7160,48000,1432000,35.8,71
real_metallica_20251213,2025-10-01,163,7323,32600,1464600,36.61,72
real_metallica_20251213,2025-09-30,82,7405,16400,1481000,37.03,73
real_metallica_20251213,2025-09-29,118,7523,23600,1504600,37.61,74
real_metallica_20251213,2025-09-28,78,7601,15600,1520200,38.01,75
real_metallica_20251213,2025-09-27,65,7666,13000,1533200,38.33,76
real_metallica_20251213,2025-09-26,338,8004,67600,1600800,40.02,77
real_metallica_20251213,2025-09-25,425,8429,85000,1685800,42.14,78
real_metallica_20251213,2025-09-24,215,8644,43000,1728800,43.22,79
real_metallica_20251213,2025-09-23,20,8664,4000,1732800,43.32,80
real_metallica_20251213,2025-09-22,589,9253,117800,1850600,46.27,81
real_metallica_20251213,2025-09-21,3,9256,600,1851200,46.28,82
real_metallica_20251213,2025-09-20,305,9561,61000,1912200,47.8,83
real_metallica_20251213,2025-09-19,429,9990,85800,1998000,49.95,84
real_metallica_20251213,2025-09-18,559,10549,111800,2109800,52.74,85
real_metallica_20251213,2025-09-17,225,10774,45000,2154800,53.87,86
real_metallica_20251213,2025-09-16,279,11053,55800,2210600,55.27,87
real_metallica_20251213,2025-09-15,29,11082,5800,2216400,55.41,88
real_metallica_20251213,2025-09-14,414,11496,82800,2299200,57.48,89
real_metallica_20251213,2025-09-13,478,11974,95600,2394800,59.87,90
real_metallica_20251213,2025-09-12,318,12292,63600,2458400,61.46,91
real_metallica_20251213,2025-09-11,201,12493,40200,2498600,62.47,92
real_metallica_20251213,2025-09-10,339,12832,67800,2566400,64.16,93
real_metallica_20251213,2025-09-09,164,12996,32800,2599200,64.98,94
real_metallica_20251213,2025-09-08,236,13232,47200,2646400,66.16,95
real_metallica_20251213,2025-09-07,66,13298,13200,2659600,66.49,96
real_metallica_20251213,2025-09-06,108,13406,21600,2681200,67.03,97
real_metallica_20251213,2025-09-05,172,13578,34400,2715600,67.89,98
real_metallica_20251214,2025-10-23,388,388,77600,77600,1.94,51
real_metallica_20251214,2025-10-22,425,813,85000,162600,4.06,52
real_metallica_20251214,2025-10-21,83,896,16600,179200,4.48,53
real_metallica_20251214,2025-10-20,552,1448,110400,289600,7.24,54
real_metallica_20251214,2025-10-19,179,1627,35800,325400,8.13,55
real_metallica_20251214,2025-10-18,35,1662,7000,332400,8.31,56
real_metallica_20251214,2025-10-17,667,2329,133400,465800,11.64,57
real_metallica_20251214,2025-10-16,15,2344,3000,468800,11.72,58
real_metallica_20251214,2025-10-15,204,2548,40800,509600,12.74,59
real_metallica_20251214,2025-10-14,636,3184,127200,636800,15.92,60
real_metallica_20251214,2025-10-13,64,3248,12800,649600,16.24,61
real_metallica_20251214,2025-10-12,117,3365,23400,673000,16.83,62
real_metallica_20251214,2025-10-11,223,3588,44600,717600,17.94,63
real_metallica_20251214,2025-10-10,262,3850,52400,770000,19.25,64
real_metallica_20251214,2025-10-09,171,4021,34200,804200,20.11,65
real_metallica_20251214,2025-10-08,117,4138,23400,827600,20.69,66
real_metallica_20251214,2025-10-07,167,4305,33400,861000,21.52,67
real_metallica_20251214,2025-10-06,110,4415,22000,883000,22.07,68
real_metallica_20251214,2025-10-05,319,4734,63800,946800,23.67,69
real_metallica_20251214,2025-10-04,384,5118,76800,1023600,25.59,70
real_metallica_20251214,2025-10-03,203,5321,40600,1064200,26.61,71
real_metallica_20251214,2025-10-02,321,5642,64200,1128400,28.21,72
real_metallica_20251214,2025-10-01,356,5998,71200,1199600,29.99,73
real_metallica_20251214,2025-09-30,700,6698,140000,1339600,33.49,74
real_metallica_20251214,2025-09-29,123,6821,24600,1364200,34.11,75
real_metallica_20251214,2025-09-28,579,7400,115800,1480000,37.0,76
real_metallica_20251214,2025-09-27,355,7755,71000,1551000,38.77,77
real_metallica_20251214,2025-09-26,379,8134,75800,1626800,40.67,78
real_metallica_20251214,2025-09-25,174,8308,34800,1661600,41.54,79
real_metallica_20251214,2025-09-24,215,8523,43000,1704600,42.61,80
real_metallica_20251214,2025-09-23,108,8631,21600,1726200,43.16,81
real_metallica_20251214,2025-09-22,370,9001,74000,1800200,45.01,82
real_metallica_20251214,2025-09-21,470,9471,94000,1894200,47.36,83
real_metallica_20251214,2025-09-20,445,9916,89000,1983200,49.58,84
real_metallica_20251214,2025-09-19,267,10183,53400,2036600,50.91,85
real_metallica_20251214,2025-09-18,276,10459,55200,2091800,52.3,86
real_metallica_20251214,2025-09-17,551,11010,110200,2202000,55.05,87
real_metallica_20251214,2025-09-16,476,11486,95200,2297200,57.43,88
real_metallica_20251214,2025-09-15,274,11760,54800,2352000,58.8,89
real_metallica_20251214,2025-09-14,125,11885,25000,2377000,59.42,90
real_metallica_20251214,2025-09-13,44,11929,8800,2385800,59.65,91
real_metallica_20251214,2025-09-12,230,12159,46000,2431800,60.8,92
real_metallica_20251214,2025-09-11,237,12396,47400,2479200,61.98,93
real_metallica_20251214,2025-09-10,342,12738,68400,2547600,63.69,94
real_metallica_20251214,2025-09-09,14,12752,2800,2550400,63.76,95
real_metallica_20251214,2025-09-08,166,12918,33200,2583600,64.59,96
real_metallica_20251214,2025-09-07,54,12972,10800,2594400,64.86,97
real_metallica_20251214,2025-09-06,132,13104,26400,2620800,65.52,98
real_metallica_20251214,2025-09-05,141,13245,28200,2649000,66.22,99
real_metallica_20251214,2025-09-04,264,13509,52800,2701800,67.55,100
future_ed_sheeran_20251215,2025-10-23,87,87,17400,17400,0.43,52
future_ed_sheeran_20251215,2025-10-22,208,295,41600,59000,1.47,53
future_ed_sheeran_20251215,2025-10-21,388,683,77600,136600,3.42,54
future_ed_sheeran_20251215,2025-10-20,243,926,48600,185200,4.63,55
future_ed_sheeran_20251215,2025-10-19,502,1428,100400,285600,7.14,56
future_ed_sheeran_20251215,2025-10-18,8,1436,1600,287200,7.18,57
future_ed_sheeran_20251215,2025-10-17,113,1549,22600,309800,7.75,58
future_ed_sheeran_20251215,2025-10-16,124,1673,24800,334600,8.37,59
future_ed_sheeran_20251215,2025-10-15,297,1970,59400,394000,9.85,60
future_ed_sheeran_20251215,2025-10-14,283,2253,56600,450600,11.27,61
future_ed_sheeran_20251215,2025-10-13,217,2470,43400,494000,12.35,62
future_ed_sheeran_20251215,2025-10-12,563,3033,112600,606600,15.17,63
future_ed_sheeran_20251215,2025-10-11,359,3392,71800,678400,16.96,64
future_ed_sheeran_20251215,2025-10-10,156,3548,31200,709600,17.74,65
future_ed_sheeran_20251215,2025-10-09,61,3609,12200,721800,18.05,66
future_ed_sheeran_20251215,2025-10-08,323,3932,64600,786400,19.66,67
future_ed_sheeran_20251215,2025-10-07,274,4206,54800,841200,21.03,68
future_ed_sheeran_20251215,2025-10-06,189,4395,37800,879000,21.98,69
future_ed_sheeran_20251215,2025-10-05,247,4642,49400,928400,23.21,70
future_ed_sheeran_20251215,2025-10-04,301,4943,60200,988600,24.71,71
future_ed_sheeran_20251215,2025-10-03,537,5480,107400,1096000,27.4,72
future_ed_sheeran_20251215,2025-10-02,102,5582,20400,1116400,27.91,73
future_ed_sheeran_20251215,2025-10-01,303,5885,60600,1177000,29.43,74
future_ed_sheeran_20251215,2025-09-30,91,5976,18200,1195200,29.88,75
future_ed_sheeran_20251215,2025-09-29,362,6338,72400,1267600,31.69,76
future_ed_sheeran_20251215,2025-09-28,140,6478,28000,1295600,32.39,77
future_ed_sheeran_20251215,2025-09-27,27,6505,5400,1301000,32.52,78
future_ed_sheeran_20251215,2025-09-26,357,6862,71400,1372400,34.31,79
future_ed_sheeran_20251215,2025-09-25,653,7515,130600,1503000,37.57,80
future_ed_sheeran_20251215,2025-09-24,502,8017,100400,1603400,40.09,81
future_ed_sheeran_20251215,2025-09-23,6,8023,1200,1604600,40.12,82
future_ed_sheeran_20251215,2025-09-22,480,8503,96000,1700600,42.52,83
future_ed_sheeran_20251215,2025-09-21,174,8677,34800,1735400,43.38,84
future_ed_sheeran_20251215,2025-09-20,26,8703,5200,1740600,43.52,85
future_ed_sheeran_20251215,2025-09-19,244,8947,48800,1789400,44.73,86
future_ed_sheeran_20251215,2025-09-18,33,8980,6600,1796000,44.9,87
future_ed_sheeran_20251215,2025-09-17,37,9017,7400,1803400,45.08,88
future_ed_sheeran_20251215,2025-09-16,54,9071,10800,1814200,45.36,89
future_ed_sheeran_20251215,2025-09-15,288,9359,57600,1871800,46.79,90
future_ed_sheeran_20251215,2025-09-14,43,9402,8600,1880400,47.01,91
future_ed_sheeran_20251215,2025-09-13,60,9462,12000,1892400,47.31,92
future_ed_sheeran_20251215,2025-09-12,213,9675,42600,1935000,48.38,93
future_ed_sheeran_20251215,2025-09-11,316,9991,63200,1998200,49.95,94
future_ed_sheeran_20251215,2025-09-10,133,10124,26600,2024800,50.62,95
future_ed_sheeran_20251215,2025-09-09,232,10356,46400,2071200,51.78,96
future_ed_sheeran_20251215,2025-09-08,219,10575,43800,2115000,52.88,97
future_ed_sheeran_20251215,2025-09-07,158,10733,31600,2146600,53.66,98
future_ed_sheeran_20251215,2025-09-06,25,10758,5000,2151600,53.79,99
future_ed_sheeran_20251215,2025-09-05,106,10864,21200,2172800,54.32,100
future_ed_sheeran_20251215,2025-09-04,135,10999,27000,2199800,55.0,101
future_ed_sheeran_20251215,2025-09-03,80,11079,16000,2215800,55.4,102
future_taylor_swift_20260103,2025-10-23,282,282,56400,56400,1.41,71
future_taylor_swift_20260103,2025-10-22,1,283,200,56600,1.42,72
future_taylor_swift_20260103,2025-10-21,481,764,96200,152800,3.82,73
future_taylor_swift_20260103,2025-10-20,118,882,23600,176400,4.41,74
future_taylor_swift_20260103,2025-10-19,144,1026,28800,205200,5.13,75
future_taylor_swift_20260103,2025-10-18,464,1490,92800,298000,7.45,76
future_taylor_swift_20260103,2025-10-17,119,1609,23800,321800,8.04,77
future_taylor_swift_20260103,2025-10-16,806,2415,161200,483000,12.07,78
future_taylor_swift_20260103,2025-10-15,603,3018,120600,603600,15.09,79
future_taylor_swift_20260103,2025-10-14,202,3220,40400,644000,16.1,80
future_taylor_swift_20260103,2025-10-13,230,3450,46000,690000,17.25,81
future_taylor_swift_20260103,2025-10-12,272,3722,54400,744400,18.61,82
future_taylor_swift_20260103,2025-10-11,73,3795,14600,759000,18.98,83
future_taylor_swift_20260103,2025-10-10,157,3952,31400,790400,19.76,84
future_taylor_swift_20260103,2025-10-09,582,4534,116400,906800,22.67,85
future_taylor_swift_20260103,2025-10-08,449,4983,89800,996600,24.92,86
future_taylor_swift_20260103,2025-10-07,352,5335,70400,1067000,26.67,87
future_taylor_swift_20260103,2025-10-06,206,5541,41200,1108200,27.71,88
future_taylor_swift_20260103,2025-10-05,512,6053,102400,1210600,30.26,89
future_taylor_swift_20260103,2025-10-04,448,6501,89600,1300200,32.51,90
future_taylor_swift_20260103,2025-10-03,10,6511,2000,1302200,32.55,91
future_taylor_swift_20260103,2025-10-02,376,6887,75200,1377400,34.44,92
future_taylor_swift_20260103,2025-10-01,128,7015,25600,1403000,35.08,93
future_taylor_swift_20260103,2025-09-30,58,7073,11600,1414600,35.37,94
future_taylor_swift_20260103,2025-09-29,428,7501,85600,1500200,37.51,95
future_taylor_swift_20260103,2025-09-28,300,7801,60000,1560200,39.01,96
future_taylor_swift_20260103,2025-09-27,391,8192,78200,1638400,40.96,97
future_taylor_swift_20260103,2025-09-26,137,8329,27400,1665800,41.64,98
future_taylor_swift_20260103,2025-09-25,89,8418,17800,1683600,42.09,99
future_taylor_swift_20260103,2025-09-24,333,8751,66600,1750200,43.76,100
future_taylor_swift_20260103,2025-09-23,142,8893,28400,1778600,44.46,101
future_taylor_swift_20260103,2025-09-22,149,9042,29800,1808400,45.21,102
future_taylor_swift_20260103,2025-09-21,251,9293,50200,1858600,46.47,103
future_taylor_swift_20260103,2025-09-20,240,9533,48000,1906600,47.66,104
future_taylor_swift_20260103,2025-09-19,170,9703,34000,1940600,48.52,105
future_taylor_swift_20260103,2025-09-18,53,9756,10600,1951200,48.78,106
future_taylor_swift_20260103,2025-09-17,168,9924,33600,1984800,49.62,107
future_taylor_swift_20260103,2025-09-16,253,10177,50600,2035400,50.89,108
future_taylor_swift_20260103,2025-09-15,205,10382,41000,2076400,51.91,109
future_taylor_swift_20260103,2025-09-14,281,10663,56200,2132600,53.31,110
future_taylor_swift_20260103,2025-09-13,22,10685,4400,2137000,53.42,111
future_taylor_swift_20260103,2025-09-12,165,10850,33000,2170000,54.25,112
future_taylor_swift_20260103,2025-09-11,197,11047,39400,2209400,55.23,113
future_taylor_swift_20260103,2025-09-10,263,11310,52600,2262000,56.55,114
future_taylor_swift_20260103,2025-09-08,277,11587,55400,2317400,57.94,116
future_taylor_swift_20260103,2025-09-07,27,11614,5400,2322800,58.07,117
future_taylor_swift_20260103,2025-09-06,92,11706,18400,2341200,58.53,118
future_taylor_swift_20260103,2025-09-05,255,11961,51000,2392200,59.8,119
future_taylor_swift_20260103,2025-09-04,26,11987,5200,2397400,59.94,120
future_taylor_swift_20260103,2025-09-03,140,12127,28000,2425400,60.63,121
future_taylor_swift_20260103,2025-09-02,73,12200,14600,2440000,61.0,122
future_taylor_swift_20260103,2025-09-01,248,12448,49600,2489600,62.24,123
future_taylor_swift_20260103,2025-08-31,161,12609,32200,2521800,63.04,124
future_taylor_swift_20260103,2025-08-30,122,12731,24400,2546200,63.65,125
future_taylor_swift_20260103,2025-08-29,159,12890,31800,2578000,64.45,126
future_taylor_swift_20260103,2025-08-28,282,13172,56400,2634400,65.86,127
future_taylor_swift_20260103,2025-08-27,115,13287,23000,2657400,66.44,128
future_taylor_swift_20260103,2025-08-26,116,13403,23200,2680600,67.02,129
future_taylor_swift_20260103,2025-08-25,60,13463,12000,2692600,67.31,130
future_taylor_swift_20260103,2025-08-24,78,13541,15600,2708200,67.7,131
future_taylor_swift_20260103,2025-08-23,149,13690,29800,2738000,68.45,132
future_taylor_swift_20260103,2025-08-22,139,13829,27800,2765800,69.14,133
future_taylor_swift_20260103,2025-08-21,247,14076,49400,2815200,70.38,134
future_taylor_swift_20260103,2025-08-20,249,14325,49800,2865000,71.62,135
future_taylor_swift_20260103,2025-08-19,74,14399,14800,2879800,72.0,136
future_taylor_swift_20260103,2025-08-18,260,14659,52000,2931800,73.3,137
future_taylor_swift_20260103,2025-08-17,69,14728,13800,2945600,73.64,138
future_taylor_swift_20260103,2025-08-16,141,14869,28200,2973800,74.34,139
future_taylor_swift_20260103,2025-08-15,437,15306,87400,3061200,76.53,140
future_the_weeknd_20260106,2025-10-23,403,403,80600,80600,2.02,74
future_the_weeknd_20260106,2025-10-22,420,823,84000,164600,4.12,75
future_the_weeknd_20260106,2025-10-21,185,1008,37000,201600,5.04,76
future_the_weeknd_20260106,2025-10-20,300,1308,60000,261600,6.54,77
future_the_weeknd_20260106,2025-10-19,501,1809,100200,361800,9.04,78
future_the_weeknd_20260106,2025-10-18,457,2266,91400,453200,11.33,79
future_the_weeknd_20260106,2025-10-17,176,2442,35200,488400,12.21,80
future_the_weeknd_20260106,2025-10-16,390,2832,78000,566400,14.16,81
future_the_weeknd_20260106,2025-10-15,233,3065,46600,613000,15.32,82
future_the_weeknd_20260106,2025-10-14,193,3258,38600,651600,16.29,83
future_the_weeknd_20260106,2025-10-13,244,3502,48800,700400,17.51,84
future_the_weeknd_20260106,2025-10-12,239,3741,47800,748200,18.7,85
future_the_weeknd_20260106,2025-10-11,420,4161,84000,832200,20.8,86
future_the_weeknd_20260106,2025-10-10,242,4403,48400,880600,22.02,87
future_the_weeknd_20260106,2025-10-09,390,4793,78000,958600,23.96,88
future_the_weeknd_20260106,2025-10-08,339,5132,67800,1026400,25.66,89
future_the_weeknd_20260106,2025-10-07,155,5287,31000,1057400,26.43,90
future_the_weeknd_20260106,2025-10-06,18,5305,3600,1061000,26.52,91
future_the_weeknd_20260106,2025-10-05,151,5456,30200,1091200,27.28,92
future_the_weeknd_20260106,2025-10-04,25,5481,5000,1096200,27.41,93
future_the_weeknd_20260106,2025-10-03,225,5706,45000,1141200,28.53,94
future_the_weeknd_20260106,2025-10-02,116,5822,23200,1164400,29.11,95
future_the_weeknd_20260106,2025-10-01,36,5858,7200,1171600,29.29,96
future_the_weeknd_20260106,2025-09-30,79,5937,15800,1187400,29.68,97
future_the_weeknd_20260106,2025-09-29,67,6004,13400,1200800,30.02,98
future_the_weeknd_20260106,2025-09-28,177,6181,35400,1236200,30.9,99
future_the_weeknd_20260106,2025-09-27,41,6222,8200,1244400,31.11,100
future_the_weeknd_20260106,2025-09-26,345,6567,69000,1313400,32.84,101
future_the_weeknd_20260106,2025-09-25,194,6761,38800,1352200,33.8,102
future_the_weeknd_20260106,2025-09-24,320,7081,64000,1416200,35.41,103
future_the_weeknd_20260106,2025-09-23,249,7330,49800,1466000,36.65,104
future_the_weeknd_20260106,2025-09-22,18,7348,3600,1469600,36.74,105
future_the_weeknd_20260106,2025-09-21,120,7468,24000,1493600,37.34,106
future_the_weeknd_20260106,2025-09-20,147,7615,29400,1523000,38.07,107
future_the_weeknd_20260106,2025-09-19,382,7997,76400,1599400,39.98,108
future_the_weeknd_20260106,2025-09-18,25,8022,5000,1604400,40.11,109
future_the_weeknd_20260106,2025-09-17,360,8382,72000,1676400,41.91,110
future_the_weeknd_20260106,2025-09-16,227,8609,45400,1721800,43.05,111
future_the_weeknd_20260106,2025-09-15,76,8685,15200,1737000,43.43,112
future_the_weeknd_20260106,2025-09-14,23,8708,4600,1741600,43.54,113
future_the_weeknd_20260106,2025-09-13,14,8722,2800,1744400,43.61,114
future_the_weeknd_20260106,2025-09-12,95,8817,19000,1763400,44.09,115
future_the_weeknd_20260106,2025-09-11,125,8942,25000,1788400,44.71,116
future_the_weeknd_20260106,2025-09-10,289,9231,57800,1846200,46.16,117
future_the_weeknd_20260106,2025-09-09,92,9323,18400,1864600,46.62,118
future_the_weeknd_20260106,2025-09-08,20,9343,4000,1868600,46.72,119
future_the_weeknd_20260106,2025-09-07,195,9538,39000,1907600,47.69,120
future_the_weeknd_20260106,2025-09-06,123,9661,24600,1932200,48.3,121
future_the_weeknd_20260106,2025-09-05,73,9734,14600,1946800,48.67,122
future_the_weeknd_20260106,2025-09-04,163,9897,32600,1979400,49.48,123
future_the_weeknd_20260106,2025-09-03,65,9962,13000,1992400,49.81,124
future_the_weeknd_20260106,2025-09-02,238,10200,47600,2040000,51.0,125
future_the_weeknd_20260106,2025-09-01,346,10546,69200,2109200,52.73,126
future_the_weeknd_20260106,2025-08-31,37,10583,7400,2116600,52.91,127
future_the_weeknd_20260106,2025-08-30,176,10759,35200,2151800,53.8,128
future_the_weeknd_20260106,2025-08-29,153,10912,30600,2182400,54.56,129
future_the_weeknd_20260106,2025-08-28,217,11129,43400,2225800,55.65,130
future_the_weeknd_20260106,2025-08-27,233,11362,46600,2272400,56.81,131
future_the_weeknd_20260106,2025-08-26,101,11463,20200,2292600,57.32,132
future_the_weeknd_20260106,2025-08-25,247,11710,49400,2342000,58.55,133
future_the_weeknd_20260106,2025-08-24,97,11807,19400,2361400,59.04,134
future_the_weeknd_20260106,2025-08-23,294,12101,58800,2420200,60.5,135
future_the_weeknd_20260106,2025-08-22,179,12280,35800,2456000,61.4,136
future_the_weeknd_20260106,2025-08-21,212,12492,42400,2498400,62.46,137
future_the_weeknd_20260106,2025-08-20,140,12632,28000,2526400,63.16,138
future_the_weeknd_20260106,2025-08-19,12,12644,2400,2528800,63.22,139
future_the_weeknd_20260106,2025-08-18,381,13025,76200,2605000,65.12,140
future_the_weeknd_20260106,2025-08-17,146,13171,29200,2634200,65.85,141
future_the_weeknd_20260106,2025-08-16,117,13288,23400,2657600,66.44,142
future_the_weeknd_20260106,2025-08-15,180,13468,36000,2693600,67.34,143
future_the_weeknd_20260106,2025-08-14,48,13516,9600,2703200,67.58,144
future_the_weeknd_20260106,2025-08-13,70,13586,14000,2717200,67.93,145
future_the_weeknd_20260106,2025-08-12,321,13907,64200,2781400,69.53,146
real_metallica_20260110,2025-10-23,316,316,63200,63200,1.58,78
real_metallica_20260110,2025-10-22,34,350,6800,70000,1.75,79
real_metallica_20260110,2025-10-21,134,484,26800,96800,2.42,80
real_metallica_20260110,2025-10-20,151,635,30200,127000,3.17,81
real_metallica_20260110,2025-10-19,212,847,42400,169400,4.23,82
real_metallica_20260110,2025-10-18,67,914,13400,182800,4.57,83
real_metallica_20260110,2025-10-17,374,1288,74800,257600,6.44,84
real_metallica_20260110,2025-10-16,279,1567,55800,313400,7.83,85
real_metallica_20260110,2025-10-15,263,1830,52600,366000,9.15,86
real_metallica_20260110,2025-10-14,493,2323,98600,464600,11.62,87
real_metallica_20260110,2025-10-13,302,2625,60400,525000,13.12,88
real_metallica_20260110,2025-10-12,346,2971,69200,594200,14.85,89
real_metallica_20260110,2025-10-11,479,3450,95800,690000,17.25,90
real_metallica_20260110,2025-10-10,72,3522,14400,704400,17.61,91
real_metallica_20260110,2025-10-09,115,3637,23000,727400,18.19,92
real_metallica_20260110,2025-10-08,370,4007,74000,801400,20.04,93
real_metallica_20260110,2025-10-07,203,4210,40600,842000,21.05,94
real_metallica_20260110,2025-10-06,411,4621,82200,924200,23.11,95
real_metallica_20260110,2025-10-05,46,4667,9200,933400,23.34,96
real_metallica_20260110,2025-10-04,7,4674,1400,934800,23.37,97
real_metallica_20260110,2025-10-03,63,4737,12600,947400,23.69,98
real_metallica_20260110,2025-10-02,134,4871,26800,974200,24.36,99
real_metallica_20260110,2025-10-01,326,5197,65200,1039400,25.99,100
real_metallica_20260110,2025-09-30,55,5252,11000,1050400,26.26,101
real_metallica_20260110,2025-09-29,241,5493,48200,1098600,27.46,102
real_metallica_20260110,2025-09-28,143,5636,28600,1127200,28.18,103
real_metallica_20260110,2025-09-27,113,5749,22600,1149800,28.74,104
real_metallica_20260110,2025-09-26,325,6074,65000,1214800,30.37,105
real_metallica_20260110,2025-09-25,358,6432,71600,1286400,32.16,106
real_metallica_20260110,2025-09-24,209,6641,41800,1328200,33.2,107
real_metallica_20260110,2025-09-23,11,6652,2200,1330400,33.26,108
real_metallica_20260110,2025-09-22,155,6807,31000,1361400,34.03,109
real_metallica_20260110,2025-09-21,118,6925,23600,1385000,34.62,110
real_metallica_20260110,2025-09-20,137,7062,27400,1412400,35.31,111
real_metallica_20260110,2025-09-19,116,7178,23200,1435600,35.89,112
real_metallica_20260110,2025-09-18,276,7454,55200,1490800,37.27,113
real_metallica_20260110,2025-09-17,79,7533,15800,1506600,37.66,114
real_metallica_20260110,2025-09-16,335,7868,67000,1573600,39.34,115
real_metallica_20260110,2025-09-15,125,7993,25000,1598600,39.97,116
real_metallica_20260110,2025-09-14,143,8136,28600,1627200,40.68,117
real_metallica_20260110,2025-09-13,94,8230,18800,1646000,41.15,118
real_metallica_20260110,2025-09-12,113,8343,22600,1668600,41.72,119
real_metallica_20260110,2025-09-11,437,8780,87400,1756000,43.9,120
real_metallica_20260110,2025-09-10,188,8968,37600,1793600,44.84,121
real_metallica_20260110,2025-09-09,330,9298,66000,1859600,46.49,122
real_metallica_20260110,2025-09-08,203,9501,40600,1900200,47.5,123
real_metallica_20260110,2025-09-07,62,9563,12400,1912600,47.82,124
real_metallica_20260110,2025-09-06,421,9984,84200,1996800,49.92,125
real_metallica_20260110,2025-09-05,108,10092,21600,2018400,50.46,126
real_metallica_20260110,2025-09-04,305,10397,61000,2079400,51.99,127
real_metallica_20260110,2025-09-03,25,10422,5000,2084400,52.11,128
real_metallica_20260110,2025-09-02,124,10546,24800,2109200,52.73,129
real_metallica_20260110,2025-09-01,210,10756,42000,2151200,53.78,130
real_metallica_20260110,2025-08-31,195,10951,39000,2190200,54.75,131
real_metallica_20260110,2025-08-30,300,11251,60000,2250200,56.26,132
real_metallica_20260110,2025-08-29,222,11473,44400,2294600,57.37,133
real_metallica_20260110,2025-08-28,198,11671,39600,2334200,58.36,134
real_metallica_20260110,2025-08-27,152,11823,30400,2364600,59.11,135
real_metallica_20260110,2025-08-26,37,11860,7400,2372000,59.3,136
real_metallica_20260110,2025-08-25,256,12116,51200,2423200,60.58,137
real_metallica_20260110,2025-08-24,56,12172,11200,2434400,60.86,138
real_metallica_20260110,2025-08-23,13,12185,2600,2437000,60.92,139
real_metallica_20260110,2025-08-22,91,12276,18200,2455200,61.38,140
real_metallica_20260110,2025-08-21,121,12397,24200,2479400,61.98,141
real_metallica_20260110,2025-08-20,8,12405,1600,2481000,62.02,142
real_metallica_20260110,2025-08-19,13,12418,2600,2483600,62.09,143
real_metallica_20260110,2025-08-18,107,12525,21400,2505000,62.62,144
real_metallica_20260110,2025-08-17,32,12557,6400,2511400,62.79,145
real_metallica_20260110,2025-08-16,185,12742,37000,2548400,63.71,146
real_metallica_20260110,2025-08-15,55,12797,11000,2559400,63.98,147
real_metallica_20260110,2025-08-14,113,12910,22600,2582000,64.55,148
real_metallica_20260110,2025-08-13,22,12932,4400,2586400,64.66,149
real_metallica_20260110,2025-08-12,337,13269,67400,2653800,66.34,150
real_metallica_20260110,2025-08-11,234,13503,46800,2700600,67.52,151
real_metallica_20260110,2025-08-10,15,13518,3000,2703600,67.59,152
real_metallica_20260110,2025-08-09,122,13640,24400,2728000,68.2,153
real_metallica_20260110,2025-08-08,218,13858,43600,2771600,69.29,154
real_metallica_20260111,2025-10-23,502,502,100400,100400,2.51,79
real_metallica_20260111,2025-10-22,454,956,90800,191200,4.78,80
real_metallica_20260111,2025-10-21,41,997,8200,199400,4.98,81
real_metallica_20260111,2025-10-20,75,1072,15000,214400,5.36,82
real_metallica_20260111,2025-10-19,140,1212,28000,242400,6.06,83
real_metallica_20260111,2025-10-18,599,1811,119800,362200,9.05,84
real_metallica_20260111,2025-10-17,332,2143,66400,428600,10.71,85
real_metallica_20260111,2025-10-16,305,2448,61000,489600,12.24,86
real_metallica_20260111,2025-10-15,464,2912,92800,582400,14.56,87
real_metallica_20260111,2025-10-14,440,3352,88000,670400,16.76,88
real_metallica_20260111,2025-10-13,58,3410,11600,682000,17.05,89
real_metallica_20260111,2025-10-12,666,4076,133200,815200,20.38,90
real_metallica_20260111,2025-10-11,282,4358,56400,871600,21.79,91
real_metallica_20260111,2025-10-10,110,4468,22000,893600,22.34,92
real_metallica_20260111,2025-10-09,116,4584,23200,916800,22.92,93
real_metallica_20260111,2025-10-08,232,4816,46400,963200,24.08,94
real_metallica_20260111,2025-10-07,48,4864,9600,972800,24.32,95
real_metallica_20260111,2025-10-06,160,5024,32000,1004800,25.12,96
real_metallica_20260111,2025-10-05,191,5215,38200,1043000,26.07,97
real_metallica_20260111,2025-10-04,351,5566,70200,1113200,27.83,98
real_metallica_20260111,2025-10-03,34,5600,6800,1120000,28.0,99
real_metallica_20260111,2025-10-02,21,5621,4200,1124200,28.11,100
real_metallica_20260111,2025-10-01,24,5645,4800,1129000,28.23,101
real_metallica_20260111,2025-09-30,190,5835,38000,1167000,29.18,102
real_metallica_20260111,2025-09-29,284,6119,56800,1223800,30.59,103
real_metallica_20260111,2025-09-28,143,6262,28600,1252400,31.31,104
real_metallica_20260111,2025-09-27,343,6605,68600,1321000,33.02,105
real_metallica_20260111,2025-09-26,90,6695,18000,1339000,33.48,106
real_metallica_20260111,2025-09-25,384,7079,76800,1415800,35.39,107
real_metallica_20260111,2025-09-24,26,7105,5200,1421000,35.52,108
real_metallica_20260111,2025-09-23,307,7412,61400,1482400,37.06,109
real_metallica_20260111,2025-09-22,53,7465,10600,1493000,37.33,110
real_metallica_20260111,2025-09-21,108,7573,21600,1514600,37.87,111
real_metallica_20260111,2025-09-20,123,7696,24600,1539200,38.48,112
real_metallica_20260111,2025-09-19,27,7723,5400,1544600,38.62,113
real_metallica_20260111,2025-09-18,284,8007,56800,1601400,40.03,114
real_metallica_20260111,2025-09-17,142,8149,28400,1629800,40.74,115
real_metallica_20260111,2025-09-16,219,8368,43800,1673600,41.84,116
real_metallica_20260111,2025-09-15,392,8760,78400,1752000,43.8,117
real_metallica_20260111,2025-09-14,314,9074,62800,1814800,45.37,118
real_metallica_20260111,2025-09-13,285,9359,57000,1871800,46.79,119
real_metallica_20260111,2025-09-12,168,9527,33600,1905400,47.63,120
real_metallica_20260111,2025-09-11,136,9663,27200,1932600,48.32,121
real_metallica_20260111,2025-09-10,69,9732,13800,1946400,48.66,122
real_metallica_20260111,2025-09-09,158,9890,31600,1978000,49.45,123
real_metallica_20260111,2025-09-08,179,10069,35800,2013800,50.34,124
real_metallica_20260111,2025-09-07,36,10105,7200,2021000,50.52,125
real_metallica_20260111,2025-09-06,205,10310,41000,2062000,51.55,126
real_metallica_20260111,2025-09-05,189,10499,37800,2099800,52.5,127
real_metallica_20260111,2025-09-04,15,10514,3000,2102800,52.57,128
real_metallica_20260111,2025-09-03,135,10649,27000,2129800,53.24,129
real_metallica_20260111,2025-09-02,107,10756,21400,2151200,53.78,130
real_metallica_20260111,2025-09-01,80,10836,16000,2167200,54.18,131
real_metallica_20260111,2025-08-31,166,11002,33200,2200400,55.01,132
real_metallica_20260111,2025-08-30,290,11292,58000,2258400,56.46,133
real_metallica_20260111,2025-08-29,26,11318,5200,2263600,56.59,134
real_metallica_20260111,2025-08-28,193,11511,38600,2302200,57.55,135
real_metallica_20260111,2025-08-27,345,11856,69000,2371200,59.28,136
real_metallica_20260111,2025-08-26,113,11969,22600,2393800,59.85,137
real_metallica_20260111,2025-08-25,248,12217,49600,2443400,61.09,138
real_metallica_20260111,2025-08-24,212,12429,42400,2485800,62.14,139
real_metallica_20260111,2025-08-23,262,12691,52400,2538200,63.45,140
real_metallica_20260111,2025-08-22,110,12801,22000,2560200,64.0,141
real_metallica_20260111,2025-08-21,173,12974,34600,2594800,64.87,142
real_metallica_20260111,2025-08-20,249,13223,49800,2644600,66.11,143
real_metallica_20260111,2025-08-19,157,13380,31400,2676000,66.9,144
real_metallica_20260111,2025-08-18,101,13481,20200,2696200,67.41,145
real_metallica_20260111,2025-08-17,56,13537,11200,2707400,67.69,146
real_metallica_20260111,2025-08-16,77,13614,15400,2722800,68.07,147
real_metallica_20260111,2025-08-15,392,14006,78400,2801200,70.03,148
real_metallica_20260111,2025-08-14,65,14071,13000,2814200,70.36,149
real_metallica_20260111,2025-08-13,61,14132,12200,2826400,70.66,150
real_metallica_20260111,2025-08-12,110,14242,22000,2848400,71.21,151
real_metallica_20260111,2025-08-11,97,14339,19400,2867800,71.69,152
real_metallica_20260111,2025-08-10,117,14456,23400,2891200,72.28,153
real_metallica_20260111,2025-08-09,342,14798,68400,2959600,73.99,154
real_metallica_20260111,2025-08-08,36,14834,7200,2966800,74.17,155
real_metallica_20260111,2025-08-07,21,14855,4200,2971000,74.28,156
real_metallica_20260117,2025-10-23,470,470,94000,94000,2.35,85
real_metallica_20260117,2025-10-22,320,790,64000,158000,3.95,86
real_metallica_20260117,2025-10-21,587,1377,117400,275400,6.88,87
real_metallica_20260117,2025-10-20,427,1804,85400,360800,9.02,88
real_metallica_20260117,2025-10-19,207,2011,41400,402200,10.05,89
real_metallica_20260117,2025-10-18,166,2177,33200,435400,10.88,90
real_metallica_20260117,2025-10-17,158,2335,31600,467000,11.68,91
real_metallica_20260117,2025-10-16,185,2520,37000,504000,12.6,92
real_metallica_20260117,2025-10-15,27,2547,5400,509400,12.73,93
real_metallica_20260117,2025-10-14,205,2752,41000,550400,13.76,94
real_metallica_20260117,2025-10-13,202,2954,40400,590800,14.77,95
real_metallica_20260117,2025-10-12,381,3335,76200,667000,16.68,96
real_metallica_20260117,2025-10-11,170,3505,34000,701000,17.52,97
real_metallica_20260117,2025-10-10,39,3544,7800,708800,17.72,98
real_metallica_20260117,2025-10-09,58,3602,11600,720400,18.01,99
real_metallica_20260117,2025-10-08,99,3701,19800,740200,18.5,100
real_metallica_20260117,2025-10-07,178,3879,35600,775800,19.39,101
real_metallica_20260117,2025-10-06,75,3954,15000,790800,19.77,102
real_metallica_20260117,2025-10-05,37,3991,7400,798200,19.96,103
real_metallica_20260117,2025-10-04,88,4079,17600,815800,20.39,104
real_metallica_20260117,2025-10-03,335,4414,67000,882800,22.07,105
real_metallica_20260117,2025-10-02,197,4611,39400,922200,23.05,106
real_metallica_20260117,2025-10-01,237,4848,47400,969600,24.24,107
real_metallica_20260117,2025-09-30,389,5237,77800,1047400,26.19,108
real_metallica_20260117,2025-09-29,348,5585,69600,1117000,27.93,109
real_metallica_20260117,2025-09-28,289,5874,57800,1174800,29.37,110
real_metallica_20260117,2025-09-27,319,6193,63800,1238600,30.96,111
real_metallica_20260117,2025-09-26,161,6354,32200,1270800,31.77,112
real_metallica_20260117,2025-09-25,17,6371,3400,1274200,31.86,113
real_metallica_20260117,2025-09-24,323,6694,64600,1338800,33.47,114
real_metallica_20260117,2025-09-23,140,6834,28000,1366800,34.17,115
real_metallica_20260117,2025-09-22,180,7014,36000,1402800,35.07,116
real_metallica_20260117,2025-09-21,158,7172,31600,1434400,35.86,117
real_metallica_20260117,2025-09-20,19,7191,3800,1438200,35.95,118
real_metallica_20260117,2025-09-19,73,7264,14600,1452800,36.32,119
real_metallica_20260117,2025-09-18,23,7287,4600,1457400,36.44,120
real_metallica_20260117,2025-09-17,259,7546,51800,1509200,37.73,121
real_metallica_20260117,2025-09-16,297,7843,59400,1568600,39.22,122
real_metallica_20260117,2025-09-15,21,7864,4200,1572800,39.32,123
real_metallica_20260117,2025-09-14,292,8156,58400,1631200,40.78,124
real_metallica_20260117,2025-09-13,164,8320,32800,1664000,41.6,125
real_metallica_20260117,2025-09-12,256,8576,51200,1715200,42.88,126
real_metallica_20260117,2025-09-11,15,8591,3000,1718200,42.95,127
real_metallica_20260117,2025-09-10,175,8766,35000,1753200,43.83,128
real_metallica_20260117,2025-09-09,86,8852,17200,1770400,44.26,129
real_metallica_20260117,2025-09-08,88,8940,17600,1788000,44.7,130
real_metallica_20260117,2025-09-07,181,9121,36200,1824200,45.61,131
real_metallica_20260117,2025-09-06,224,9345,44800,1869000,46.73,132
real_metallica_20260117,2025-09-05,312,9657,62400,1931400,48.28,133
real_metallica_20260117,2025-09-04,95,9752,19000,1950400,48.76,134
real_metallica_20260117,2025-09-03,198,9950,39600,1990000,49.75,135
real_metallica_20260117,2025-09-02,173,10123,34600,2024600,50.62,136
real_metallica_20260117,2025-09-01,26,10149,5200,2029800,50.74,137
real_metallica_20260117,2025-08-31,331,10480,66200,2096000,52.4,138
real_metallica_20260117,2025-08-30,168,10648,33600,2129600,53.24,139
real_metallica_20260117,2025-08-29,173,10821,34600,2164200,54.11,140
real_metallica_20260117,2025-08-28,129,10950,25800,2190000,54.75,141
real_metallica_20260117,2025-08-27,336,11286,67200,2257200,56.43,142
real_metallica_20260117,2025-08-26,308,11594,61600,2318800,57.97,143
real_metallica_20260117,2025-08-25,170,11764,34000,2352800,58.82,144
real_metallica_20260117,2025-08-24,169,11933,33800,2386600,59.66,145
real_metallica_20260117,2025-08-23,89,12022,17800,2404400,60.11,146
real_metallica_20260117,2025-08-22,200,12222,40000,2444400,61.11,147
real_metallica_20260117,2025-08-21,181,12403,36200,2480600,62.02,148
real_metallica_20260117,2025-08-20,158,12561,31600,2512200,62.8,149
real_metallica_20260117,2025-08-19,329,12890,65800,2578000,64.45,150
real_metallica_20260117,2025-08-18,416,13306,83200,2661200,66.53,151
real_metallica_20260117,2025-08-17,179,13485,35800,2697000,67.42,152
real_metallica_20260117,2025-08-16,378,13863,75600,2772600,69.31,153
real_metallica_20260117,2025-08-15,95,13958,19000,2791600,69.79,154
real_metallica_20260117,2025-08-14,216,14174,43200,2834800,70.87,155
real_metallica_20260117,2025-08-13,9,14183,1800,2836600,70.91,156
real_metallica_20260117,2025-08-12,92,14275,18400,2855000,71.38,157
real_metallica_20260117,2025-08-11,174,14449,34800,2889800,72.25,158
real_metallica_20260117,2025-08-10,248,14697,49600,2939400,73.48,159
real_metallica_20260117,2025-08-09,35,14732,7000,2946400,73.66,160
real_metallica_20260117,2025-08-08,75,14807,15000,2961400,74.03,161
real_metallica_20260117,2025-08-07,51,14858,10200,2971600,74.29,162
real_metallica_20260117,2025-08-06,276,15134,55200,3026800,75.67,163
real_metallica_20260117,2025-08-05,452,15586,90400,3117200,77.93,164
real_metallica_20260117,2025-08-04,338,15924,67600,3184800,79.62,165
real_metallica_20260117,2025-08-03,67,15991,13400,3198200,79.95,166
real_metallica_20260117,2025-08-02,78,16069,15600,3213800,80.34,167
real_metallica_20260117,2025-08-01,212,16281,42400,3256200,81.41,168
real_metallica_20260118,2025-10-23,639,639,127800,127800,3.19,86
real_metallica_20260118,2025-10-22,169,808,33800,161600,4.04,87
real_metallica_20260118,2025-10-21,44,852,8800,170400,4.26,88
real_metallica_20260118,2025-10-20,243,1095,48600,219000,5.47,89
real_metallica_20260118,2025-10-19,625,1720,125000,344000,8.6,90
real_metallica_20260118,2025-10-18,229,1949,45800,389800,9.74,91
real_metallica_20260118,2025-10-17,61,2010,12200,402000,10.05,92
real_metallica_20260118,2025-10-16,240,2250,48000,450000,11.25,93
real_metallica_20260118,2025-10-15,99,2349,19800,469800,11.74,94
real_metallica_20260118,2025-10-14,292,2641,58400,528200,13.21,95
real_metallica_20260118,2025-10-13,472,3113,94400,622600,15.57,96
real_metallica_20260118,2025-10-12,398,3511,79600,702200,17.55,97
real_metallica_20260118,2025-10-11,270,3781,54000,756200,18.91,98
real_metallica_20260118,2025-10-10,82,3863,16400,772600,19.31,99
real_metallica_20260118,2025-10-09,410,4273,82000,854600,21.37,100
real_metallica_20260118,2025-10-08,128,4401,25600,880200,22.0,101
real_metallica_20260118,2025-10-07,123,4524,24600,904800,22.62,102
real_metallica_20260118,2025-10-06,283,4807,56600,961400,24.04,103
real_metallica_20260118,2025-10-05,364,5171,72800,1034200,25.86,104
real_metallica_20260118,2025-10-04,435,5606,87000,1121200,28.03,105
real_metallica_20260118,2025-10-03,21,5627,4200,1125400,28.13,106
real_metallica_20260118,2025-10-02,139,5766,27800,1153200,28.83,107
real_metallica_20260118,2025-10-01,262,6028,52400,1205600,30.14,108
real_metallica_20260118,2025-09-30,111,6139,22200,1227800,30.7,109
real_metallica_20260118,2025-09-29,56,6195,11200,1239000,30.98,110
real_metallica_20260118,2025-09-28,452,6647,90400,1329400,33.23,111
real_metallica_20260118,2025-09-27,13,6660,2600,1332000,33.3,112
real_metallica_20260118,2025-09-26,202,6862,40400,1372400,34.31,113
real_metallica_20260118,2025-09-25,120,6982,24000,1396400,34.91,114
real_metallica_20260118,2025-09-24,41,7023,8200,1404600,35.12,115
real_metallica_20260118,2025-09-23,14,7037,2800,1407400,35.19,116
real_metallica_20260118,2025-09-22,50,7087,10000,1417400,35.44,117
real_metallica_20260118,2025-09-21,332,7419,66400,1483800,37.09,118
real_metallica_20260118,2025-09-20,74,7493,14800,1498600,37.46,119
real_metallica_20260118,2025-09-19,73,7566,14600,1513200,37.83,120
real_metallica_20260118,2025-09-18,241,7807,48200,1561400,39.03,121
real_metallica_20260118,2025-09-17,71,7878,14200,1575600,39.39,122
real_metallica_20260118,2025-09-16,240,8118,48000,1623600,40.59,123
real_metallica_20260118,2025-09-15,2,8120,400,1624000,40.6,124
real_metallica_20260118,2025-09-14,9,8129,1800,1625800,40.64,125
real_metallica_20260118,2025-09-13,76,8205,15200,1641000,41.02,126
real_metallica_20260118,2025-09-12,311,8516,62200,1703200,42.58,127
real_metallica_20260118,2025-09-11,56,8572,11200,1714400,42.86,128
real_metallica_20260118,2025-09-10,121,8693,24200,1738600,43.46,129
real_metallica_20260118,2025-09-09,24,8717,4800,1743400,43.59,130
real_metallica_20260118,2025-09-08,234,8951,46800,1790200,44.76,131
real_metallica_20260118,2025-09-07,127,9078,25400,1815600,45.39,132
real_metallica_20260118,2025-09-06,8,9086,1600,1817200,45.43,133
real_metallica_20260118,2025-09-05,294,9380,58800,1876000,46.9,134
real_metallica_20260118,2025-09-04,73,9453,14600,1890600,47.27,135
real_metallica_20260118,2025-09-02,123,9576,24600,1915200,47.88,137
real_metallica_20260118,2025-09-01,95,9671,19000,1934200,48.35,138
real_metallica_20260118,2025-08-31,43,9714,8600,1942800,48.57,139
real_metallica_20260118,2025-08-30,184,9898,36800,1979600,49.49,140
real_metallica_20260118,2025-08-29,134,10032,26800,2006400,50.16,141
real_metallica_20260118,2025-08-28,259,10291,51800,2058200,51.45,142
real_metallica_20260118,2025-08-27,199,10490,39800,2098000,52.45,143
real_metallica_20260118,2025-08-26,22,10512,4400,2102400,52.56,144
real_metallica_20260118,2025-08-25,191,10703,38200,2140600,53.52,145
real_metallica_20260118,2025-08-24,8,10711,1600,2142200,53.55,146
real_metallica_20260118,2025-08-23,34,10745,6800,2149000,53.73,147
real_metallica_20260118,2025-08-22,53,10798,10600,2159600,53.99,148
real_metallica_20260118,2025-08-21,376,11174,75200,2234800,55.87,149
real_metallica_20260118,2025-08-20,68,11242,13600,2248400,56.21,150
real_metallica_20260118,2025-08-19,139,11381,27800,2276200,56.9,151
real_metallica_20260118,2025-08-18,89,11470,17800,2294000,57.35,152
real_metallica_20260118,2025-08-17,350,11820,70000,2364000,59.1,153
real_metallica_20260118,2025-08-16,245,12065,49000,2413000,60.32,154
real_metallica_20260118,2025-08-15,69,12134,13800,2426800,60.67,155
real_metallica_20260118,2025-08-14,117,12251,23400,2450200,61.26,156
real_metallica_20260118,2025-08-13,51,12302,10200,2460400,61.51,157
real_metallica_20260118,2025-08-12,51,12353,10200,2470600,61.77,158
real_metallica_20260118,2025-08-11,161,12514,32200,2502800,62.57,159
real_metallica_20260118,2025-08-10,263,12777,52600,2555400,63.89,160
real_metallica_20260118,2025-08-09,278,13055,55600,2611000,65.28,161
real_metallica_20260118,2025-08-08,18,13073,3600,2614600,65.36,162
real_metallica_20260118,2025-08-07,97,13170,19400,2634000,65.85,163
real_metallica_20260118,2025-08-06,24,13194,4800,2638800,65.97,164
real_metallica_20260118,2025-08-05,169,13363,33800,2672600,66.81,165
real_metallica_20260118,2025-08-04,188,13551,37600,2710200,67.75,166
real_metallica_20260118,2025-08-03,204,13755,40800,2751000,68.77,167
real_metallica_20260118,2025-08-02,197,13952,39400,2790400,69.76,168
real_metallica_20260118,2025-08-01,95,14047,19000,2809400,70.23,169
real_metallica_20260118,2025-07-31,254,14301,50800,2860200,71.5,170
real_metallica_20260124,2025-10-23,265,265,53000,53000,1.32,92
real_metallica_20260124,2025-10-22,42,307,8400,61400,1.54,93
real_metallica_20260124,2025-10-21,40,347,8000,69400,1.74,94
real_metallica_20260124,2025-10-20,92,439,18400,87800,2.2,95
real_metallica_20260124,2025-10-19,164,603,32800,120600,3.02,96
real_metallica_20260124,2025-10-18,83,686,16600,137200,3.43,97
real_metallica_20260124,2025-10-17,156,842,31200,168400,4.21,98
real_metallica_20260124,2025-10-16,218,1060,43600,212000,5.3,99
real_metallica_20260124,2025-10-15,113,1173,22600,234600,5.87,100
real_metallica_20260124,2025-10-14,21,1194,4200,238800,5.97,101
real_metallica_20260124,2025-10-13,180,1374,36000,274800,6.87,102
real_metallica_20260124,2025-10-12,222,1596,44400,319200,7.98,103
real_metallica_20260124,2025-10-11,29,1625,5800,325000,8.12,104
real_metallica_20260124,2025-10-10,163,1788,32600,357600,8.94,105
real_metallica_20260124,2025-10-09,262,2050,52400,410000,10.25,106
real_metallica_20260124,2025-10-08,347,2397,69400,479400,11.98,107
real_metallica_20260124,2025-10-07,7,2404,1400,480800,12.02,108
real_metallica_20260124,2025-10-06,155,2559,31000,511800,12.8,109
real_metallica_20260124,2025-10-05,224,2783,44800,556600,13.91,110
real_metallica_20260124,2025-10-04,17,2800,3400,560000,14.0,111
real_metallica_20260124,2025-10-03,165,2965,33000,593000,14.82,112
real_metallica_20260124,2025-10-02,196,3161,39200,632200,15.8,113
real_metallica_20260124,2025-10-01,16,3177,3200,635400,15.88,114
real_metallica_20260124,2025-09-30,347,3524,69400,704800,17.62,115
real_metallica_20260124,2025-09-29,189,3713,37800,742600,18.57,116
real_metallica_20260124,2025-09-28,39,3752,7800,750400,18.76,117
real_metallica_20260124,2025-09-27,271,4023,54200,804600,20.11,118
real_metallica_20260124,2025-09-26,160,4183,32000,836600,20.91,119
real_metallica_20260124,2025-09-25,127,4310,25400,862000,21.55,120
real_metallica_20260124,2025-09-24,13,4323,2600,864600,21.62,121
real_metallica_20260124,2025-09-23,255,4578,51000,915600,22.89,122
real_metallica_20260124,2025-09-22,287,4865,57400,973000,24.32,123
real_metallica_20260124,2025-09-21,198,5063,39600,1012600,25.31,124
real_metallica_20260124,2025-09-20,228,5291,45600,1058200,26.46,125
real_metallica_20260124,2025-09-19,156,5447,31200,1089400,27.23,126
real_metallica_20260124,2025-09-18,251,5698,50200,1139600,28.49,127
real_metallica_20260124,2025-09-17,34,5732,6800,1146400,28.66,128
real_metallica_20260124,2025-09-16,231,5963,46200,1192600,29.82,129
real_metallica_20260124,2025-09-15,182,6145,36400,1229000,30.73,130
real_metallica_20260124,2025-09-14,44,6189,8800,1237800,30.95,131
real_metallica_20260124,2025-09-13,432,6621,86400,1324200,33.11,132
real_metallica_20260124,2025-09-12,355,6976,71000,1395200,34.88,133
real_metallica_20260124,2025-09-11,281,7257,56200,1451400,36.29,134
real_metallica_20260124,2025-09-10,153,7410,30600,1482000,37.05,135
real_metallica_20260124,2025-09-09,364,7774,72800,1554800,38.87,136
real_metallica_20260124,2025-09-08,358,8132,71600,1626400,40.66,137
real_metallica_20260124,2025-09-07,185,8317,37000,1663400,41.59,138
real_metallica_20260124,2025-09-06,62,8379,12400,1675800,41.89,139
real_metallica_20260124,2025-09-05,142,8521,28400,1704200,42.6,140
real_metallica_20260124,2025-09-04,126,8647,25200,1729400,43.23,141
real_metallica_20260124,2025-09-03,141,8788,28200,1757600,43.94,142
real_metallica_20260124,2025-09-02,239,9027,47800,1805400,45.13,143
real_metallica_20260124,2025-09-01,282,9309,56400,1861800,46.54,144
real_metallica_20260124,2025-08-31,22,9331,4400,1866200,46.66,145
real_metallica_20260124,2025-08-30,101,9432,20200,1886400,47.16,146
real_metallica_20260124,2025-08-29,490,9922,98000,1984400,49.61,147
real_metallica_20260124,2025-08-28,209,10131,41800,2026200,50.65,148
real_metallica_20260124,2025-08-27,37,10168,7400,2033600,50.84,149
real_metallica_20260124,2025-08-26,81,10249,16200,2049800,51.24,150
real_metallica_20260124,2025-08-25,230,10479,46000,2095800,52.4,151
real_metallica_20260124,2025-08-24,264,10743,52800,2148600,53.72,152
real_metallica_20260124,2025-08-23,282,11025,56400,2205000,55.12,153
real_metallica_20260124,2025-08-22,93,11118,18600,2223600,55.59,154
real_metallica_20260124,2025-08-21,66,11184,13200,2236800,55.92,155
real_metallica_20260124,2025-08-20,28,11212,5600,2242400,56.06,156
real_metallica_20260124,2025-08-19,265,11477,53000,2295400,57.38,157
real_metallica_20260124,2025-08-18,42,11519,8400,2303800,57.59,158
real_metallica_20260124,2025-08-17,181,11700,36200,2340000,58.5,159
real_metallica_20260124,2025-08-16,242,11942,48400,2388400,59.71,160
real_metallica_20260124,2025-08-15,458,12400,91600,2480000,62.0,161
real_metallica_20260124,2025-08-14,40,12440,8000,2488000,62.2,162
real_metallica_20260124,2025-08-13,140,12580,28000,2516000,62.9,163
real_metallica_20260124,2025-08-12,77,12657,15400,2531400,63.29,164
real_metallica_20260124,2025-08-11,47,12704,9400,2540800,63.52,165
real_metallica_20260124,2025-08-10,86,12790,17200,2558000,63.95,166
real_metallica_20260124,2025-08-09,297,13087,59400,2617400,65.44,167
real_metallica_20260124,2025-08-08,168,13255,33600,2651000,66.27,168
real_metallica_20260124,2025-08-07,309,13564,61800,2712800,67.82,169
real_metallica_20260124,2025-08-06,288,13852,57600,2770400,69.26,170
real_metallica_20260124,2025-08-05,7,13859,1400,2771800,69.3,171
real_metallica_20260124,2025-08-04,164,14023,32800,2804600,70.12,172
real_metallica_20260124,2025-08-03,135,14158,27000,2831600,70.79,173
real_metallica_20260124,2025-08-02,392,14550,78400,2910000,72.75,174
real_metallica_20260124,2025-08-01,316,14866,63200,2973200,74.33,175
real_metallica_20260124,2025-07-31,254,15120,50800,3024000,75.6,176
real_metallica_20260124,2025-07-30,279,15399,55800,3079800,77.0,177
real_metallica_20260124,2025-07-29,154,15553,30800,3110600,77.77,178
real_metallica_20260124,2025-07-28,207,15760,41400,3152000,78.8,179
real_metallica_20260124,2025-07-27,37,15797,7400,3159400,78.98,180
real_metallica_20260124,2025-07-26,40,15837,8000,3167400,79.19,181
real_metallica_20260124,2025-07-25,123,15960,24600,3192000,79.8,182
real_metallica_20260125,2025-10-23,174,174,34800,34800,0.87,93
real_metallica_20260125,2025-10-22,160,334,32000,66800,1.67,94
real_metallica_20260125,2025-10-21,163,497,32600,99400,2.48,95
real_metallica_20260125,2025-10-20,176,673,35200,134600,3.36,96
real_metallica_20260125,2025-10-19,66,739,13200,147800,3.69,97
real_metallica_20260125,2025-10-18,263,1002,52600,200400,5.01,98
real_metallica_20260125,2025-10-17,163,1165,32600,233000,5.83,99
real_metallica_20260125,2025-10-16,62,1227,12400,245400,6.13,100
real_metallica_20260125,2025-10-15,126,1353,25200,270600,6.77,101
real_metallica_20260125,2025-10-14,12,1365,2400,273000,6.83,102
real_metallica_20260125,2025-10-13,196,1561,39200,312200,7.8,103
real_metallica_20260125,2025-10-12,214,1775,42800,355000,8.88,104
real_metallica_20260125,2025-10-11,81,1856,16200,371200,9.28,105
real_metallica_20260125,2025-10-10,295,2151,59000,430200,10.76,106
real_metallica_20260125,2025-10-09,97,2248,19400,449600,11.24,107
real_metallica_20260125,2025-10-08,255,2503,51000,500600,12.52,108
real_metallica_20260125,2025-10-07,478,2981,95600,596200,14.9,109
real_metallica_20260125,2025-10-06,157,3138,31400,627600,15.69,110
real_metallica_20260125,2025-10-05,46,3184,9200,636800,15.92,111
real_metallica_20260125,2025-10-04,258,3442,51600,688400,17.21,112
real_metallica_20260125,2025-10-03,123,3565,24600,713000,17.82,113
real_metallica_20260125,2025-10-02,90,3655,18000,731000,18.27,114
real_metallica_20260125,2025-10-01,72,3727,14400,745400,18.63,115
real_metallica_20260125,2025-09-30,334,4061,66800,812200,20.3,116
real_metallica_20260125,2025-09-29,146,4207,29200,841400,21.04,117
real_metallica_20260125,2025-09-28,55,4262,11000,852400,21.31,118
real_metallica_20260125,2025-09-27,135,4397,27000,879400,21.98,119
real_metallica_20260125,2025-09-26,391,4788,78200,957600,23.94,120
real_metallica_20260125,2025-09-25,23,4811,4600,962200,24.05,121
real_metallica_20260125,2025-09-24,291,5102,58200,1020400,25.51,122
real_metallica_20260125,2025-09-23,185,5287,37000,1057400,26.43,123
real_metallica_20260125,2025-09-22,37,5324,7400,1064800,26.62,124
real_metallica_20260125,2025-09-21,230,5554,46000,1110800,27.77,125
real_metallica_20260125,2025-09-20,143,5697,28600,1139400,28.48,126
real_metallica_20260125,2025-09-19,319,6016,63800,1203200,30.08,127
real_metallica_20260125,2025-09-18,60,6076,12000,1215200,30.38,128
real_metallica_20260125,2025-09-17,24,6100,4800,1220000,30.5,129
real_metallica_20260125,2025-09-16,173,6273,34600,1254600,31.36,130
real_metallica_20260125,2025-09-15,187,6460,37400,1292000,32.3,131
real_metallica_20260125,2025-09-14,101,6561,20200,1312200,32.8,132
real_metallica_20260125,2025-09-13,205,6766,41000,1353200,33.83,133
real_metallica_20260125,2025-09-12,23,6789,4600,1357800,33.95,134
real_metallica_20260125,2025-09-11,182,6971,36400,1394200,34.86,135
real_metallica_20260125,2025-09-10,242,7213,48400,1442600,36.07,136
real_metallica_20260125,2025-09-09,76,7289,15200,1457800,36.45,137
real_metallica_20260125,2025-09-08,263,7552,52600,1510400,37.76,138
real_metallica_20260125,2025-09-07,156,7708,31200,1541600,38.54,139
real_metallica_20260125,2025-09-06,201,7909,40200,1581800,39.55,140
real_metallica_20260125,2025-09-05,306,8215,61200,1643000,41.08,141
real_metallica_20260125,2025-09-04,259,8474,51800,1694800,42.37,142
real_metallica_20260125,2025-09-03,272,8746,54400,1749200,43.73,143
real_metallica_20260125,2025-09-02,288,9034,57600,1806800,45.17,144
real_metallica_20260125,2025-09-01,8,9042,1600,1808400,45.21,145
real_metallica_20260125,2025-08-31,56,9098,11200,1819600,45.49,146
real_metallica_20260125,2025-08-30,315,9413,63000,1882600,47.06,147
real_metallica_20260125,2025-08-29,371,9784,74200,1956800,48.92,148
real_metallica_20260125,2025-08-28,322,10106,64400,2021200,50.53,149
real_metallica_20260125,2025-08-27,121,10227,24200,2045400,51.13,150
real_metallica_20260125,2025-08-26,116,10343,23200,2068600,51.72,151
real_metallica_20260125,2025-08-25,298,10641,59600,2128200,53.21,152
real_metallica_20260125,2025-08-24,268,10909,53600,2181800,54.55,153
real_metallica_20260125,2025-08-23,317,11226,63400,2245200,56.13,154
real_metallica_20260125,2025-08-22,194,11420,38800,2284000,57.1,155
real_metallica_20260125,2025-08-21,174,11594,34800,2318800,57.97,156
real_metallica_20260125,2025-08-20,56,11650,11200,2330000,58.25,157
real_metallica_20260125,2025-08-19,112,11762,22400,2352400,58.81,158
real_metallica_20260125,2025-08-18,77,11839,15400,2367800,59.2,159
real_metallica_20260125,2025-08-17,104,11943,20800,2388600,59.71,160
real_metallica_20260125,2025-08-16,313,12256,62600,2451200,61.28,161
real_metallica_20260125,2025-08-15,446,12702,89200,2540400,63.51,162
real_metallica_20260125,2025-08-14,372,13074,74400,2614800,65.37,163
real_metallica_20260125,2025-08-13,35,13109,7000,2621800,65.55,164
real_metallica_20260125,2025-08-12,287,13396,57400,2679200,66.98,165
real_metallica_20260125,2025-08-11,244,13640,48800,2728000,68.2,166
real_metallica_20260125,2025-08-10,160,13800,32000,2760000,69.0,167
real_metallica_20260125,2025-08-09,235,14035,47000,2807000,70.17,168
real_metallica_20260125,2025-08-08,175,14210,35000,2842000,71.05,169
real_metallica_20260125,2025-08-07,346,14556,69200,2911200,72.78,170
real_metallica_20260125,2025-08-06,369,14925,73800,2985000,74.62,171
real_metallica_20260125,2025-08-05,354,15279,70800,3055800,76.39,172
real_metallica_20260125,2025-08-04,247,15526,49400,3105200,77.63,173
real_metallica_20260125,2025-08-03,63,15589,12600,3117800,77.94,174
real_metallica_20260125,2025-08-02,152,15741,30400,3148200,78.7,175
real_metallica_20260125,2025-08-01,249,15990,49800,3198000,79.95,176
real_metallica_20260125,2025-07-31,295,16285,59000,3257000,81.42,177
real_metallica_20260125,2025-07-30,353,16638,70600,3327600,83.19,178
real_metallica_20260125,2025-07-29,162,16800,32400,3360000,84.0,179
real_metallica_20260125,2025-07-28,286,17086,57200,3417200,85.43,180
real_metallica_20260125,2025-07-27,203,17289,40600,3457800,86.45,181
real_metallica_20260125,2025-07-26,73,17362,14600,3472400,86.81,182
real_metallica_20260125,2025-07-25,86,17448,17200,3489600,87.24,183
real_metallica_20260125,2025-07-24,101,17549,20200,3509800,87.74,184
real_metallica_20260131,2025-10-23,395,395,79000,79000,1.98,99
real_metallica_20260131,2025-10-22,148,543,29600,108600,2.71,100
real_metallica_20260131,2025-10-21,182,725,36400,145000,3.62,101
real_metallica_20260131,2025-10-20,113,838,22600,167600,4.19,102
real_metallica_20260131,2025-10-19,382,1220,76400,244000,6.1,103
real_metallica_20260131,2025-10-18,103,1323,20600,264600,6.62,104
real_metallica_20260131,2025-10-17,138,1461,27600,292200,7.31,105
real_metallica_20260131,2025-10-16,356,1817,71200,363400,9.09,106
real_metallica_20260131,2025-10-15,55,1872,11000,374400,9.36,107
real_metallica_20260131,2025-10-14,300,2172,60000,434400,10.86,108
real_metallica_20260131,2025-10-13,25,2197,5000,439400,10.98,109
real_metallica_20260131,2025-10-12,271,2468,54200,493600,12.34,110
real_metallica_20260131,2025-10-11,59,2527,11800,505400,12.63,111
real_metallica_20260131,2025-10-10,105,2632,21000,526400,13.16,112
real_metallica_20260131,2025-10-09,241,2873,48200,574600,14.37,113
real_metallica_20260131,2025-10-08,197,3070,39400,614000,15.35,114
real_metallica_20260131,2025-10-07,140,3210,28000,642000,16.05,115
real_metallica_20260131,2025-10-06,80,3290,16000,658000,16.45,116
real_metallica_20260131,2025-10-05,243,3533,48600,706600,17.66,117
real_metallica_20260131,2025-10-04,102,3635,20400,727000,18.18,118
real_metallica_20260131,2025-10-03,147,3782,29400,756400,18.91,119
real_metallica_20260131,2025-10-02,30,3812,6000,762400,19.06,120
real_metallica_20260131,2025-10-01,45,3857,9000,771400,19.29,121
real_metallica_20260131,2025-09-30,118,3975,23600,795000,19.88,122
real_metallica_20260131,2025-09-29,19,3994,3800,798800,19.97,123
real_metallica_20260131,2025-09-28,89,4083,17800,816600,20.41,124
real_metallica_20260131,2025-09-27,90,4173,18000,834600,20.87,125
real_metallica_20260131,2025-09-26,18,4191,3600,838200,20.95,126
real_metallica_20260131,2025-09-25,406,4597,81200,919400,22.98,127
real_metallica_20260131,2025-09-24,95,4692,19000,938400,23.46,128
real_metallica_20260131,2025-09-23,492,5184,98400,1036800,25.92,129
real_metallica_20260131,2025-09-22,148,5332,29600,1066400,26.66,130
real_metallica_20260131,2025-09-21,4,5336,800,1067200,26.68,131
real_metallica_20260131,2025-09-20,54,5390,10800,1078000,26.95,132
real_metallica_20260131,2025-09-19,171,5561,34200,1112200,27.81,133
real_metallica_20260131,2025-09-18,268,5829,53600,1165800,29.14,134
real_metallica_20260131,2025-09-17,68,5897,13600,1179400,29.48,135
real_metallica_20260131,2025-09-16,239,6136,47800,1227200,30.68,136
real_metallica_20260131,2025-09-15,57,6193,11400,1238600,30.96,137
real_metallica_20260131,2025-09-14,234,6427,46800,1285400,32.14,138
real_metallica_20260131,2025-09-13,367,6794,73400,1358800,33.97,139
real_metallica_20260131,2025-09-12,188,6982,37600,1396400,34.91,140
real_metallica_20260131,2025-09-11,151,7133,30200,1426600,35.66,141
real_metallica_20260131,2025-09-10,98,7231,19600,1446200,36.16,142
real_metallica_20260131,2025-09-09,219,7450,43800,1490000,37.25,143
real_metallica_20260131,2025-09-08,207,7657,41400,1531400,38.29,144
real_metallica_20260131,2025-09-07,263,7920,52600,1584000,39.6,145
real_metallica_20260131,2025-09-06,205,8125,41000,1625000,40.62,146
real_metallica_20260131,2025-09-05,94,8219,18800,1643800,41.09,147
real_metallica_20260131,2025-09-04,488,8707,97600,1741400,43.54,148
real_metallica_20260131,2025-09-03,127,8834,25400,1766800,44.17,149
real_metallica_20260131,2025-09-02,98,8932,19600,1786400,44.66,150
real_metallica_20260131,2025-09-01,192,9124,38400,1824800,45.62,151
real_metallica_20260131,2025-08-31,168,9292,33600,1858400,46.46,152
real_metallica_20260131,2025-08-30,5,9297,1000,1859400,46.48,153
real_metallica_20260131,2025-08-29,184,9481,36800,1896200,47.41,154
real_metallica_20260131,2025-08-28,31,9512,6200,1902400,47.56,155
real_metallica_20260131,2025-08-27,238,9750,47600,1950000,48.75,156
real_metallica_20260131,2025-08-26,207,9957,41400,1991400,49.79,157
real_metallica_20260131,2025-08-25,360,10317,72000,2063400,51.59,158
real_metallica_20260131,2025-08-24,353,10670,70600,2134000,53.35,159
real_metallica_20260131,2025-08-23,75,10745,15000,2149000,53.73,160
real_metallica_20260131,2025-08-22,113,10858,22600,2171600,54.29,161
real_metallica_20260131,2025-08-21,34,10892,6800,2178400,54.46,162
real_metallica_20260131,2025-08-20,232,11124,46400,2224800,55.62,163
real_metallica_20260131,2025-08-19,310,11434,62000,2286800,57.17,164
real_metallica_20260131,2025-08-18,281,11715,56200,2343000,58.58,165
real_metallica_20260131,2025-08-17,387,12102,77400,2420400,60.51,166
real_metallica_20260131,2025-08-16,340,12442,68000,2488400,62.21,167
real_metallica_20260131,2025-08-15,390,12832,78000,2566400,64.16,168
real_metallica_20260131,2025-08-14,41,12873,8200,2574600,64.37,169
real_metallica_20260131,2025-08-13,270,13143,54000,2628600,65.72,170
real_metallica_20260131,2025-08-12,39,13182,7800,2636400,65.91,171
real_metallica_20260131,2025-08-11,57,13239,11400,2647800,66.2,172
real_metallica_20260131,2025-08-10,140,13379,28000,2675800,66.9,173
real_metallica_20260131,2025-08-09,103,13482,20600,2696400,67.41,174
real_metallica_20260131,2025-08-08,76,13558,15200,2711600,67.79,175
real_metallica_20260131,2025-08-07,218,13776,43600,2755200,68.88,176
real_metallica_20260131,2025-08-06,59,13835,11800,2767000,69.17,177
real_metallica_20260131,2025-08-05,367,14202,73400,2840400,71.01,178
real_metallica_20260131,2025-08-04,46,14248,9200,2849600,71.24,179
real_metallica_20260131,2025-08-03,228,14476,45600,2895200,72.38,180
real_metallica_20260131,2025-08-02,116,14592,23200,2918400,72.96,181
real_metallica_20260131,2025-08-01,53,14645,10600,2929000,73.22,182
real_metallica_20260131,2025-07-31,14,14659,2800,2931800,73.3,183
real_metallica_20260131,2025-07-30,172,14831,34400,2966200,74.16,184
real_metallica_20260131,2025-07-29,185,15016,37000,3003200,75.08,185
real_metallica_20260131,2025-07-28,32,15048,6400,3009600,75.24,186
real_metallica_20260131,2025-07-27,190,15238,38000,3047600,76.19,187
real_metallica_20260131,2025-07-26,9,15247,1800,3049400,76.23,188
real_metallica_20260131,2025-07-25,44,15291,8800,3058200,76.45,189
real_metallica_20260131,2025-07-24,138,15429,27600,3085800,77.14,190
real_metallica_20260131,2025-07-23,35,15464,7000,3092800,77.32,191
real_metallica_20260131,2025-07-22,241,15705,48200,3141000,78.53,192
real_metallica_20260131,2025-07-21,52,15757,10400,3151400,78.79,193
real_metallica_20260131,2025-07-20,17,15774,3400,3154800,78.87,194
real_metallica_20260131,2025-07-19,186,15960,37200,3192000,79.8,195
real_metallica_20260131,2025-07-18,107,16067,21400,3213400,80.34,196
real_metallica_20260201,2025-10-23,195,195,39000,39000,0.97,100
real_metallica_20260201,2025-10-22,193,388,38600,77600,1.94,101
real_metallica_20260201,2025-10-21,276,664,55200,132800,3.32,102
real_metallica_20260201,2025-10-20,89,753,17800,150600,3.77,103
real_metallica_20260201,2025-10-19,137,890,27400,178000,4.45,104
real_metallica_20260201,2025-10-18,65,955,13000,191000,4.78,105
real_metallica_20260201,2025-10-17,114,1069,22800,213800,5.34,106
real_metallica_20260201,2025-10-16,387,1456,77400,291200,7.28,107
real_metallica_20260201,2025-10-15,76,1532,15200,306400,7.66,108
real_metallica_20260201,2025-10-14,278,1810,55600,362000,9.05,109
real_metallica_20260201,2025-10-13,194,2004,38800,400800,10.02,110
real_metallica_20260201,2025-10-12,126,2130,25200,426000,10.65,111
real_metallica_20260201,2025-10-11,79,2209,15800,441800,11.04,112
real_metallica_20260201,2025-10-10,57,2266,11400,453200,11.33,113
real_metallica_20260201,2025-10-09,169,2435,33800,487000,12.17,114
real_metallica_20260201,2025-10-08,8,2443,1600,488600,12.21,115
real_metallica_20260201,2025-10-07,34,2477,6800,495400,12.38,116
real_metallica_20260201,2025-10-06,8,2485,1600,497000,12.43,117
real_metallica_20260201,2025-10-05,24,2509,4800,501800,12.54,118
real_metallica_20260201,2025-10-04,22,2531,4400,506200,12.65,119
real_metallica_20260201,2025-10-03,119,2650,23800,530000,13.25,120
real_metallica_20260201,2025-10-02,28,2678,5600,535600,13.39,121
real_metallica_20260201,2025-10-01,74,2752,14800,550400,13.76,122
real_metallica_20260201,2025-09-30,234,2986,46800,597200,14.93,123
real_metallica_20260201,2025-09-29,163,3149,32600,629800,15.75,124
real_metallica_20260201,2025-09-28,344,3493,68800,698600,17.46,125
real_metallica_20260201,2025-09-27,121,3614,24200,722800,18.07,126
real_metallica_20260201,2025-09-26,73,3687,14600,737400,18.44,127
real_metallica_20260201,2025-09-25,226,3913,45200,782600,19.56,128
real_metallica_20260201,2025-09-24,140,4053,28000,810600,20.27,129
real_metallica_20260201,2025-09-23,151,4204,30200,840800,21.02,130
real_metallica_20260201,2025-09-22,466,4670,93200,934000,23.35,131
real_metallica_20260201,2025-09-21,173,4843,34600,968600,24.21,132
real_metallica_20260201,2025-09-20,253,5096,50600,1019200,25.48,133
real_metallica_20260201,2025-09-19,88,5184,17600,1036800,25.92,134
real_metallica_20260201,2025-09-18,343,5527,68600,1105400,27.63,135
real_metallica_20260201,2025-09-17,268,5795,53600,1159000,28.98,136
real_metallica_20260201,2025-09-16,213,6008,42600,1201600,30.04,137
real_metallica_20260201,2025-09-15,153,6161,30600,1232200,30.8,138
real_metallica_20260201,2025-09-14,275,6436,55000,1287200,32.18,139
real_metallica_20260201,2025-09-13,115,6551,23000,1310200,32.76,140
real_metallica_20260201,2025-09-12,73,6624,14600,1324800,33.12,141
real_metallica_20260201,2025-09-11,29,6653,5800,1330600,33.27,142
real_metallica_20260201,2025-09-10,213,6866,42600,1373200,34.33,143
real_metallica_20260201,2025-09-09,68,6934,13600,1386800,34.67,144
real_metallica_20260201,2025-09-08,130,7064,26000,1412800,35.32,145
real_metallica_20260201,2025-09-07,165,7229,33000,1445800,36.14,146
real_metallica_20260201,2025-09-06,115,7344,23000,1468800,36.72,147
real_metallica_20260201,2025-09-05,47,7391,9400,1478200,36.95,148
real_metallica_20260201,2025-09-04,97,7488,19400,1497600,37.44,149
real_metallica_20260201,2025-09-03,96,7584,19200,1516800,37.92,150
real_metallica_20260201,2025-09-02,308,7892,61600,1578400,39.46,151
real_metallica_20260201,2025-09-01,18,7910,3600,1582000,39.55,152
real_metallica_20260201,2025-08-31,194,8104,38800,1620800,40.52,153
real_metallica_20260201,2025-08-30,343,8447,68600,1689400,42.23,154
real_metallica_20260201,2025-08-29,245,8692,49000,1738400,43.46,155
real_metallica_20260201,2025-08-28,232,8924,46400,1784800,44.62,156
real_metallica_20260201,2025-08-27,7,8931,1400,1786200,44.66,157
real_metallica_20260201,2025-08-26,48,8979,9600,1795800,44.9,158
real_metallica_20260201,2025-08-25,60,9039,12000,1807800,45.2,159
real_metallica_20260201,2025-08-24,386,9425,77200,1885000,47.12,160
real_metallica_20260201,2025-08-23,124,9549,24800,1909800,47.74,161
real_metallica_20260201,2025-08-22,360,9909,72000,1981800,49.55,162
real_metallica_20260201,2025-08-21,234,10143,46800,2028600,50.71,163
real_metallica_20260201,2025-08-20,164,10307,32800,2061400,51.53,164
real_metallica_20260201,2025-08-19,194,10501,38800,2100200,52.51,165
real_metallica_20260201,2025-08-18,332,10833,66400,2166600,54.16,166
real_metallica_20260201,2025-08-17,133,10966,26600,2193200,54.83,167
real_metallica_20260201,2025-08-16,254,11220,50800,2244000,56.1,168
real_metallica_20260201,2025-08-15,240,11460,48000,2292000,57.3,169
real_metallica_20260201,2025-08-14,163,11623,32600,2324600,58.12,170
real_metallica_20260201,2025-08-13,189,11812,37800,2362400,59.06,171
real_metallica_20260201,2025-08-12,23,11835,4600,2367000,59.17,172
real_metallica_20260201,2025-08-11,113,11948,22600,2389600,59.74,173
real_metallica_20260201,2025-08-10,8,11956,1600,2391200,59.78,174
real_metallica_20260201,2025-08-09,213,12169,42600,2433800,60.85,175
real_metallica_20260201,2025-08-08,100,12269,20000,2453800,61.35,176
real_metallica_20260201,2025-08-07,194,12463,38800,2492600,62.31,177
real_metallica_20260201,2025-08-06,125,12588,25000,2517600,62.94,178
real_metallica_20260201,2025-08-05,335,12923,67000,2584600,64.61,179
real_metallica_20260201,2025-08-04,172,13095,34400,2619000,65.48,180
real_metallica_20260201,2025-08-03,125,13220,25000,2644000,66.1,181
real_metallica_20260201,2025-08-02,164,13384,32800,2676800,66.92,182
real_metallica_20260201,2025-08-01,117,13501,23400,2700200,67.51,183
real_metallica_20260201,2025-07-31,101,13602,20200,2720400,68.01,184
real_metallica_20260201,2025-07-30,35,13637,7000,2727400,68.19,185
real_metallica_20260201,2025-07-29,125,13762,25000,2752400,68.81,186
real_metallica_20260201,2025-07-28,113,13875,22600,2775000,69.38,187
real_metallica_20260201,2025-07-27,164,14039,32800,2807800,70.19,188
real_metallica_20260201,2025-07-26,134,14173,26800,2834600,70.86,189
real_metallica_20260201,2025-07-25,9,14182,1800,2836400,70.91,190
real_metallica_20260201,2025-07-24,171,14353,34200,2870600,71.77,191
real_metallica_20260201,2025-07-22,59,14412,11800,2882400,72.06,193
real_metallica_20260201,2025-07-21,19,14431,3800,2886200,72.16,194
real_metallica_20260201,2025-07-20,64,14495,12800,2899000,72.47,195
real_metallica_20260201,2025-07-19,15,14510,3000,2902000,72.55,196
real_metallica_20260201,2025-07-18,170,14680,34000,2936000,73.4,197
real_metallica_20260201,2025-07-17,233,14913,46600,2982600,74.56,198
real_metallica_20260207,2025-10-23,249,249,49800,49800,1.24,106
real_metallica_20260207,2025-10-22,136,385,27200,77000,1.93,107
real_metallica_20260207,2025-10-21,6,391,1200,78200,1.96,108
real_metallica_20260207,2025-10-20,70,461,14000,92200,2.31,109
real_metallica_20260207,2025-10-19,146,607,29200,121400,3.03,110
real_metallica_20260207,2025-10-18,178,785,35600,157000,3.92,111
real_metallica_20260207,2025-10-17,91,876,18200,175200,4.38,112
real_metallica_20260207,2025-10-16,24,900,4800,180000,4.5,113
real_metallica_20260207,2025-10-15,123,1023,24600,204600,5.12,114
real_metallica_20260207,2025-10-14,134,1157,26800,231400,5.79,115
real_metallica_20260207,2025-10-13,181,1338,36200,267600,6.69,116
real_metallica_20260207,2025-10-12,203,1541,40600,308200,7.7,117
real_metallica_20260207,2025-10-11,103,1644,20600,328800,8.22,118
real_metallica_20260207,2025-10-10,124,1768,24800,353600,8.84,119
real_metallica_20260207,2025-10-09,231,1999,46200,399800,9.99,120
real_metallica_20260207,2025-10-08,41,2040,8200,408000,10.2,121
real_metallica_20260207,2025-10-07,332,2372,66400,474400,11.86,122
real_metallica_20260207,2025-10-06,47,2419,9400,483800,12.1,123
real_metallica_20260207,2025-10-05,193,2612,38600,522400,13.06,124
real_metallica_20260207,2025-10-04,28,2640,5600,528000,13.2,125
real_metallica_20260207,2025-10-03,359,2999,71800,599800,14.99,126
real_metallica_20260207,2025-10-02,127,3126,25400,625200,15.63,127
real_metallica_20260207,2025-10-01,330,3456,66000,691200,17.28,128
real_metallica_20260207,2025-09-30,289,3745,57800,749000,18.73,129
real_metallica_20260207,2025-09-29,498,4243,99600,848600,21.21,130
real_metallica_20260207,2025-09-28,135,4378,27000,875600,21.89,131
real_metallica_20260207,2025-09-27,117,4495,23400,899000,22.48,132
real_metallica_20260207,2025-09-26,222,4717,44400,943400,23.59,133
real_metallica_20260207,2025-09-25,290,5007,58000,1001400,25.04,134
real_metallica_20260207,2025-09-24,23,5030,4600,1006000,25.15,135
real_metallica_20260207,2025-09-23,350,5380,70000,1076000,26.9,136
real_metallica_20260207,2025-09-22,460,5840,92000,1168000,29.2,137
real_metallica_20260207,2025-09-21,336,6176,67200,1235200,30.88,138
real_metallica_20260207,2025-09-20,80,6256,16000,1251200,31.28,139
real_metallica_20260207,2025-09-19,53,6309,10600,1261800,31.55,140
real_metallica_20260207,2025-09-18,364,6673,72800,1334600,33.37,141
real_metallica_20260207,2025-09-17,39,6712,7800,1342400,33.56,142
real_metallica_20260207,2025-09-16,123,6835,24600,1367000,34.17,143
real_metallica_20260207,2025-09-15,199,7034,39800,1406800,35.17,144
real_metallica_20260207,2025-09-14,276,7310,55200,1462000,36.55,145
real_metallica_20260207,2025-09-13,71,7381,14200,1476200,36.91,146
real_metallica_20260207,2025-09-12,352,7733,70400,1546600,38.66,147
real_metallica_20260207,2025-09-11,256,7989,51200,1597800,39.95,148
real_metallica_20260207,2025-09-10,177,8166,35400,1633200,40.83,149
real_metallica_20260207,2025-09-09,111,8277,22200,1655400,41.38,150
real_metallica_20260207,2025-09-08,19,8296,3800,1659200,41.48,151
real_metallica_20260207,2025-09-07,203,8499,40600,1699800,42.49,152
real_metallica_20260207,2025-09-06,167,8666,33400,1733200,43.33,153
real_metallica_20260207,2025-09-05,69,8735,13800,1747000,43.68,154
real_metallica_20260207,2025-09-04,230,8965,46000,1793000,44.82,155
real_metallica_20260207,2025-09-03,182,9147,36400,1829400,45.73,156
real_metallica_20260207,2025-09-02,192,9339,38400,1867800,46.7,157
real_metallica_20260207,2025-09-01,299,9638,59800,1927600,48.19,158
real_metallica_20260207,2025-08-31,43,9681,8600,1936200,48.41,159
real_metallica_20260207,2025-08-30,151,9832,30200,1966400,49.16,160
real_metallica_20260207,2025-08-29,365,10197,73000,2039400,50.98,161
real_metallica_20260207,2025-08-28,68,10265,13600,2053000,51.32,162
real_metallica_20260207,2025-08-27,182,10447,36400,2089400,52.23,163
real_metallica_20260207,2025-08-26,78,10525,15600,2105000,52.62,164
real_metallica_20260207,2025-08-25,162,10687,32400,2137400,53.44,165
real_metallica_20260207,2025-08-24,46,10733,9200,2146600,53.66,166
real_metallica_20260207,2025-08-23,78,10811,15600,2162200,54.05,167
real_metallica_20260207,2025-08-22,138,10949,27600,2189800,54.74,168
real_metallica_20260207,2025-08-21,22,10971,4400,2194200,54.85,169
real_metallica_20260207,2025-08-20,114,11085,22800,2217000,55.43,170
real_metallica_20260207,2025-08-19,262,11347,52400,2269400,56.73,171
real_metallica_20260207,2025-08-18,13,11360,2600,2272000,56.8,172
real_metallica_20260207,2025-08-17,141,11501,28200,2300200,57.5,173
real_metallica_20260207,2025-08-16,153,11654,30600,2330800,58.27,174
real_metallica_20260207,2025-08-15,442,12096,88400,2419200,60.48,175
real_metallica_20260207,2025-08-14,149,12245,29800,2449000,61.22,176
real_metallica_20260207,2025-08-13,43,12288,8600,2457600,61.44,177
real_metallica_20260207,2025-08-12,286,12574,57200,2514800,62.87,178
real_metallica_20260207,2025-08-11,124,12698,24800,2539600,63.49,179
real_metallica_20260207,2025-08-10,86,12784,17200,2556800,63.92,180
real_metallica_20260207,2025-08-09,43,12827,8600,2565400,64.13,181
real_metallica_20260207,2025-08-08,38,12865,7600,2573000,64.33,182
real_metallica_20260207,2025-08-07,37,12902,7400,2580400,64.51,183
real_metallica_20260207,2025-08-06,55,12957,11000,2591400,64.78,184
real_metallica_20260207,2025-08-05,76,13033,15200,2606600,65.16,185
real_metallica_20260207,2025-08-04,19,13052,3800,2610400,65.26,186
real_metallica_20260207,2025-08-03,63,13115,12600,2623000,65.58,187
real_metallica_20260207,2025-08-02,126,13241,25200,2648200,66.2,188
real_metallica_20260207,2025-08-01,50,13291,10000,2658200,66.45,189
real_metallica_20260207,2025-07-31,34,13325,6800,2665000,66.62,190
real_metallica_20260207,2025-07-30,101,13426,20200,2685200,67.13,191
real_metallica_20260207,2025-07-29,97,13523,19400,2704600,67.62,192
real_metallica_20260207,2025-07-28,84,13607,16800,2721400,68.03,193
real_metallica_20260207,2025-07-27,110,13717,22000,2743400,68.58,194
real_metallica_20260207,2025-07-26,220,13937,44000,2787400,69.69,195
real_metallica_20260207,2025-07-25,152,14089,30400,2817800,70.45,196
real_metallica_20260207,2025-07-24,41,14130,8200,2826000,70.65,197
real_metallica_20260207,2025-07-23,177,14307,35400,2861400,71.54,198
real_metallica_20260207,2025-07-22,40,14347,8000,2869400,71.73,199
real_metallica_20260207,2025-07-21,50,14397,10000,2879400,71.98,200
real_metallica_20260207,2025-07-20,74,14471,14800,2894200,72.36,201
real_metallica_20260207,2025-07-19,162,14633,32400,2926600,73.17,202
real_metallica_20260207,2025-07-18,147,14780,29400,2956000,73.9,203
real_metallica_20260207,2025-07-17,83,14863,16600,2972600,74.31,204
real_metallica_20260207,2025-07-16,100,14963,20000,2992600,74.81,205
real_metallica_20260207,2025-07-15,144,15107,28800,3021400,75.53,206
real_metallica_20260207,2025-07-14,69,15176,13800,3035200,75.88,207
real_metallica_20260207,2025-07-13,98,15274,19600,3054800,76.37,208
real_metallica_20260207,2025-07-12,118,15392,23600,3078400,76.96,209
real_metallica_20260207,2025-07-11,53,15445,10600,3089000,77.22,210
real_metallica_20260208,2025-10-23,149,149,29800,29800,0.74,107
real_metallica_20260208,2025-10-22,35,184,7000,36800,0.92,108
real_metallica_20260208,2025-10-21,407,591,81400,118200,2.96,109
real_metallica_20260208,2025-10-20,344,935,68800,187000,4.67,110
real_metallica_20260208,2025-10-19,324,1259,64800,251800,6.3,111
real_metallica_20260208,2025-10-18,129,1388,25800,277600,6.94,112
real_metallica_20260208,2025-10-17,366,1754,73200,350800,8.77,113
real_metallica_20260208,2025-10-16,193,1947,38600,389400,9.74,114
real_metallica_20260208,2025-10-15,153,2100,30600,420000,10.5,115
real_metallica_20260208,2025-10-14,205,2305,41000,461000,11.53,116
real_metallica_20260208,2025-10-13,354,2659,70800,531800,13.3,117
real_metallica_20260208,2025-10-12,18,2677,3600,535400,13.38,118
real_metallica_20260208,2025-10-11,184,2861,36800,572200,14.31,119
real_metallica_20260208,2025-10-10,415,3276,83000,655200,16.38,120
real_metallica_20260208,2025-10-09,326,3602,65200,720400,18.01,121
real_metallica_20260208,2025-10-08,55,3657,11000,731400,18.29,122
real_metallica_20260208,2025-10-07,336,3993,67200,798600,19.96,123
real_metallica_20260208,2025-10-06,85,4078,17000,815600,20.39,124
real_metallica_20260208,2025-10-05,22,4100,4400,820000,20.5,125
real_metallica_20260208,2025-10-04,330,4430,66000,886000,22.15,126
real_metallica_20260208,2025-10-03,204,4634,40800,926800,23.17,127
real_metallica_20260208,2025-10-02,169,4803,33800,960600,24.02,128
real_metallica_20260208,2025-10-01,220,5023,44000,1004600,25.11,129
real_metallica_20260208,2025-09-30,25,5048,5000,1009600,25.24,130
real_metallica_20260208,2025-09-29,261,5309,52200,1061800,26.55,131
real_metallica_20260208,2025-09-28,285,5594,57000,1118800,27.97,132
real_metallica_20260208,2025-09-27,294,5888,58800,1177600,29.44,133
real_metallica_20260208,2025-09-26,95,5983,19000,1196600,29.92,134
real_metallica_20260208,2025-09-25,301,6284,60200,1256800,31.42,135
real_metallica_20260208,2025-09-24,77,6361,15400,1272200,31.8,136
real_metallica_20260208,2025-09-23,12,6373,2400,1274600,31.86,137
real_metallica_20260208,2025-09-22,151,6524,30200,1304800,32.62,138
real_metallica_20260208,2025-09-21,43,6567,8600,1313400,32.84,139
real_metallica_20260208,2025-09-20,186,6753,37200,1350600,33.77,140
real_metallica_20260208,2025-09-19,79,6832,15800,1366400,34.16,141
real_metallica_20260208,2025-09-18,105,6937,21000,1387400,34.69,142
real_metallica_20260208,2025-09-17,178,7115,35600,1423000,35.58,143
real_metallica_20260208,2025-09-16,224,7339,44800,1467800,36.7,144
real_metallica_20260208,2025-09-15,231,7570,46200,1514000,37.85,145
real_metallica_20260208,2025-09-14,153,7723,30600,1544600,38.62,146
real_metallica_20260208,2025-09-13,181,7904,36200,1580800,39.52,147
real_metallica_20260208,2025-09-12,87,7991,17400,1598200,39.95,148
real_metallica_20260208,2025-09-11,346,8337,69200,1667400,41.69,149
real_metallica_20260208,2025-09-10,379,8716,75800,1743200,43.58,150
real_metallica_20260208,2025-09-09,89,8805,17800,1761000,44.02,151
real_metallica_20260208,2025-09-08,169,8974,33800,1794800,44.87,152
real_metallica_20260208,2025-09-07,236,9210,47200,1842000,46.05,153
real_metallica_20260208,2025-09-06,103,9313,20600,1862600,46.56,154
real_metallica_20260208,2025-09-05,95,9408,19000,1881600,47.04,155
real_metallica_20260208,2025-09-04,221,9629,44200,1925800,48.14,156
real_metallica_20260208,2025-09-03,101,9730,20200,1946000,48.65,157
real_metallica_20260208,2025-09-02,219,9949,43800,1989800,49.74,158
real_metallica_20260208,2025-09-01,109,10058,21800,2011600,50.29,159
real_metallica_20260208,2025-08-31,192,10250,38400,2050000,51.25,160
real_metallica_20260208,2025-08-30,407,10657,81400,2131400,53.29,161
real_metallica_20260208,2025-08-29,26,10683,5200,2136600,53.41,162
real_metallica_20260208,2025-08-28,274,10957,54800,2191400,54.78,163
real_metallica_20260208,2025-08-27,83,11040,16600,2208000,55.2,164
real_metallica_20260208,2025-08-26,29,11069,5800,2213800,55.34,165
real_metallica_20260208,2025-08-25,250,11319,50000,2263800,56.59,166
real_metallica_20260208,2025-08-24,327,11646,65400,2329200,58.23,167
real_metallica_20260208,2025-08-23,198,11844,39600,2368800,59.22,168
real_metallica_20260208,2025-08-22,300,12144,60000,2428800,60.72,169
real_metallica_20260208,2025-08-21,90,12234,18000,2446800,61.17,170
real_metallica_20260208,2025-08-20,316,12550,63200,2510000,62.75,171
real_metallica_20260208,2025-08-19,172,12722,34400,2544400,63.61,172
real_metallica_20260208,2025-08-18,152,12874,30400,2574800,64.37,173
real_metallica_20260208,2025-08-17,302,13176,60400,2635200,65.88,174
real_metallica_20260208,2025-08-16,34,13210,6800,2642000,66.05,175
real_metallica_20260208,2025-08-15,122,13332,24400,2666400,66.66,176
real_metallica_20260208,2025-08-14,93,13425,18600,2685000,67.12,177
real_metallica_20260208,2025-08-13,72,13497,14400,2699400,67.48,178
real_metallica_20260208,2025-08-12,214,13711,42800,2742200,68.55,179
real_metallica_20260208,2025-08-11,294,14005,58800,2801000,70.03,180
real_metallica_20260208,2025-08-10,47,14052,9400,2810400,70.26,181
real_metallica_20260208,2025-08-09,137,14189,27400,2837800,70.95,182
real_metallica_20260208,2025-08-08,165,14354,33000,2870800,71.77,183
real_metallica_20260208,2025-08-07,44,14398,8800,2879600,71.99,184
real_metallica_20260208,2025-08-06,125,14523,25000,2904600,72.61,185
real_metallica_20260208,2025-08-05,47,14570,9400,2914000,72.85,186
real_metallica_20260208,2025-08-04,115,14685,23000,2937000,73.42,187
real_metallica_20260208,2025-08-03,91,14776,18200,2955200,73.88,188
real_metallica_20260208,2025-08-02,124,14900,24800,2980000,74.5,189
real_metallica_20260208,2025-08-01,104,15004,20800,3000800,75.02,190
real_metallica_20260208,2025-07-31,143,15147,28600,3029400,75.73,191
real_metallica_20260208,2025-07-30,126,15273,25200,3054600,76.37,192
real_metallica_20260208,2025-07-29,125,15398,25000,3079600,76.99,193
real_metallica_20260208,2025-07-28,113,15511,22600,3102200,77.55,194
real_metallica_20260208,2025-07-27,21,15532,4200,3106400,77.66,195
real_metallica_20260208,2025-07-26,56,15588,11200,3117600,77.94,196
real_metallica_20260208,2025-07-25,70,15658,14000,3131600,78.29,197
real_metallica_20260208,2025-07-24,36,15694,7200,3138800,78.47,198
real_metallica_20260208,2025-07-23,58,15752,11600,3150400,78.76,199
real_metallica_20260208,2025-07-22,126,15878,25200,3175600,79.39,200
real_metallica_20260208,2025-07-21,28,15906,5600,3181200,79.53,201
real_metallica_20260208,2025-07-20,68,15974,13600,3194800,79.87,202
real_metallica_20260208,2025-07-19,210,16184,42000,3236800,80.92,203
real_metallica_20260208,2025-07-18,21,16205,4200,3241000,81.03,204
real_metallica_20260208,2025-07-17,112,16317,22400,3263400,81.58,205
real_metallica_20260208,2025-07-16,108,16425,21600,3285000,82.12,206
real_metallica_20260208,2025-07-15,83,16508,16600,3301600,82.54,207
real_metallica_20260208,2025-07-14,76,16584,15200,3316800,82.92,208
real_metallica_20260208,2025-07-13,8,16592,1600,3318400,82.96,209
real_metallica_20260208,2025-07-12,89,16681,17800,3336200,83.41,210
real_metallica_20260208,2025-07-11,22,16703,4400,3340600,83.52,211
real_metallica_20260208,2025-07-10,30,16733,6000,3346600,83.67,212
real_metallica_20260214,2025-10-23,121,121,24200,24200,0.6,113
real_metallica_20260214,2025-10-22,188,309,37600,61800,1.54,114
real_metallica_20260214,2025-10-21,179,488,35800,97600,2.44,115
real_metallica_20260214,2025-10-20,312,800,62400,160000,4.0,116
real_metallica_20260214,2025-10-19,84,884,16800,176800,4.42,117
real_metallica_20260214,2025-10-18,105,989,21000,197800,4.95,118
real_metallica_20260214,2025-10-17,412,1401,82400,280200,7.0,119
real_metallica_20260214,2025-10-16,89,1490,17800,298000,7.45,120
real_metallica_20260214,2025-10-15,305,1795,61000,359000,8.97,121
real_metallica_20260214,2025-10-14,165,1960,33000,392000,9.8,122
real_metallica_20260214,2025-10-13,299,2259,59800,451800,11.29,123
real_metallica_20260214,2025-10-12,136,2395,27200,479000,11.97,124
real_metallica_20260214,2025-10-11,263,2658,52600,531600,13.29,125
real_metallica_20260214,2025-10-10,97,2755,19400,551000,13.78,126
real_metallica_20260214,2025-10-09,192,2947,38400,589400,14.74,127
real_metallica_20260214,2025-10-08,30,2977,6000,595400,14.89,128
real_metallica_20260214,2025-10-07,129,3106,25800,621200,15.53,129
real_metallica_20260214,2025-10-06,67,3173,13400,634600,15.87,130
real_metallica_20260214,2025-10-05,164,3337,32800,667400,16.68,131
real_metallica_20260214,2025-10-04,389,3726,77800,745200,18.63,132
real_metallica_20260214,2025-10-03,201,3927,40200,785400,19.63,133
real_metallica_20260214,2025-10-02,295,4222,59000,844400,21.11,134
real_metallica_20260214,2025-10-01,321,4543,64200,908600,22.71,135
real_metallica_20260214,2025-09-30,231,4774,46200,954800,23.87,136
real_metallica_20260214,2025-09-29,196,4970,39200,994000,24.85,137
real_metallica_20260214,2025-09-28,131,5101,26200,1020200,25.5,138
real_metallica_20260214,2025-09-27,355,5456,71000,1091200,27.28,139
real_metallica_20260214,2025-09-26,188,5644,37600,1128800,28.22,140
real_metallica_20260214,2025-09-25,249,5893,49800,1178600,29.47,141
real_metallica_20260214,2025-09-24,1,5894,200,1178800,29.47,142
real_metallica_20260214,2025-09-23,433,6327,86600,1265400,31.64,143
real_metallica_20260214,2025-09-22,374,6701,74800,1340200,33.51,144
real_metallica_20260214,2025-09-21,325,7026,65000,1405200,35.13,145
real_metallica_20260214,2025-09-20,183,7209,36600,1441800,36.05,146
real_metallica_20260214,2025-09-19,407,7616,81400,1523200,38.08,147
real_metallica_20260214,2025-09-18,111,7727,22200,1545400,38.64,148
real_metallica_20260214,2025-09-17,422,8149,84400,1629800,40.74,149
real_metallica_20260214,2025-09-16,68,8217,13600,1643400,41.09,150
real_metallica_20260214,2025-09-15,145,8362,29000,1672400,41.81,151
real_metallica_20260214,2025-09-14,66,8428,13200,1685600,42.14,152
real_metallica_20260214,2025-09-13,248,8676,49600,1735200,43.38,153
real_metallica_20260214,2025-09-12,349,9025,69800,1805000,45.12,154
real_metallica_20260214,2025-09-11,23,9048,4600,1809600,45.24,155
real_metallica_20260214,2025-09-10,200,9248,40000,1849600,46.24,156
real_metallica_20260214,2025-09-09,8,9256,1600,1851200,46.28,157
real_metallica_20260214,2025-09-08,40,9296,8000,1859200,46.48,158
real_metallica_20260214,2025-09-06,438,9734,87600,1946800,48.67,160
real_metallica_20260214,2025-09-05,176,9910,35200,1982000,49.55,161
real_metallica_20260214,2025-09-04,451,10361,90200,2072200,51.8,162
real_metallica_20260214,2025-09-03,81,10442,16200,2088400,52.21,163
real_metallica_20260214,2025-09-02,448,10890,89600,2178000,54.45,164
real_metallica_20260214,2025-09-01,184,11074,36800,2214800,55.37,165
real_metallica_20260214,2025-08-31,190,11264,38000,2252800,56.32,166
real_metallica_20260214,2025-08-30,332,11596,66400,2319200,57.98,167
real_metallica_20260214,2025-08-29,101,11697,20200,2339400,58.48,168
real_metallica_20260214,2025-08-28,371,12068,74200,2413600,60.34,169
real_metallica_20260214,2025-08-27,119,12187,23800,2437400,60.93,170
real_metallica_20260214,2025-08-26,46,12233,9200,2446600,61.17,171
real_metallica_20260214,2025-08-24,19,12252,3800,2450400,61.26,173
real_metallica_20260214,2025-08-23,57,12309,11400,2461800,61.55,174
real_metallica_20260214,2025-08-22,227,12536,45400,2507200,62.68,175
real_metallica_20260214,2025-08-21,87,12623,17400,2524600,63.12,176
real_metallica_20260214,2025-08-20,440,13063,88000,2612600,65.31,177
real_metallica_20260214,2025-08-19,67,13130,13400,2626000,65.65,178
real_metallica_20260214,2025-08-18,117,13247,23400,2649400,66.23,179
real_metallica_20260214,2025-08-17,52,13299,10400,2659800,66.5,180
real_metallica_20260214,2025-08-16,47,13346,9400,2669200,66.73,181
real_metallica_20260214,2025-08-15,35,13381,7000,2676200,66.91,182
real_metallica_20260214,2025-08-14,34,13415,6800,2683000,67.07,183
real_metallica_20260214,2025-08-13,173,13588,34600,2717600,67.94,184
real_metallica_20260214,2025-08-12,67,13655,13400,2731000,68.27,185
real_metallica_20260214,2025-08-11,156,13811,31200,2762200,69.06,186
real_metallica_20260214,2025-08-10,112,13923,22400,2784600,69.62,187
real_metallica_20260214,2025-08-09,54,13977,10800,2795400,69.88,188
real_metallica_20260214,2025-08-08,38,14015,7600,2803000,70.08,189
real_metallica_20260214,2025-08-07,157,14172,31400,2834400,70.86,190
real_metallica_20260214,2025-08-06,55,14227,11000,2845400,71.14,191
real_metallica_20260214,2025-08-05,12,14239,2400,2847800,71.19,192
real_metallica_20260214,2025-08-04,15,14254,3000,2850800,71.27,193
real_metallica_20260214,2025-08-03,98,14352,19600,2870400,71.76,194
real_metallica_20260214,2025-08-02,109,14461,21800,2892200,72.3,195
real_metallica_20260214,2025-08-01,35,14496,7000,2899200,72.48,196
real_metallica_20260214,2025-07-31,21,14517,4200,2903400,72.58,197
real_metallica_20260214,2025-07-30,72,14589,14400,2917800,72.95,198
real_metallica_20260214,2025-07-29,176,14765,35200,2953000,73.83,199
real_metallica_20260214,2025-07-28,84,14849,16800,2969800,74.25,200
real_metallica_20260214,2025-07-27,52,14901,10400,2980200,74.5,201
real_metallica_20260214,2025-07-26,130,15031,26000,3006200,75.16,202
real_metallica_20260214,2025-07-25,50,15081,10000,3016200,75.41,203
real_metallica_20260214,2025-07-24,13,15094,2600,3018800,75.47,204
real_metallica_20260214,2025-07-23,203,15297,40600,3059400,76.48,205
real_metallica_20260214,2025-07-22,126,15423,25200,3084600,77.11,206
real_metallica_20260214,2025-07-21,61,15484,12200,3096800,77.42,207
real_metallica_20260214,2025-07-20,152,15636,30400,3127200,78.18,208
real_metallica_20260214,2025-07-19,1,15637,200,3127400,78.19,209
real_metallica_20260214,2025-07-18,162,15799,32400,3159800,79.0,210
real_metallica_20260214,2025-07-17,107,15906,21400,3181200,79.53,211
real_metallica_20260214,2025-07-16,93,15999,18600,3199800,80.0,212
real_metallica_20260214,2025-07-15,44,16043,8800,3208600,80.22,213
real_metallica_20260214,2025-07-14,197,16240,39400,3248000,81.2,214
real_metallica_20260214,2025-07-13,75,16315,15000,3263000,81.58,215
real_metallica_20260214,2025-07-12,33,16348,6600,3269600,81.74,216
real_metallica_20260214,2025-07-11,118,16466,23600,3293200,82.33,217
real_metallica_20260214,2025-07-10,50,16516,10000,3303200,82.58,218
real_metallica_20260214,2025-07-09,160,16676,32000,3335200,83.38,219
real_metallica_20260214,2025-07-08,196,16872,39200,3374400,84.36,220
real_metallica_20260214,2025-07-07,102,16974,20400,3394800,84.87,221
real_metallica_20260214,2025-07-06,68,17042,13600,3408400,85.21,222
real_metallica_20260214,2025-07-05,39,17081,7800,3416200,85.41,223
real_metallica_20260214,2025-07-04,79,17160,15800,3432000,85.8,224
real_metallica_20260215,2025-10-23,52,52,10400,10400,0.26,114
real_metallica_20260215,2025-10-22,79,131,15800,26200,0.66,115
real_metallica_20260215,2025-10-21,200,331,40000,66200,1.65,116
real_metallica_20260215,2025-10-20,332,663,66400,132600,3.31,117
real_metallica_20260215,2025-10-19,33,696,6600,139200,3.48,118
real_metallica_20260215,2025-10-18,223,919,44600,183800,4.59,119
real_metallica_20260215,2025-10-17,122,1041,24400,208200,5.21,120
real_metallica_20260215,2025-10-16,22,1063,4400,212600,5.32,121
real_metallica_20260215,2025-10-15,59,1122,11800,224400,5.61,122
real_metallica_20260215,2025-10-14,311,1433,62200,286600,7.17,123
real_metallica_20260215,2025-10-13,170,1603,34000,320600,8.02,124
real_metallica_20260215,2025-10-12,379,1982,75800,396400,9.91,125
real_metallica_20260215,2025-10-11,3,1985,600,397000,9.93,126
real_metallica_20260215,2025-10-10,359,2344,71800,468800,11.72,127
real_metallica_20260215,2025-10-09,127,2471,25400,494200,12.35,128
real_metallica_20260215,2025-10-08,267,2738,53400,547600,13.69,129
real_metallica_20260215,2025-10-07,132,2870,26400,574000,14.35,130
real_metallica_20260215,2025-10-06,32,2902,6400,580400,14.51,131
real_metallica_20260215,2025-10-05,137,3039,27400,607800,15.2,132
real_metallica_20260215,2025-10-04,60,3099,12000,619800,15.5,133
real_metallica_20260215,2025-10-03,15,3114,3000,622800,15.57,134
real_metallica_20260215,2025-10-02,219,3333,43800,666600,16.66,135
real_metallica_20260215,2025-10-01,32,3365,6400,673000,16.83,136
real_metallica_20260215,2025-09-30,39,3404,7800,680800,17.02,137
real_metallica_20260215,2025-09-29,261,3665,52200,733000,18.32,138
real_metallica_20260215,2025-09-28,255,3920,51000,784000,19.6,139
real_metallica_20260215,2025-09-27,85,4005,17000,801000,20.03,140
real_metallica_20260215,2025-09-26,130,4135,26000,827000,20.67,141
real_metallica_20260215,2025-09-25,293,4428,58600,885600,22.14,142
real_metallica_20260215,2025-09-24,59,4487,11800,897400,22.43,143
real_metallica_20260215,2025-09-23,130,4617,26000,923400,23.09,144
real_metallica_20260215,2025-09-22,3,4620,600,924000,23.1,145
real_metallica_20260215,2025-09-21,241,4861,48200,972200,24.3,146
real_metallica_20260215,2025-09-20,76,4937,15200,987400,24.69,147
real_metallica_20260215,2025-09-19,219,5156,43800,1031200,25.78,148
real_metallica_20260215,2025-09-18,182,5338,36400,1067600,26.69,149
real_metallica_20260215,2025-09-17,214,5552,42800,1110400,27.76,150
real_metallica_20260215,2025-09-16,63,5615,12600,1123000,28.07,151
real_metallica_20260215,2025-09-15,163,5778,32600,1155600,28.89,152
real_metallica_20260215,2025-09-14,39,5817,7800,1163400,29.09,153
real_metallica_20260215,2025-09-13,61,5878,12200,1175600,29.39,154
real_metallica_20260215,2025-09-12,26,5904,5200,1180800,29.52,155
real_metallica_20260215,2025-09-11,205,6109,41000,1221800,30.55,156
real_metallica_20260215,2025-09-10,23,6132,4600,1226400,30.66,157
real_metallica_20260215,2025-09-09,35,6167,7000,1233400,30.84,158
real_metallica_20260215,2025-09-08,443,6610,88600,1322000,33.05,159
real_metallica_20260215,2025-09-07,159,6769,31800,1353800,33.84,160
real_metallica_20260215,2025-09-06,283,7052,56600,1410400,35.26,161
real_metallica_20260215,2025-09-05,188,7240,37600,1448000,36.2,162
real_metallica_20260215,2025-09-04,144,7384,28800,1476800,36.92,163
real_metallica_20260215,2025-09-03,378,7762,75600,1552400,38.81,164
real_metallica_20260215,2025-09-02,237,7999,47400,1599800,40.0,165
real_metallica_20260215,2025-09-01,252,8251,50400,1650200,41.25,166
real_metallica_20260215,2025-08-31,200,8451,40000,1690200,42.25,167
real_metallica_20260215,2025-08-30,279,8730,55800,1746000,43.65,168
real_metallica_20260215,2025-08-29,125,8855,25000,1771000,44.27,169
real_metallica_20260215,2025-08-28,104,8959,20800,1791800,44.8,170
real_metallica_20260215,2025-08-27,138,9097,27600,1819400,45.48,171
real_metallica_20260215,2025-08-26,4,9101,800,1820200,45.51,172
real_metallica_20260215,2025-08-24,192,9293,38400,1858600,46.47,174
real_metallica_20260215,2025-08-23,372,9665,74400,1933000,48.33,175
real_metallica_20260215,2025-08-22,105,9770,21000,1954000,48.85,176
real_metallica_20260215,2025-08-21,121,9891,24200,1978200,49.45,177
real_metallica_20260215,2025-08-20,30,9921,6000,1984200,49.6,178
real_metallica_20260215,2025-08-19,72,9993,14400,1998600,49.96,179
real_metallica_20260215,2025-08-18,47,10040,9400,2008000,50.2,180
real_metallica_20260215,2025-08-17,29,10069,5800,2013800,50.34,181
real_metallica_20260215,2025-08-16,133,10202,26600,2040400,51.01,182
real_metallica_20260215,2025-08-15,95,10297,19000,2059400,51.48,183
real_metallica_20260215,2025-08-14,21,10318,4200,2063600,51.59,184
real_metallica_20260215,2025-08-13,129,10447,25800,2089400,52.23,185
real_metallica_20260215,2025-08-12,104,10551,20800,2110200,52.75,186
real_metallica_20260215,2025-08-11,151,10702,30200,2140400,53.51,187
real_metallica_20260215,2025-08-10,111,10813,22200,2162600,54.06,188
real_metallica_20260215,2025-08-09,33,10846,6600,2169200,54.23,189
real_metallica_20260215,2025-08-08,66,10912,13200,2182400,54.56,190
real_metallica_20260215,2025-08-07,205,11117,41000,2223400,55.58,191
real_metallica_20260215,2025-08-06,83,11200,16600,2240000,56.0,192
real_metallica_20260215,2025-08-05,69,11269,13800,2253800,56.34,193
real_metallica_20260215,2025-08-04,120,11389,24000,2277800,56.95,194
real_metallica_20260215,2025-08-03,99,11488,19800,2297600,57.44,195
real_metallica_20260215,2025-08-02,27,11515,5400,2303000,57.57,196
real_metallica_20260215,2025-08-01,21,11536,4200,2307200,57.68,197
real_metallica_20260215,2025-07-31,80,11616,16000,2323200,58.08,198
real_metallica_20260215,2025-07-30,137,11753,27400,2350600,58.77,199
real_metallica_20260215,2025-07-29,53,11806,10600,2361200,59.03,200
real_metallica_20260215,2025-07-28,118,11924,23600,2384800,59.62,201
real_metallica_20260215,2025-07-27,30,11954,6000,2390800,59.77,202
real_metallica_20260215,2025-07-26,87,12041,17400,2408200,60.2,203
real_metallica_20260215,2025-07-25,10,12051,2000,2410200,60.26,204
real_metallica_20260215,2025-07-24,109,12160,21800,2432000,60.8,205
real_metallica_20260215,2025-07-23,23,12183,4600,2436600,60.91,206
real_metallica_20260215,2025-07-22,91,12274,18200,2454800,61.37,207
real_metallica_20260215,2025-07-21,12,12286,2400,2457200,61.43,208
real_metallica_20260215,2025-07-20,66,12352,13200,2470400,61.76,209
real_metallica_20260215,2025-07-19,44,12396,8800,2479200,61.98,210
real_metallica_20260215,2025-07-18,51,12447,10200,2489400,62.23,211
real_metallica_20260215,2025-07-17,142,12589,28400,2517800,62.94,212
real_metallica_20260215,2025-07-16,63,12652,12600,2530400,63.26,213
real_metallica_20260215,2025-07-15,13,12665,2600,2533000,63.32,214
real_metallica_20260215,2025-07-14,35,12700,7000,2540000,63.5,215
real_metallica_20260215,2025-07-13,7,12707,1400,2541400,63.53,216
real_metallica_20260215,2025-07-12,56,12763,11200,2552600,63.81,217
real_metallica_20260215,2025-07-11,105,12868,21000,2573600,64.34,218
real_metallica_20260215,2025-07-10,21,12889,4200,2577800,64.44,219
real_metallica_20260215,2025-07-09,66,12955,13200,2591000,64.78,220
real_metallica_20260215,2025-07-08,19,12974,3800,2594800,64.87,221
real_metallica_20260215,2025-07-07,8,12982,1600,2596400,64.91,222
real_metallica_20260215,2025-07-06,82,13064,16400,2612800,65.32,223
real_metallica_20260215,2025-07-05,32,13096,6400,2619200,65.48,224
real_metallica_20260215,2025-07-04,42,13138,8400,2627600,65.69,225
real_metallica_20260215,2025-07-03,59,13197,11800,2639400,65.98,226
real_metallica_20260221,2025-10-23,146,146,29200,29200,0.73,120
real_metallica_20260221,2025-10-22,202,348,40400,69600,1.74,121
real_metallica_20260221,2025-10-21,195,543,39000,108600,2.71,122
real_metallica_20260221,2025-10-20,88,631,17600,126200,3.16,123
real_metallica_20260221,2025-10-19,95,726,19000,145200,3.63,124
real_metallica_20260221,2025-10-18,228,954,45600,190800,4.77,125
real_metallica_20260221,2025-10-17,17,971,3400,194200,4.86,126
real_metallica_20260221,2025-10-16,315,1286,63000,257200,6.43,127
real_metallica_20260221,2025-10-15,151,1437,30200,287400,7.18,128
real_metallica_20260221,2025-10-14,281,1718,56200,343600,8.59,129
real_metallica_20260221,2025-10-13,44,1762,8800,352400,8.81,130
real_metallica_20260221,2025-10-12,70,1832,14000,366400,9.16,131
real_metallica_20260221,2025-10-11,269,2101,53800,420200,10.51,132
real_metallica_20260221,2025-10-10,9,2110,1800,422000,10.55,133
real_metallica_20260221,2025-10-09,367,2477,73400,495400,12.38,134
real_metallica_20260221,2025-10-08,248,2725,49600,545000,13.63,135
real_metallica_20260221,2025-10-07,289,3014,57800,602800,15.07,136
real_metallica_20260221,2025-10-06,198,3212,39600,642400,16.06,137
real_metallica_20260221,2025-10-05,13,3225,2600,645000,16.12,138
real_metallica_20260221,2025-10-04,112,3337,22400,667400,16.68,139
real_metallica_20260221,2025-10-03,71,3408,14200,681600,17.04,140
real_metallica_20260221,2025-10-02,120,3528,24000,705600,17.64,141
real_metallica_20260221,2025-10-01,299,3827,59800,765400,19.13,142
real_metallica_20260221,2025-09-30,163,3990,32600,798000,19.95,143
real_metallica_20260221,2025-09-29,168,4158,33600,831600,20.79,144
real_metallica_20260221,2025-09-28,28,4186,5600,837200,20.93,145
real_metallica_20260221,2025-09-27,112,4298,22400,859600,21.49,146
real_metallica_20260221,2025-09-26,198,4496,39600,899200,22.48,147
real_metallica_20260221,2025-09-25,88,4584,17600,916800,22.92,148
real_metallica_20260221,2025-09-24,151,4735,30200,947000,23.67,149
real_metallica_20260221,2025-09-23,183,4918,36600,983600,24.59,150
real_metallica_20260221,2025-09-22,14,4932,2800,986400,24.66,151
real_metallica_20260221,2025-09-21,180,5112,36000,1022400,25.56,152
real_metallica_20260221,2025-09-20,288,5400,57600,1080000,27.0,153
real_metallica_20260221,2025-09-19,48,5448,9600,1089600,27.24,154
real_metallica_20260221,2025-09-18,414,5862,82800,1172400,29.31,155
real_metallica_20260221,2025-09-17,252,6114,50400,1222800,30.57,156
real_metallica_20260221,2025-09-16,89,6203,17800,1240600,31.01,157
real_metallica_20260221,2025-09-15,46,6249,9200,1249800,31.25,158
real_metallica_20260221,2025-09-14,154,6403,30800,1280600,32.02,159
real_metallica_20260221,2025-09-13,134,6537,26800,1307400,32.68,160
real_metallica_20260221,2025-09-12,169,6706,33800,1341200,33.53,161
real_metallica_20260221,2025-09-11,103,6809,20600,1361800,34.04,162
real_metallica_20260221,2025-09-10,174,6983,34800,1396600,34.91,163
real_metallica_20260221,2025-09-09,410,7393,82000,1478600,36.96,164
real_metallica_20260221,2025-09-08,165,7558,33000,1511600,37.79,165
real_metallica_20260221,2025-09-07,37,7595,7400,1519000,37.97,166
real_metallica_20260221,2025-09-06,72,7667,14400,1533400,38.34,167
real_metallica_20260221,2025-09-05,433,8100,86600,1620000,40.5,168
real_metallica_20260221,2025-09-04,186,8286,37200,1657200,41.43,169
real_metallica_20260221,2025-09-03,191,8477,38200,1695400,42.38,170
real_metallica_20260221,2025-09-02,339,8816,67800,1763200,44.08,171
real_metallica_20260221,2025-09-01,51,8867,10200,1773400,44.34,172
real_metallica_20260221,2025-08-31,165,9032,33000,1806400,45.16,173
real_metallica_20260221,2025-08-30,40,9072,8000,1814400,45.36,174
real_metallica_20260221,2025-08-29,223,9295,44600,1859000,46.48,175
real_metallica_20260221,2025-08-28,249,9544,49800,1908800,47.72,176
real_metallica_20260221,2025-08-27,89,9633,17800,1926600,48.16,177
real_metallica_20260221,2025-08-26,287,9920,57400,1984000,49.6,178
real_metallica_20260221,2025-08-25,314,10234,62800,2046800,51.17,179
real_metallica_20260221,2025-08-24,114,10348,22800,2069600,51.74,180
real_metallica_20260221,2025-08-23,44,10392,8800,2078400,51.96,181
real_metallica_20260221,2025-08-22,75,10467,15000,2093400,52.34,182
real_metallica_20260221,2025-08-21,93,10560,18600,2112000,52.8,183
real_metallica_20260221,2025-08-20,73,10633,14600,2126600,53.16,184
real_metallica_20260221,2025-08-19,145,10778,29000,2155600,53.89,185
real_metallica_20260221,2025-08-18,77,10855,15400,2171000,54.27,186
real_metallica_20260221,2025-08-17,56,10911,11200,2182200,54.55,187
real_metallica_20260221,2025-08-16,26,10937,5200,2187400,54.68,188
real_metallica_20260221,2025-08-15,36,10973,7200,2194600,54.86,189
real_metallica_20260221,2025-08-14,19,10992,3800,2198400,54.96,190
real_metallica_20260221,2025-08-13,81,11073,16200,2214600,55.36,191
real_metallica_20260221,2025-08-12,113,11186,22600,2237200,55.93,192
real_metallica_20260221,2025-08-11,210,11396,42000,2279200,56.98,193
real_metallica_20260221,2025-08-10,163,11559,32600,2311800,57.79,194
real_metallica_20260221,2025-08-09,85,11644,17000,2328800,58.22,195
real_metallica_20260221,2025-08-08,67,11711,13400,2342200,58.55,196
real_metallica_20260221,2025-08-07,88,11799,17600,2359800,58.99,197
real_metallica_20260221,2025-08-06,32,11831,6400,2366200,59.16,198
real_metallica_20260221,2025-08-05,184,12015,36800,2403000,60.08,199
real_metallica_20260221,2025-08-04,49,12064,9800,2412800,60.32,200
real_metallica_20260221,2025-08-03,107,12171,21400,2434200,60.86,201
real_metallica_20260221,2025-08-02,226,12397,45200,2479400,61.98,202
real_metallica_20260221,2025-08-01,96,12493,19200,2498600,62.47,203
real_metallica_20260221,2025-07-31,96,12589,19200,2517800,62.94,204
real_metallica_20260221,2025-07-30,61,12650,12200,2530000,63.25,205
real_metallica_20260221,2025-07-29,147,12797,29400,2559400,63.98,206
real_metallica_20260221,2025-07-28,175,12972,35000,2594400,64.86,207
real_metallica_20260221,2025-07-27,57,13029,11400,2605800,65.14,208
real_metallica_20260221,2025-07-26,4,13033,800,2606600,65.16,209
real_metallica_20260221,2025-07-25,81,13114,16200,2622800,65.57,210
real_metallica_20260221,2025-07-24,26,13140,5200,2628000,65.7,211
real_metallica_20260221,2025-07-23,21,13161,4200,2632200,65.81,212
real_metallica_20260221,2025-07-22,41,13202,8200,2640400,66.01,213
real_metallica_20260221,2025-07-21,140,13342,28000,2668400,66.71,214
real_metallica_20260221,2025-07-20,23,13365,4600,2673000,66.83,215
real_metallica_20260221,2025-07-19,123,13488,24600,2697600,67.44,216
real_metallica_20260221,2025-07-18,110,13598,22000,2719600,67.99,217
real_metallica_20260221,2025-07-17,42,13640,8400,2728000,68.2,218
real_metallica_20260221,2025-07-16,111,13751,22200,2750200,68.75,219
real_metallica_20260221,2025-07-15,12,13763,2400,2752600,68.81,220
real_metallica_20260221,2025-07-14,48,13811,9600,2762200,69.06,221
real_metallica_20260221,2025-07-13,141,13952,28200,2790400,69.76,222
real_metallica_20260221,2025-07-12,186,14138,37200,2827600,70.69,223
real_metallica_20260221,2025-07-11,169,14307,33800,2861400,71.54,224
real_metallica_20260221,2025-07-10,60,14367,12000,2873400,71.84,225
real_metallica_20260221,2025-07-09,50,14417,10000,2883400,72.08,226
real_metallica_20260221,2025-07-08,125,14542,25000,2908400,72.71,227
real_metallica_20260221,2025-07-07,46,14588,9200,2917600,72.94,228
real_metallica_20260221,2025-07-06,11,14599,2200,2919800,73.0,229
real_metallica_20260221,2025-07-05,122,14721,24400,2944200,73.61,230
real_metallica_20260221,2025-07-04,3,14724,600,2944800,73.62,231
real_metallica_20260221,2025-07-03,81,14805,16200,2961000,74.02,232
real_metallica_20260221,2025-07-02,20,14825,4000,2965000,74.12,233
real_metallica_20260221,2025-07-01,29,14854,5800,2970800,74.27,234
real_metallica_20260221,2025-06-30,101,14955,20200,2991000,74.78,235
real_metallica_20260221,2025-06-29,67,15022,13400,3004400,75.11,236
real_metallica_20260221,2025-06-28,69,15091,13800,3018200,75.46,237
real_metallica_20260221,2025-06-27,94,15185,18800,3037000,75.92,238
real_metallica_20260222,2025-10-23,189,189,37800,37800,0.95,121
real_metallica_20260222,2025-10-22,11,200,2200,40000,1.0,122
real_metallica_20260222,2025-10-21,238,438,47600,87600,2.19,123
real_metallica_20260222,2025-10-20,137,575,27400,115000,2.88,124
real_metallica_20260222,2025-10-19,77,652,15400,130400,3.26,125
real_metallica_20260222,2025-10-18,341,993,68200,198600,4.96,126
real_metallica_20260222,2025-10-17,171,1164,34200,232800,5.82,127
real_metallica_20260222,2025-10-16,277,1441,55400,288200,7.21,128
real_metallica_20260222,2025-10-15,301,1742,60200,348400,8.71,129
real_metallica_20260222,2025-10-14,15,1757,3000,351400,8.79,130
real_metallica_20260222,2025-10-13,419,2176,83800,435200,10.88,131
real_metallica_20260222,2025-10-12,274,2450,54800,490000,12.25,132
real_metallica_20260222,2025-10-11,243,2693,48600,538600,13.46,133
real_metallica_20260222,2025-10-10,120,2813,24000,562600,14.06,134
real_metallica_20260222,2025-10-09,40,2853,8000,570600,14.27,135
real_metallica_20260222,2025-10-08,17,2870,3400,574000,14.35,136
real_metallica_20260222,2025-10-07,264,3134,52800,626800,15.67,137
real_metallica_20260222,2025-10-06,346,3480,69200,696000,17.4,138
real_metallica_20260222,2025-10-05,150,3630,30000,726000,18.15,139
real_metallica_20260222,2025-10-04,193,3823,38600,764600,19.11,140
real_metallica_20260222,2025-10-03,85,3908,17000,781600,19.54,141
real_metallica_20260222,2025-10-02,413,4321,82600,864200,21.61,142
real_metallica_20260222,2025-10-01,10,4331,2000,866200,21.65,143
real_metallica_20260222,2025-09-30,222,4553,44400,910600,22.77,144
real_metallica_20260222,2025-09-29,210,4763,42000,952600,23.82,145
real_metallica_20260222,2025-09-28,304,5067,60800,1013400,25.34,146
real_metallica_20260222,2025-09-27,34,5101,6800,1020200,25.5,147
real_metallica_20260222,2025-09-26,142,5243,28400,1048600,26.21,148
real_metallica_20260222,2025-09-25,166,5409,33200,1081800,27.05,149
real_metallica_20260222,2025-09-24,266,5675,53200,1135000,28.38,150
real_metallica_20260222,2025-09-23,6,5681,1200,1136200,28.41,151
real_metallica_20260222,2025-09-22,319,6000,63800,1200000,30.0,152
real_metallica_20260222,2025-09-21,214,6214,42800,1242800,31.07,153
real_metallica_20260222,2025-09-20,38,6252,7600,1250400,31.26,154
real_metallica_20260222,2025-09-19,150,6402,30000,1280400,32.01,155
real_metallica_20260222,2025-09-18,51,6453,10200,1290600,32.27,156
real_metallica_20260222,2025-09-17,288,6741,57600,1348200,33.7,157
real_metallica_20260222,2025-09-16,402,7143,80400,1428600,35.72,158
real_metallica_20260222,2025-09-15,176,7319,35200,1463800,36.59,159
real_metallica_20260222,2025-09-14,135,7454,27000,1490800,37.27,160
real_metallica_20260222,2025-09-13,248,7702,49600,1540400,38.51,161
real_metallica_20260222,2025-09-12,242,7944,48400,1588800,39.72,162
real_metallica_20260222,2025-09-11,70,8014,14000,1602800,40.07,163
real_metallica_20260222,2025-09-10,311,8325,62200,1665000,41.62,164
real_metallica_20260222,2025-09-09,205,8530,41000,1706000,42.65,165
real_metallica_20260222,2025-09-08,84,8614,16800,1722800,43.07,166
real_metallica_20260222,2025-09-07,25,8639,5000,1727800,43.2,167
real_metallica_20260222,2025-09-06,137,8776,27400,1755200,43.88,168
real_metallica_20260222,2025-09-05,10,8786,2000,1757200,43.93,169
real_metallica_20260222,2025-09-04,155,8941,31000,1788200,44.7,170
real_metallica_20260222,2025-09-03,251,9192,50200,1838400,45.96,171
real_metallica_20260222,2025-09-02,350,9542,70000,1908400,47.71,172
real_metallica_20260222,2025-09-01,58,9600,11600,1920000,48.0,173
real_metallica_20260222,2025-08-31,190,9790,38000,1958000,48.95,174
real_metallica_20260222,2025-08-30,164,9954,32800,1990800,49.77,175
real_metallica_20260222,2025-08-29,213,10167,42600,2033400,50.83,176
real_metallica_20260222,2025-08-28,45,10212,9000,2042400,51.06,177
real_metallica_20260222,2025-08-27,54,10266,10800,2053200,51.33,178
real_metallica_20260222,2025-08-26,208,10474,41600,2094800,52.37,179
real_metallica_20260222,2025-08-25,388,10862,77600,2172400,54.31,180
real_metallica_20260222,2025-08-24,95,10957,19000,2191400,54.78,181
real_metallica_20260222,2025-08-23,131,11088,26200,2217600,55.44,182
real_metallica_20260222,2025-08-22,16,11104,3200,2220800,55.52,183
real_metallica_20260222,2025-08-21,129,11233,25800,2246600,56.16,184
real_metallica_20260222,2025-08-20,134,11367,26800,2273400,56.84,185
real_metallica_20260222,2025-08-19,7,11374,1400,2274800,56.87,186
real_metallica_20260222,2025-08-18,112,11486,22400,2297200,57.43,187
real_metallica_20260222,2025-08-17,214,11700,42800,2340000,58.5,188
real_metallica_20260222,2025-08-16,4,11704,800,2340800,58.52,189
real_metallica_20260222,2025-08-15,92,11796,18400,2359200,58.98,190
real_metallica_20260222,2025-08-14,70,11866,14000,2373200,59.33,191
real_metallica_20260222,2025-08-13,118,11984,23600,2396800,59.92,192
real_metallica_20260222,2025-08-12,162,12146,32400,2429200,60.73,193
real_metallica_20260222,2025-08-11,174,12320,34800,2464000,61.6,194
real_metallica_20260222,2025-08-10,47,12367,9400,2473400,61.83,195
real_metallica_20260222,2025-08-09,114,12481,22800,2496200,62.41,196
real_metallica_20260222,2025-08-08,111,12592,22200,2518400,62.96,197
real_metallica_20260222,2025-08-07,141,12733,28200,2546600,63.67,198
real_metallica_20260222,2025-08-06,41,12774,8200,2554800,63.87,199
real_metallica_20260222,2025-08-05,66,12840,13200,2568000,64.2,200
real_metallica_20260222,2025-08-04,176,13016,35200,2603200,65.08,201
real_metallica_20260222,2025-08-03,3,13019,600,2603800,65.09,202
real_metallica_20260222,2025-08-02,41,13060,8200,2612000,65.3,203
real_metallica_20260222,2025-08-01,199,13259,39800,2651800,66.3,204
real_metallica_20260222,2025-07-31,219,13478,43800,2695600,67.39,205
real_metallica_20260222,2025-07-30,28,13506,5600,2701200,67.53,206
real_metallica_20260222,2025-07-29,68,13574,13600,2714800,67.87,207
real_metallica_20260222,2025-07-28,131,13705,26200,2741000,68.53,208
real_metallica_20260222,2025-07-27,87,13792,17400,2758400,68.96,209
real_metallica_20260222,2025-07-26,16,13808,3200,2761600,69.04,210
real_metallica_20260222,2025-07-25,153,13961,30600,2792200,69.8,211
real_metallica_20260222,2025-07-24,57,14018,11400,2803600,70.09,212
real_metallica_20260222,2025-07-23,78,14096,15600,2819200,70.48,213
real_metallica_20260222,2025-07-22,181,14277,36200,2855400,71.39,214
real_metallica_20260222,2025-07-21,108,14385,21600,2877000,71.92,215
real_metallica_20260222,2025-07-20,218,14603,43600,2920600,73.02,216
real_metallica_20260222,2025-07-19,64,14667,12800,2933400,73.33,217
real_metallica_20260222,2025-07-18,38,14705,7600,2941000,73.52,218
real_metallica_20260222,2025-07-17,159,14864,31800,2972800,74.32,219
real_metallica_20260222,2025-07-16,26,14890,5200,2978000,74.45,220
real_metallica_20260222,2025-07-15,84,14974,16800,2994800,74.87,221
real_metallica_20260222,2025-07-14,214,15188,42800,3037600,75.94,222
real_metallica_20260222,2025-07-13,72,15260,14400,3052000,76.3,223
real_metallica_20260222,2025-07-12,27,15287,5400,3057400,76.44,224
real_metallica_20260222,2025-07-11,86,15373,17200,3074600,76.87,225
real_metallica_20260222,2025-07-10,166,15539,33200,3107800,77.7,226
real_metallica_20260222,2025-07-09,66,15605,13200,3121000,78.03,227
real_metallica_20260222,2025-07-08,166,15771,33200,3154200,78.86,228
real_metallica_20260222,2025-07-07,38,15809,7600,3161800,79.05,229
real_metallica_20260222,2025-07-06,61,15870,12200,3174000,79.35,230
real_metallica_20260222,2025-07-05,206,16076,41200,3215200,80.38,231
real_metallica_20260222,2025-07-04,207,16283,41400,3256600,81.42,232
real_metallica_20260222,2025-07-03,169,16452,33800,3290400,82.26,233
real_metallica_20260222,2025-07-02,35,16487,7000,3297400,82.44,234
real_metallica_20260222,2025-07-01,167,16654,33400,3330800,83.27,235
real_metallica_20260222,2025-06-30,75,16729,15000,3345800,83.64,236
real_metallica_20260222,2025-06-29,107,16836,21400,3367200,84.18,237
real_metallica_20260222,2025-06-28,9,16845,1800,3369000,84.23,238
real_metallica_20260222,2025-06-27,146,16991,29200,3398200,84.95,239
real_metallica_20260222,2025-06-26,87,17078,17400,3415600,85.39,240
real_metallica_20260321,2025-10-23,113,113,22600,22600,0.56,148
real_metallica_20260321,2025-10-22,326,439,65200,87800,2.2,149
real_metallica_20260321,2025-10-21,343,782,68600,156400,3.91,150
real_metallica_20260321,2025-10-20,153,935,30600,187000,4.67,151
real_metallica_20260321,2025-10-19,430,1365,86000,273000,6.83,152
real_metallica_20260321,2025-10-18,285,1650,57000,330000,8.25,153
real_metallica_20260321,2025-10-17,24,1674,4800,334800,8.37,154
real_metallica_20260321,2025-10-16,132,1806,26400,361200,9.03,155
real_metallica_20260321,2025-10-15,286,2092,57200,418400,10.46,156
real_metallica_20260321,2025-10-14,93,2185,18600,437000,10.93,157
real_metallica_20260321,2025-10-13,460,2645,92000,529000,13.23,158
real_metallica_20260321,2025-10-12,45,2690,9000,538000,13.45,159
real_metallica_20260321,2025-10-11,57,2747,11400,549400,13.73,160
real_metallica_20260321,2025-10-10,157,2904,31400,580800,14.52,161
real_metallica_20260321,2025-10-09,169,3073,33800,614600,15.37,162
real_metallica_20260321,2025-10-08,299,3372,59800,674400,16.86,163
real_metallica_20260321,2025-10-07,60,3432,12000,686400,17.16,164
real_metallica_20260321,2025-10-06,324,3756,64800,751200,18.78,165
real_metallica_20260321,2025-10-05,317,4073,63400,814600,20.36,166
real_metallica_20260321,2025-10-04,49,4122,9800,824400,20.61,167
real_metallica_20260321,2025-10-03,195,4317,39000,863400,21.58,168
real_metallica_20260321,2025-10-02,211,4528,42200,905600,22.64,169
real_metallica_20260321,2025-10-01,38,4566,7600,913200,22.83,170
real_metallica_20260321,2025-09-30,51,4617,10200,923400,23.09,171
real_metallica_20260321,2025-09-29,291,4908,58200,981600,24.54,172
real_metallica_20260321,2025-09-28,234,5142,46800,1028400,25.71,173
real_metallica_20260321,2025-09-27,220,5362,44000,1072400,26.81,174
real_metallica_20260321,2025-09-26,398,5760,79600,1152000,28.8,175
real_metallica_20260321,2025-09-25,85,5845,17000,1169000,29.23,176
real_metallica_20260321,2025-09-24,90,5935,18000,1187000,29.68,177
real_metallica_20260321,2025-09-23,29,5964,5800,1192800,29.82,178
real_metallica_20260321,2025-09-22,70,6034,14000,1206800,30.17,179
real_metallica_20260321,2025-09-21,198,6232,39600,1246400,31.16,180
real_metallica_20260321,2025-09-20,97,6329,19400,1265800,31.64,181
real_metallica_20260321,2025-09-19,100,6429,20000,1285800,32.15,182
real_metallica_20260321,2025-09-18,22,6451,4400,1290200,32.26,183
real_metallica_20260321,2025-09-17,55,6506,11000,1301200,32.53,184
real_metallica_20260321,2025-09-16,103,6609,20600,1321800,33.05,185
real_metallica_20260321,2025-09-15,122,6731,24400,1346200,33.66,186
real_metallica_20260321,2025-09-14,9,6740,1800,1348000,33.7,187
real_metallica_20260321,2025-09-13,95,6835,19000,1367000,34.17,188
real_metallica_20260321,2025-09-12,228,7063,45600,1412600,35.32,189
real_metallica_20260321,2025-09-11,135,7198,27000,1439600,35.99,190
real_metallica_20260321,2025-09-10,86,7284,17200,1456800,36.42,191
real_metallica_20260321,2025-09-09,31,7315,6200,1463000,36.58,192
real_metallica_20260321,2025-09-08,112,7427,22400,1485400,37.13,193
real_metallica_20260321,2025-09-07,33,7460,6600,1492000,37.3,194
real_metallica_20260321,2025-09-06,64,7524,12800,1504800,37.62,195
real_metallica_20260321,2025-09-05,42,7566,8400,1513200,37.83,196
real_metallica_20260321,2025-09-04,5,7571,1000,1514200,37.85,197
real_metallica_20260321,2025-09-03,74,7645,14800,1529000,38.22,198
real_metallica_20260321,2025-09-02,133,7778,26600,1555600,38.89,199
real_metallica_20260321,2025-09-01,86,7864,17200,1572800,39.32,200
real_metallica_20260321,2025-08-31,34,7898,6800,1579600,39.49,201
real_metallica_20260321,2025-08-30,125,8023,25000,1604600,40.12,202
real_metallica_20260321,2025-08-29,48,8071,9600,1614200,40.36,203
real_metallica_20260321,2025-08-28,103,8174,20600,1634800,40.87,204
real_metallica_20260321,2025-08-27,58,8232,11600,1646400,41.16,205
real_metallica_20260321,2025-08-26,16,8248,3200,1649600,41.24,206
real_metallica_20260321,2025-08-25,2,8250,400,1650000,41.25,207
real_metallica_20260321,2025-08-24,43,8293,8600,1658600,41.47,208
real_metallica_20260321,2025-08-23,91,8384,18200,1676800,41.92,209
real_metallica_20260321,2025-08-22,9,8393,1800,1678600,41.97,210
real_metallica_20260321,2025-08-21,65,8458,13000,1691600,42.29,211
real_metallica_20260321,2025-08-20,159,8617,31800,1723400,43.09,212
real_metallica_20260321,2025-08-19,6,8623,1200,1724600,43.11,213
real_metallica_20260321,2025-08-18,167,8790,33400,1758000,43.95,214
real_metallica_20260321,2025-08-17,12,8802,2400,1760400,44.01,215
real_metallica_20260321,2025-08-16,106,8908,21200,1781600,44.54,216
real_metallica_20260321,2025-08-15,31,8939,6200,1787800,44.7,217
real_metallica_20260321,2025-08-14,121,9060,24200,1812000,45.3,218
real_metallica_20260321,2025-08-13,52,9112,10400,1822400,45.56,219
real_metallica_20260321,2025-08-12,161,9273,32200,1854600,46.37,220
real_metallica_20260321,2025-08-11,53,9326,10600,1865200,46.63,221
real_metallica_20260321,2025-08-10,169,9495,33800,1899000,47.48,222
real_metallica_20260321,2025-08-09,159,9654,31800,1930800,48.27,223
real_metallica_20260321,2025-08-08,35,9689,7000,1937800,48.45,224
real_metallica_20260321,2025-08-07,26,9715,5200,1943000,48.58,225
real_metallica_20260321,2025-08-06,158,9873,31600,1974600,49.36,226
real_metallica_20260321,2025-08-05,14,9887,2800,1977400,49.44,227
real_metallica_20260321,2025-08-04,127,10014,25400,2002800,50.07,228
real_metallica_20260321,2025-08-03,25,10039,5000,2007800,50.2,229
real_metallica_20260321,2025-08-02,212,10251,42400,2050200,51.25,230
real_metallica_20260321,2025-08-01,51,10302,10200,2060400,51.51,231
real_metallica_20260321,2025-07-31,104,10406,20800,2081200,52.03,232
real_metallica_20260321,2025-07-30,10,10416,2000,2083200,52.08,233
real_metallica_20260321,2025-07-29,53,10469,10600,2093800,52.34,234
real_metallica_20260321,2025-07-28,123,10592,24600,2118400,52.96,235
real_metallica_20260321,2025-07-26,11,10603,2200,2120600,53.02,237
real_metallica_20260321,2025-07-25,213,10816,42600,2163200,54.08,238
real_metallica_20260321,2025-07-24,126,10942,25200,2188400,54.71,239
real_metallica_20260321,2025-07-23,11,10953,2200,2190600,54.77,240
real_metallica_20260321,2025-07-22,19,10972,3800,2194400,54.86,241
real_metallica_20260321,2025-07-21,25,10997,5000,2199400,54.98,242
real_metallica_20260321,2025-07-20,164,11161,32800,2232200,55.81,243
real_metallica_20260321,2025-07-19,126,11287,25200,2257400,56.44,244
real_metallica_20260321,2025-07-18,135,11422,27000,2284400,57.11,245
real_metallica_20260321,2025-07-17,25,11447,5000,2289400,57.23,246
real_metallica_20260321,2025-07-16,223,11670,44600,2334000,58.35,247
real_metallica_20260321,2025-07-15,37,11707,7400,2341400,58.54,248
real_metallica_20260321,2025-07-14,80,11787,16000,2357400,58.94,249
real_metallica_20260321,2025-07-13,29,11816,5800,2363200,59.08,250
real_metallica_20260321,2025-07-12,97,11913,19400,2382600,59.56,251
real_metallica_20260321,2025-07-11,2,11915,400,2383000,59.58,252
real_metallica_20260321,2025-07-10,169,12084,33800,2416800,60.42,253
real_metallica_20260321,2025-07-09,84,12168,16800,2433600,60.84,254
real_metallica_20260321,2025-07-08,112,12280,22400,2456000,61.4,255
real_metallica_20260321,2025-07-07,68,12348,13600,2469600,61.74,256
real_metallica_20260321,2025-07-06,23,12371,4600,2474200,61.86,257
real_metallica_20260321,2025-07-05,87,12458,17400,2491600,62.29,258
real_metallica_20260321,2025-07-04,51,12509,10200,2501800,62.54,259
real_metallica_20260321,2025-07-03,116,12625,23200,2525000,63.12,260
real_metallica_20260321,2025-07-02,98,12723,19600,2544600,63.62,261
real_metallica_20260321,2025-07-01,122,12845,24400,2569000,64.22,262
real_metallica_20260321,2025-06-30,166,13011,33200,2602200,65.05,263
real_metallica_20260321,2025-06-29,42,13053,8400,2610600,65.27,264
real_metallica_20260321,2025-06-28,89,13142,17800,2628400,65.71,265
real_metallica_20260321,2025-06-27,40,13182,8000,2636400,65.91,266
real_metallica_20260321,2025-06-26,75,13257,15000,2651400,66.29,267
real_metallica_20260321,2025-06-25,145,13402,29000,2680400,67.01,268
real_metallica_20260321,2025-06-24,46,13448,9200,2689600,67.24,269
real_metallica_20260321,2025-06-23,91,13539,18200,2707800,67.7,270
real_metallica_20260321,2025-06-22,175,13714,35000,2742800,68.57,271
real_metallica_20260321,2025-06-21,186,13900,37200,2780000,69.5,272
real_metallica_20260321,2025-06-20,33,13933,6600,2786600,69.66,273
real_metallica_20260321,2025-06-19,124,14057,24800,2811400,70.28,274
real_metallica_20260321,2025-06-18,52,14109,10400,2821800,70.55,275
real_metallica_20260321,2025-06-17,16,14125,3200,2825000,70.62,276
real_metallica_20260321,2025-06-16,80,14205,16000,2841000,71.03,277
real_metallica_20260321,2025-06-15,86,14291,17200,2858200,71.45,278
real_metallica_20260321,2025-06-14,147,14438,29400,2887600,72.19,279
real_metallica_20260321,2025-06-13,57,14495,11400,2899000,72.47,280
real_metallica_20260321,2025-06-12,173,14668,34600,2933600,73.34,281
real_metallica_20260321,2025-06-11,176,14844,35200,2968800,74.22,282
real_metallica_20260321,2025-06-10,24,14868,4800,2973600,74.34,283
real_metallica_20260321,2025-06-09,63,14931,12600,2986200,74.66,284
real_metallica_20260321,2025-06-08,169,15100,33800,3020000,75.5,285
real_metallica_20260321,2025-06-07,98,15198,19600,3039600,75.99,286
real_metallica_20260321,2025-06-06,105,15303,21000,3060600,76.52,287
real_metallica_20260321,2025-06-05,156,15459,31200,3091800,77.3,288
real_metallica_20260321,2025-06-04,82,15541,16400,3108200,77.7,289
real_metallica_20260321,2025-06-03,129,15670,25800,3134000,78.35,290
real_metallica_20260321,2025-06-02,218,15888,43600,3177600,79.44,291
real_metallica_20260321,2025-06-01,42,15930,8400,3186000,79.65,292
real_metallica_20260321,2025-05-31,62,15992,12400,3198400,79.96,293
real_metallica_20260321,2025-05-30,84,16076,16800,3215200,80.38,294
real_metallica_20260322,2025-10-23,25,25,5000,5000,0.12,149
real_metallica_20260322,2025-10-22,281,306,56200,61200,1.53,150
real_metallica_20260322,2025-10-21,206,512,41200,102400,2.56,151
real_metallica_20260322,2025-10-20,40,552,8000,110400,2.76,152
real_metallica_20260322,2025-10-19,293,845,58600,169000,4.23,153
real_metallica_20260322,2025-10-18,255,1100,51000,220000,5.5,154
real_metallica_20260322,2025-10-17,60,1160,12000,232000,5.8,155
real_metallica_20260322,2025-10-16,18,1178,3600,235600,5.89,156
real_metallica_20260322,2025-10-15,105,1283,21000,256600,6.42,157
real_metallica_20260322,2025-10-14,140,1423,28000,284600,7.12,158
real_metallica_20260322,2025-10-13,23,1446,4600,289200,7.23,159
real_metallica_20260322,2025-10-12,316,1762,63200,352400,8.81,160
real_metallica_20260322,2025-10-11,260,2022,52000,404400,10.11,161
real_metallica_20260322,2025-10-10,335,2357,67000,471400,11.79,162
real_metallica_20260322,2025-10-09,174,2531,34800,506200,12.65,163
real_metallica_20260322,2025-10-08,27,2558,5400,511600,12.79,164
real_metallica_20260322,2025-10-07,432,2990,86400,598000,14.95,165
real_metallica_20260322,2025-10-06,286,3276,57200,655200,16.38,166
real_metallica_20260322,2025-10-05,307,3583,61400,716600,17.91,167
real_metallica_20260322,2025-10-04,336,3919,67200,783800,19.6,168
real_metallica_20260322,2025-10-03,231,4150,46200,830000,20.75,169
real_metallica_20260322,2025-10-02,194,4344,38800,868800,21.72,170
real_metallica_20260322,2025-10-01,1,4345,200,869000,21.73,171
real_metallica_20260322,2025-09-30,149,4494,29800,898800,22.47,172
real_metallica_20260322,2025-09-29,191,4685,38200,937000,23.43,173
real_metallica_20260322,2025-09-28,23,4708,4600,941600,23.54,174
real_metallica_20260322,2025-09-27,252,4960,50400,992000,24.8,175
real_metallica_20260322,2025-09-26,183,5143,36600,1028600,25.71,176
real_metallica_20260322,2025-09-25,209,5352,41800,1070400,26.76,177
real_metallica_20260322,2025-09-24,156,5508,31200,1101600,27.54,178
real_metallica_20260322,2025-09-23,30,5538,6000,1107600,27.69,179
real_metallica_20260322,2025-09-22,201,5739,40200,1147800,28.69,180
real_metallica_20260322,2025-09-21,105,5844,21000,1168800,29.22,181
real_metallica_20260322,2025-09-20,183,6027,36600,1205400,30.14,182
real_metallica_20260322,2025-09-19,106,6133,21200,1226600,30.66,183
real_metallica_20260322,2025-09-18,81,6214,16200,1242800,31.07,184
real_metallica_20260322,2025-09-17,150,6364,30000,1272800,31.82,185
real_metallica_20260322,2025-09-16,57,6421,11400,1284200,32.1,186
real_metallica_20260322,2025-09-15,150,6571,30000,1314200,32.86,187
real_metallica_20260322,2025-09-14,34,6605,6800,1321000,33.02,188
real_metallica_20260322,2025-09-13,1,6606,200,1321200,33.03,189
real_metallica_20260322,2025-09-12,12,6618,2400,1323600,33.09,190
real_metallica_20260322,2025-09-11,110,6728,22000,1345600,33.64,191
real_metallica_20260322,2025-09-10,123,6851,24600,1370200,34.26,192
real_metallica_20260322,2025-09-09,199,7050,39800,1410000,35.25,193
real_metallica_20260322,2025-09-08,45,7095,9000,1419000,35.48,194
real_metallica_20260322,2025-09-07,44,7139,8800,1427800,35.7,195
real_metallica_20260322,2025-09-06,32,7171,6400,1434200,35.85,196
real_metallica_20260322,2025-09-05,84,7255,16800,1451000,36.27,197
real_metallica_20260322,2025-09-04,82,7337,16400,1467400,36.69,198
real_metallica_20260322,2025-09-03,98,7435,19600,1487000,37.18,199
real_metallica_20260322,2025-09-02,155,7590,31000,1518000,37.95,200
real_metallica_20260322,2025-09-01,195,7785,39000,1557000,38.92,201
real_metallica_20260322,2025-08-31,101,7886,20200,1577200,39.43,202
real_metallica_20260322,2025-08-30,248,8134,49600,1626800,40.67,203
real_metallica_20260322,2025-08-29,34,8168,6800,1633600,40.84,204
real_metallica_20260322,2025-08-28,77,8245,15400,1649000,41.23,205
real_metallica_20260322,2025-08-27,191,8436,38200,1687200,42.18,206
real_metallica_20260322,2025-08-26,140,8576,28000,1715200,42.88,207
real_metallica_20260322,2025-08-25,182,8758,36400,1751600,43.79,208
real_metallica_20260322,2025-08-24,141,8899,28200,1779800,44.5,209
real_metallica_20260322,2025-08-23,51,8950,10200,1790000,44.75,210
real_metallica_20260322,2025-08-22,91,9041,18200,1808200,45.2,211
real_metallica_20260322,2025-08-21,88,9129,17600,1825800,45.65,212
real_metallica_20260322,2025-08-20,33,9162,6600,1832400,45.81,213
real_metallica_20260322,2025-08-19,91,9253,18200,1850600,46.27,214
real_metallica_20260322,2025-08-18,163,9416,32600,1883200,47.08,215
real_metallica_20260322,2025-08-17,29,9445,5800,1889000,47.23,216
real_metallica_20260322,2025-08-16,143,9588,28600,1917600,47.94,217
real_metallica_20260322,2025-08-15,146,9734,29200,1946800,48.67,218
real_metallica_20260322,2025-08-14,181,9915,36200,1983000,49.58,219
real_metallica_20260322,2025-08-13,136,10051,27200,2010200,50.26,220
real_metallica_20260322,2025-08-12,108,10159,21600,2031800,50.8,221
real_metallica_20260322,2025-08-11,133,10292,26600,2058400,51.46,222
real_metallica_20260322,2025-08-10,48,10340,9600,2068000,51.7,223
real_metallica_20260322,2025-08-09,85,10425,17000,2085000,52.12,224
real_metallica_20260322,2025-08-08,34,10459,6800,2091800,52.3,225
real_metallica_20260322,2025-08-07,41,10500,8200,2100000,52.5,226
real_metallica_20260322,2025-08-06,128,10628,25600,2125600,53.14,227
real_metallica_20260322,2025-08-05,7,10635,1400,2127000,53.17,228
real_metallica_20260322,2025-08-04,75,10710,15000,2142000,53.55,229
real_metallica_20260322,2025-08-03,69,10779,13800,2155800,53.9,230
real_metallica_20260322,2025-08-02,57,10836,11400,2167200,54.18,231
real_metallica_20260322,2025-08-01,86,10922,17200,2184400,54.61,232
real_metallica_20260322,2025-07-31,57,10979,11400,2195800,54.9,233
real_metallica_20260322,2025-07-30,143,11122,28600,2224400,55.61,234
real_metallica_20260322,2025-07-29,130,11252,26000,2250400,56.26,235
real_metallica_20260322,2025-07-28,204,11456,40800,2291200,57.28,236
real_metallica_20260322,2025-07-27,177,11633,35400,2326600,58.16,237
real_metallica_20260322,2025-07-26,97,11730,19400,2346000,58.65,238
real_metallica_20260322,2025-07-25,80,11810,16000,2362000,59.05,239
real_metallica_20260322,2025-07-24,13,11823,2600,2364600,59.11,240
real_metallica_20260322,2025-07-23,32,11855,6400,2371000,59.27,241
real_metallica_20260322,2025-07-22,111,11966,22200,2393200,59.83,242
real_metallica_20260322,2025-07-21,113,12079,22600,2415800,60.39,243
real_metallica_20260322,2025-07-20,162,12241,32400,2448200,61.2,244
real_metallica_20260322,2025-07-19,165,12406,33000,2481200,62.03,245
real_metallica_20260322,2025-07-18,139,12545,27800,2509000,62.72,246
real_metallica_20260322,2025-07-17,50,12595,10000,2519000,62.98,247
real_metallica_20260322,2025-07-16,49,12644,9800,2528800,63.22,248
real_metallica_20260322,2025-07-15,45,12689,9000,2537800,63.44,249
real_metallica_20260322,2025-07-14,38,12727,7600,2545400,63.63,250
real_metallica_20260322,2025-07-13,22,12749,4400,2549800,63.74,251
real_metallica_20260322,2025-07-12,30,12779,6000,2555800,63.9,252
real_metallica_20260322,2025-07-11,109,12888,21800,2577600,64.44,253
real_metallica_20260322,2025-07-10,67,12955,13400,2591000,64.78,254
real_metallica_20260322,2025-07-09,74,13029,14800,2605800,65.14,255
real_metallica_20260322,2025-07-08,1,13030,200,2606000,65.15,256
real_metallica_20260322,2025-07-07,39,13069,7800,2613800,65.34,257
real_metallica_20260322,2025-07-06,41,13110,8200,2622000,65.55,258
real_metallica_20260322,2025-07-05,160,13270,32000,2654000,66.35,259
real_metallica_20260322,2025-07-04,169,13439,33800,2687800,67.2,260
real_metallica_20260322,2025-07-03,91,13530,18200,2706000,67.65,261
real_metallica_20260322,2025-07-02,90,13620,18000,2724000,68.1,262
real_metallica_20260322,2025-07-01,56,13676,11200,2735200,68.38,263
real_metallica_20260322,2025-06-30,133,13809,26600,2761800,69.05,264
real_metallica_20260322,2025-06-29,64,13873,12800,2774600,69.36,265
real_metallica_20260322,2025-06-28,69,13942,13800,2788400,69.71,266
real_metallica_20260322,2025-06-27,23,13965,4600,2793000,69.83,267
real_metallica_20260322,2025-06-26,54,14019,10800,2803800,70.09,268
real_metallica_20260322,2025-06-25,84,14103,16800,2820600,70.52,269
real_metallica_20260322,2025-06-24,55,14158,11000,2831600,70.79,270
real_metallica_20260322,2025-06-23,158,14316,31600,2863200,71.58,271
real_metallica_20260322,2025-06-22,143,14459,28600,2891800,72.3,272
real_metallica_20260322,2025-06-21,166,14625,33200,2925000,73.12,273
real_metallica_20260322,2025-06-20,85,14710,17000,2942000,73.55,274
real_metallica_20260322,2025-06-19,61,14771,12200,2954200,73.86,275
real_metallica_20260322,2025-06-18,157,14928,31400,2985600,74.64,276
real_metallica_20260322,2025-06-17,62,14990,12400,2998000,74.95,277
real_metallica_20260322,2025-06-16,174,15164,34800,3032800,75.82,278
real_metallica_20260322,2025-06-15,97,15261,19400,3052200,76.31,279
real_metallica_20260322,2025-06-14,241,15502,48200,3100400,77.51,280
real_metallica_20260322,2025-06-13,32,15534,6400,3106800,77.67,281
real_metallica_20260322,2025-06-12,72,15606,14400,3121200,78.03,282
real_metallica_20260322,2025-06-11,66,15672,13200,3134400,78.36,283
real_metallica_20260322,2025-06-10,95,15767,19000,3153400,78.83,284
real_metallica_20260322,2025-06-09,130,15897,26000,3179400,79.48,285
real_metallica_20260322,2025-06-08,11,15908,2200,3181600,79.54,286
real_metallica_20260322,2025-06-07,49,15957,9800,3191400,79.78,287
real_metallica_20260322,2025-06-06,21,15978,4200,3195600,79.89,288
real_metallica_20260322,2025-06-05,42,16020,8400,3204000,80.1,289
real_metallica_20260322,2025-06-04,197,16217,39400,3243400,81.08,290
real_metallica_20260322,2025-06-03,1,16218,200,3243600,81.09,291
real_metallica_20260322,2025-06-02,53,16271,10600,3254200,81.36,292
real_metallica_20260322,2025-06-01,198,16469,39600,3293800,82.34,293
real_metallica_20260322,2025-05-31,87,16556,17400,3311200,82.78,294
real_metallica_20260322,2025-05-30,26,16582,5200,3316400,82.91,295
real_metallica_20260322,2025-05-29,106,16688,21200,3337600,83.44,296
real_metallica_20260328,2025-10-23,379,379,75800,75800,1.9,155
real_metallica_20260328,2025-10-22,331,710,66200,142000,3.55,156
real_metallica_20260328,2025-10-21,36,746,7200,149200,3.73,157
real_metallica_20260328,2025-10-20,78,824,15600,164800,4.12,158
real_metallica_20260328,2025-10-19,84,908,16800,181600,4.54,159
real_metallica_20260328,2025-10-18,18,926,3600,185200,4.63,160
real_metallica_20260328,2025-10-17,64,990,12800,198000,4.95,161
real_metallica_20260328,2025-10-16,294,1284,58800,256800,6.42,162
real_metallica_20260328,2025-10-15,132,1416,26400,283200,7.08,163
real_metallica_20260328,2025-10-14,230,1646,46000,329200,8.23,164
real_metallica_20260328,2025-10-13,221,1867,44200,373400,9.34,165
real_metallica_20260328,2025-10-12,199,2066,39800,413200,10.33,166
real_metallica_20260328,2025-10-11,273,2339,54600,467800,11.7,167
real_metallica_20260328,2025-10-10,158,2497,31600,499400,12.48,168
real_metallica_20260328,2025-10-09,190,2687,38000,537400,13.44,169
real_metallica_20260328,2025-10-08,358,3045,71600,609000,15.22,170
real_metallica_20260328,2025-10-07,183,3228,36600,645600,16.14,171
real_metallica_20260328,2025-10-06,54,3282,10800,656400,16.41,172
real_metallica_20260328,2025-10-05,154,3436,30800,687200,17.18,173
real_metallica_20260328,2025-10-04,144,3580,28800,716000,17.9,174
real_metallica_20260328,2025-10-03,224,3804,44800,760800,19.02,175
real_metallica_20260328,2025-10-02,15,3819,3000,763800,19.1,176
real_metallica_20260328,2025-10-01,273,4092,54600,818400,20.46,177
real_metallica_20260328,2025-09-30,191,4283,38200,856600,21.41,178
real_metallica_20260328,2025-09-29,279,4562,55800,912400,22.81,179
real_metallica_20260328,2025-09-28,73,4635,14600,927000,23.18,180
real_metallica_20260328,2025-09-27,95,4730,19000,946000,23.65,181
real_metallica_20260328,2025-09-26,2,4732,400,946400,23.66,182
real_metallica_20260328,2025-09-25,142,4874,28400,974800,24.37,183
real_metallica_20260328,2025-09-24,5,4879,1000,975800,24.39,184
real_metallica_20260328,2025-09-23,76,4955,15200,991000,24.77,185
real_metallica_20260328,2025-09-22,140,5095,28000,1019000,25.47,186
real_metallica_20260328,2025-09-21,78,5173,15600,1034600,25.86,187
real_metallica_20260328,2025-09-20,94,5267,18800,1053400,26.33,188
real_metallica_20260328,2025-09-19,88,5355,17600,1071000,26.77,189
real_metallica_20260328,2025-09-18,115,5470,23000,1094000,27.35,190
real_metallica_20260328,2025-09-17,131,5601,26200,1120200,28.01,191
real_metallica_20260328,2025-09-16,23,5624,4600,1124800,28.12,192
real_metallica_20260328,2025-09-15,106,5730,21200,1146000,28.65,193
real_metallica_20260328,2025-09-14,29,5759,5800,1151800,28.79,194
real_metallica_20260328,2025-09-13,102,5861,20400,1172200,29.3,195
real_metallica_20260328,2025-09-12,13,5874,2600,1174800,29.37,196
real_metallica_20260328,2025-09-11,140,6014,28000,1202800,30.07,197
real_metallica_20260328,2025-09-10,140,6154,28000,1230800,30.77,198
real_metallica_20260328,2025-09-09,85,6239,17000,1247800,31.2,199
real_metallica_20260328,2025-09-08,12,6251,2400,1250200,31.25,200
real_metallica_20260328,2025-09-07,74,6325,14800,1265000,31.62,201
real_metallica_20260328,2025-09-06,84,6409,16800,1281800,32.05,202
real_metallica_20260328,2025-09-05,60,6469,12000,1293800,32.34,203
real_metallica_20260328,2025-09-04,79,6548,15800,1309600,32.74,204
real_metallica_20260328,2025-09-03,24,6572,4800,1314400,32.86,205
real_metallica_20260328,2025-09-02,115,6687,23000,1337400,33.43,206
real_metallica_20260328,2025-09-01,78,6765,15600,1353000,33.83,207
real_metallica_20260328,2025-08-31,39,6804,7800,1360800,34.02,208
real_metallica_20260328,2025-08-30,93,6897,18600,1379400,34.48,209
real_metallica_20260328,2025-08-29,109,7006,21800,1401200,35.03,210
real_metallica_20260328,2025-08-28,40,7046,8000,1409200,35.23,211
real_metallica_20260328,2025-08-27,56,7102,11200,1420400,35.51,212
real_metallica_20260328,2025-08-26,164,7266,32800,1453200,36.33,213
real_metallica_20260328,2025-08-25,92,7358,18400,1471600,36.79,214
real_metallica_20260328,2025-08-24,93,7451,18600,1490200,37.26,215
real_metallica_20260328,2025-08-23,122,7573,24400,1514600,37.87,216
real_metallica_20260328,2025-08-22,91,7664,18200,1532800,38.32,217
real_metallica_20260328,2025-08-21,124,7788,24800,1557600,38.94,218
real_metallica_20260328,2025-08-20,44,7832,8800,1566400,39.16,219
real_metallica_20260328,2025-08-19,20,7852,4000,1570400,39.26,220
real_metallica_20260328,2025-08-18,219,8071,43800,1614200,40.36,221
real_metallica_20260328,2025-08-17,228,8299,45600,1659800,41.49,222
real_metallica_20260328,2025-08-16,67,8366,13400,1673200,41.83,223
real_metallica_20260328,2025-08-15,160,8526,32000,1705200,42.63,224
real_metallica_20260328,2025-08-14,9,8535,1800,1707000,42.68,225
real_metallica_20260328,2025-08-13,217,8752,43400,1750400,43.76,226
real_metallica_20260328,2025-08-12,7,8759,1400,1751800,43.8,227
real_metallica_20260328,2025-08-11,148,8907,29600,1781400,44.54,228
real_metallica_20260328,2025-08-10,151,9058,30200,1811600,45.29,229
real_metallica_20260328,2025-08-09,4,9062,800,1812400,45.31,230
real_metallica_20260328,2025-08-08,139,9201,27800,1840200,46.01,231
real_metallica_20260328,2025-08-07,138,9339,27600,1867800,46.7,232
real_metallica_20260328,2025-08-06,38,9377,7600,1875400,46.88,233
real_metallica_20260328,2025-08-05,57,9434,11400,1886800,47.17,234
real_metallica_20260328,2025-08-04,150,9584,30000,1916800,47.92,235
real_metallica_20260328,2025-08-03,74,9658,14800,1931600,48.29,236
real_metallica_20260328,2025-08-02,64,9722,12800,1944400,48.61,237
real_metallica_20260328,2025-08-01,101,9823,20200,1964600,49.11,238
real_metallica_20260328,2025-07-31,2,9825,400,1965000,49.12,239
real_metallica_20260328,2025-07-30,157,9982,31400,1996400,49.91,240
real_metallica_20260328,2025-07-29,193,10175,38600,2035000,50.88,241
real_metallica_20260328,2025-07-28,114,10289,22800,2057800,51.44,242
real_metallica_20260328,2025-07-27,72,10361,14400,2072200,51.8,243
real_metallica_20260328,2025-07-26,168,10529,33600,2105800,52.64,244
real_metallica_20260328,2025-07-25,37,10566,7400,2113200,52.83,245
real_metallica_20260328,2025-07-24,123,10689,24600,2137800,53.45,246
real_metallica_20260328,2025-07-23,10,10699,2000,2139800,53.5,247
real_metallica_20260328,2025-07-22,62,10761,12400,2152200,53.8,248
real_metallica_20260328,2025-07-21,33,10794,6600,2158800,53.97,249
real_metallica_20260328,2025-07-20,10,10804,2000,2160800,54.02,250
real_metallica_20260328,2025-07-19,132,10936,26400,2187200,54.68,251
real_metallica_20260328,2025-07-18,92,11028,18400,2205600,55.14,252
real_metallica_20260328,2025-07-17,116,11144,23200,2228800,55.72,253
real_metallica_20260328,2025-07-16,10,11154,2000,2230800,55.77,254
real_metallica_20260328,2025-07-15,165,11319,33000,2263800,56.59,255
real_metallica_20260328,2025-07-14,66,11385,13200,2277000,56.93,256
real_metallica_20260328,2025-07-13,70,11455,14000,2291000,57.27,257
real_metallica_20260328,2025-07-12,67,11522,13400,2304400,57.61,258
real_metallica_20260328,2025-07-11,145,11667,29000,2333400,58.34,259
real_metallica_20260328,2025-07-10,83,11750,16600,2350000,58.75,260
real_metallica_20260328,2025-07-09,150,11900,30000,2380000,59.5,261
real_metallica_20260328,2025-07-08,19,11919,3800,2383800,59.59,262
real_metallica_20260328,2025-07-07,96,12015,19200,2403000,60.08,263
real_metallica_20260328,2025-07-06,57,12072,11400,2414400,60.36,264
real_metallica_20260328,2025-07-05,90,12162,18000,2432400,60.81,265
real_metallica_20260328,2025-07-04,88,12250,17600,2450000,61.25,266
real_metallica_20260328,2025-07-03,123,12373,24600,2474600,61.87,267
real_metallica_20260328,2025-07-02,1,12374,200,2474800,61.87,268
real_metallica_20260328,2025-07-01,35,12409,7000,2481800,62.04,269
real_metallica_20260328,2025-06-30,58,12467,11600,2493400,62.33,270
real_metallica_20260328,2025-06-29,82,12549,16400,2509800,62.74,271
real_metallica_20260328,2025-06-28,38,12587,7600,2517400,62.93,272
real_metallica_20260328,2025-06-27,46,12633,9200,2526600,63.17,273
real_metallica_20260328,2025-06-26,30,12663,6000,2532600,63.31,274
real_metallica_20260328,2025-06-25,106,12769,21200,2553800,63.84,275
real_metallica_20260328,2025-06-24,184,12953,36800,2590600,64.77,276
real_metallica_20260328,2025-06-23,86,13039,17200,2607800,65.2,277
real_metallica_20260328,2025-06-22,53,13092,10600,2618400,65.46,278
real_metallica_20260328,2025-06-21,165,13257,33000,2651400,66.29,279
real_metallica_20260328,2025-06-20,5,13262,1000,2652400,66.31,280
real_metallica_20260328,2025-06-19,32,13294,6400,2658800,66.47,281
real_metallica_20260328,2025-06-18,41,13335,8200,2667000,66.67,282
real_metallica_20260328,2025-06-17,65,13400,13000,2680000,67.0,283
real_metallica_20260328,2025-06-16,73,13473,14600,2694600,67.36,284
real_metallica_20260328,2025-06-15,21,13494,4200,2698800,67.47,285
real_metallica_20260328,2025-06-14,46,13540,9200,2708000,67.7,286
real_metallica_20260328,2025-06-13,103,13643,20600,2728600,68.22,287
real_metallica_20260328,2025-06-12,144,13787,28800,2757400,68.94,288
real_metallica_20260328,2025-06-11,184,13971,36800,2794200,69.86,289
real_metallica_20260328,2025-06-10,210,14181,42000,2836200,70.91,290
real_metallica_20260328,2025-06-09,21,14202,4200,2840400,71.01,291
real_metallica_20260328,2025-06-08,77,14279,15400,2855800,71.39,292
real_metallica_20260328,2025-06-07,246,14525,49200,2905000,72.62,293
real_metallica_20260328,2025-06-06,106,14631,21200,2926200,73.16,294
real_metallica_20260328,2025-06-05,36,14667,7200,2933400,73.33,295
real_metallica_20260328,2025-06-04,210,14877,42000,2975400,74.39,296
real_metallica_20260328,2025-06-03,159,15036,31800,3007200,75.18,297
real_metallica_20260328,2025-06-02,67,15103,13400,3020600,75.52,298
real_metallica_20260328,2025-06-01,87,15190,17400,3038000,75.95,299
real_metallica_20260328,2025-05-31,116,15306,23200,3061200,76.53,300
real_metallica_20260328,2025-05-30,17,15323,3400,3064600,76.61,301
real_metallica_20260328,2025-05-29,49,15372,9800,3074400,76.86,302
real_metallica_20260328,2025-05-28,2,15374,400,3074800,76.87,303
real_metallica_20260328,2025-05-27,110,15484,22000,3096800,77.42,304
real_metallica_20260328,2025-05-26,175,15659,35000,3131800,78.3,305
real_metallica_20260328,2025-05-25,38,15697,7600,3139400,78.48,306
real_metallica_20260328,2025-05-24,45,15742,9000,3148400,78.71,307
real_metallica_20260328,2025-05-23,157,15899,31400,3179800,79.5,308
real_metallica_20260329,2025-10-23,272,272,54400,54400,1.36,156
real_metallica_20260329,2025-10-22,60,332,12000,66400,1.66,157
real_metallica_20260329,2025-10-21,168,500,33600,100000,2.5,158
real_metallica_20260329,2025-10-20,154,654,30800,130800,3.27,159
real_metallica_20260329,2025-10-18,396,1050,79200,210000,5.25,161
real_metallica_20260329,2025-10-17,220,1270,44000,254000,6.35,162
real_metallica_20260329,2025-10-16,189,1459,37800,291800,7.29,163
real_metallica_20260329,2025-10-15,357,1816,71400,363200,9.08,164
real_metallica_20260329,2025-10-14,117,1933,23400,386600,9.66,165
real_metallica_20260329,2025-10-13,246,2179,49200,435800,10.9,166
real_metallica_20260329,2025-10-12,195,2374,39000,474800,11.87,167
real_metallica_20260329,2025-10-11,50,2424,10000,484800,12.12,168
real_metallica_20260329,2025-10-10,130,2554,26000,510800,12.77,169
real_metallica_20260329,2025-10-09,119,2673,23800,534600,13.36,170
real_metallica_20260329,2025-10-08,42,2715,8400,543000,13.58,171
real_metallica_20260329,2025-10-07,209,2924,41800,584800,14.62,172
real_metallica_20260329,2025-10-06,2,2926,400,585200,14.63,173
real_metallica_20260329,2025-10-05,404,3330,80800,666000,16.65,174
real_metallica_20260329,2025-10-04,133,3463,26600,692600,17.32,175
real_metallica_20260329,2025-10-03,1,3464,200,692800,17.32,176
real_metallica_20260329,2025-10-02,105,3569,21000,713800,17.84,177
real_metallica_20260329,2025-10-01,161,3730,32200,746000,18.65,178
real_metallica_20260329,2025-09-30,54,3784,10800,756800,18.92,179
real_metallica_20260329,2025-09-29,166,3950,33200,790000,19.75,180
real_metallica_20260329,2025-09-28,66,4016,13200,803200,20.08,181
real_metallica_20260329,2025-09-27,108,4124,21600,824800,20.62,182
real_metallica_20260329,2025-09-26,156,4280,31200,856000,21.4,183
real_metallica_20260329,2025-09-25,101,4381,20200,876200,21.91,184
real_metallica_20260329,2025-09-24,105,4486,21000,897200,22.43,185
real_metallica_20260329,2025-09-23,142,4628,28400,925600,23.14,186
real_metallica_20260329,2025-09-22,94,4722,18800,944400,23.61,187
real_metallica_20260329,2025-09-21,123,4845,24600,969000,24.22,188
real_metallica_20260329,2025-09-20,78,4923,15600,984600,24.62,189
real_metallica_20260329,2025-09-19,180,5103,36000,1020600,25.52,190
real_metallica_20260329,2025-09-18,35,5138,7000,1027600,25.69,191
real_metallica_20260329,2025-09-17,168,5306,33600,1061200,26.53,192
real_metallica_20260329,2025-09-16,29,5335,5800,1067000,26.67,193
real_metallica_20260329,2025-09-15,41,5376,8200,1075200,26.88,194
real_metallica_20260329,2025-09-14,65,5441,13000,1088200,27.21,195
real_metallica_20260329,2025-09-13,86,5527,17200,1105400,27.63,196
real_metallica_20260329,2025-09-12,157,5684,31400,1136800,28.42,197
real_metallica_20260329,2025-09-11,180,5864,36000,1172800,29.32,198
real_metallica_20260329,2025-09-10,49,5913,9800,1182600,29.57,199
real_metallica_20260329,2025-09-09,1,5914,200,1182800,29.57,200
real_metallica_20260329,2025-09-08,210,6124,42000,1224800,30.62,201
real_metallica_20260329,2025-09-07,76,6200,15200,1240000,31.0,202
real_metallica_20260329,2025-09-06,16,6216,3200,1243200,31.08,203
real_metallica_20260329,2025-09-05,94,6310,18800,1262000,31.55,204
real_metallica_20260329,2025-09-04,4,6314,800,1262800,31.57,205
real_metallica_20260329,2025-09-03,102,6416,20400,1283200,32.08,206
real_metallica_20260329,2025-09-02,133,6549,26600,1309800,32.75,207
real_metallica_20260329,2025-09-01,14,6563,2800,1312600,32.81,208
real_metallica_20260329,2025-08-31,209,6772,41800,1354400,33.86,209
real_metallica_20260329,2025-08-30,63,6835,12600,1367000,34.17,210
real_metallica_20260329,2025-08-29,51,6886,10200,1377200,34.43,211
real_metallica_20260329,2025-08-28,205,7091,41000,1418200,35.45,212
real_metallica_20260329,2025-08-27,49,7140,9800,1428000,35.7,213
real_metallica_20260329,2025-08-26,76,7216,15200,1443200,36.08,214
real_metallica_20260329,2025-08-25,59,7275,11800,1455000,36.38,215
real_metallica_20260329,2025-08-24,172,7447,34400,1489400,37.23,216
real_metallica_20260329,2025-08-23,30,7477,6000,1495400,37.39,217
real_metallica_20260329,2025-08-22,40,7517,8000,1503400,37.59,218
real_metallica_20260329,2025-08-21,35,7552,7000,1510400,37.76,219
real_metallica_20260329,2025-08-20,90,7642,18000,1528400,38.21,220
real_metallica_20260329,2025-08-19,103,7745,20600,1549000,38.73,221
real_metallica_20260329,2025-08-18,132,7877,26400,1575400,39.38,222
real_metallica_20260329,2025-08-17,8,7885,1600,1577000,39.42,223
real_metallica_20260329,2025-08-16,140,8025,28000,1605000,40.12,224
real_metallica_20260329,2025-08-15,89,8114,17800,1622800,40.57,225
real_metallica_20260329,2025-08-14,70,8184,14000,1636800,40.92,226
real_metallica_20260329,2025-08-13,123,8307,24600,1661400,41.53,227
real_metallica_20260329,2025-08-12,119,8426,23800,1685200,42.13,228
real_metallica_20260329,2025-08-11,1,8427,200,1685400,42.13,229
real_metallica_20260329,2025-08-10,104,8531,20800,1706200,42.66,230
real_metallica_20260329,2025-08-09,143,8674,28600,1734800,43.37,231
real_metallica_20260329,2025-08-08,37,8711,7400,1742200,43.55,232
real_metallica_20260329,2025-08-07,29,8740,5800,1748000,43.7,233
real_metallica_20260329,2025-08-06,65,8805,13000,1761000,44.02,234
real_metallica_20260329,2025-08-05,208,9013,41600,1802600,45.06,235
real_metallica_20260329,2025-08-04,64,9077,12800,1815400,45.38,236
real_metallica_20260329,2025-08-03,96,9173,19200,1834600,45.87,237
real_metallica_20260329,2025-08-02,62,9235,12400,1847000,46.17,238
real_metallica_20260329,2025-08-01,198,9433,39600,1886600,47.16,239
real_metallica_20260329,2025-07-31,117,9550,23400,1910000,47.75,240
real_metallica_20260329,2025-07-30,220,9770,44000,1954000,48.85,241
real_metallica_20260329,2025-07-29,14,9784,2800,1956800,48.92,242
real_metallica_20260329,2025-07-28,97,9881,19400,1976200,49.41,243
real_metallica_20260329,2025-07-27,56,9937,11200,1987400,49.69,244
real_metallica_20260329,2025-07-26,58,9995,11600,1999000,49.98,245
real_metallica_20260329,2025-07-25,105,10100,21000,2020000,50.5,246
real_metallica_20260329,2025-07-24,132,10232,26400,2046400,51.16,247
real_metallica_20260329,2025-07-23,67,10299,13400,2059800,51.5,248
real_metallica_20260329,2025-07-22,23,10322,4600,2064400,51.61,249
real_metallica_20260329,2025-07-21,87,10409,17400,2081800,52.04,250
real_metallica_20260329,2025-07-20,22,10431,4400,2086200,52.15,251
real_metallica_20260329,2025-07-19,90,10521,18000,2104200,52.61,252
real_metallica_20260329,2025-07-18,73,10594,14600,2118800,52.97,253
real_metallica_20260329,2025-07-17,48,10642,9600,2128400,53.21,254
real_metallica_20260329,2025-07-16,51,10693,10200,2138600,53.46,255
real_metallica_20260329,2025-07-15,30,10723,6000,2144600,53.62,256
real_metallica_20260329,2025-07-14,52,10775,10400,2155000,53.87,257
real_metallica_20260329,2025-07-13,106,10881,21200,2176200,54.41,258
real_metallica_20260329,2025-07-12,91,10972,18200,2194400,54.86,259
real_metallica_20260329,2025-07-11,13,10985,2600,2197000,54.93,260
real_metallica_20260329,2025-07-10,10,10995,2000,2199000,54.97,261
real_metallica_20260329,2025-07-09,169,11164,33800,2232800,55.82,262
real_metallica_20260329,2025-07-08,1,11165,200,2233000,55.83,263
real_metallica_20260329,2025-07-07,138,11303,27600,2260600,56.52,264
real_metallica_20260329,2025-07-06,217,11520,43400,2304000,57.6,265
real_metallica_20260329,2025-07-05,158,11678,31600,2335600,58.39,266
real_metallica_20260329,2025-07-04,70,11748,14000,2349600,58.74,267
real_metallica_20260329,2025-07-03,130,11878,26000,2375600,59.39,268
real_metallica_20260329,2025-07-02,56,11934,11200,2386800,59.67,269
real_metallica_20260329,2025-07-01,32,11966,6400,2393200,59.83,270
real_metallica_20260329,2025-06-30,54,12020,10800,2404000,60.1,271
real_metallica_20260329,2025-06-29,138,12158,27600,2431600,60.79,272
real_metallica_20260329,2025-06-28,44,12202,8800,2440400,61.01,273
real_metallica_20260329,2025-06-27,44,12246,8800,2449200,61.23,274
real_metallica_20260329,2025-06-26,30,12276,6000,2455200,61.38,275
real_metallica_20260329,2025-06-25,117,12393,23400,2478600,61.97,276
real_metallica_20260329,2025-06-24,2,12395,400,2479000,61.98,277
real_metallica_20260329,2025-06-23,26,12421,5200,2484200,62.1,278
real_metallica_20260329,2025-06-22,25,12446,5000,2489200,62.23,279
real_metallica_20260329,2025-06-21,66,12512,13200,2502400,62.56,280
real_metallica_20260329,2025-06-20,33,12545,6600,2509000,62.72,281
real_metallica_20260329,2025-06-19,120,12665,24000,2533000,63.32,282
real_metallica_20260329,2025-06-18,87,12752,17400,2550400,63.76,283
real_metallica_20260329,2025-06-17,127,12879,25400,2575800,64.39,284
real_metallica_20260329,2025-06-16,107,12986,21400,2597200,64.93,285
real_metallica_20260329,2025-06-15,95,13081,19000,2616200,65.41,286
real_metallica_20260329,2025-06-14,102,13183,20400,2636600,65.92,287
real_metallica_20260329,2025-06-13,46,13229,9200,2645800,66.14,288
real_metallica_20260329,2025-06-12,147,13376,29400,2675200,66.88,289
real_metallica_20260329,2025-06-11,25,13401,5000,2680200,67.01,290
real_metallica_20260329,2025-06-10,205,13606,41000,2721200,68.03,291
real_metallica_20260329,2025-06-09,110,13716,22000,2743200,68.58,292
real_metallica_20260329,2025-06-08,50,13766,10000,2753200,68.83,293
real_metallica_20260329,2025-06-07,94,13860,18800,2772000,69.3,294
real_metallica_20260329,2025-06-06,103,13963,20600,2792600,69.81,295
real_metallica_20260329,2025-06-05,53,14016,10600,2803200,70.08,296
real_metallica_20260329,2025-06-04,161,14177,32200,2835400,70.88,297
real_metallica_20260329,2025-06-03,80,14257,16000,2851400,71.28,298
real_metallica_20260329,2025-06-02,76,14333,15200,2866600,71.67,299
real_metallica_20260329,2025-06-01,12,14345,2400,2869000,71.73,300
real_metallica_20260329,2025-05-31,41,14386,8200,2877200,71.93,301
real_metallica_20260329,2025-05-30,32,14418,6400,2883600,72.09,302
real_metallica_20260329,2025-05-29,161,14579,32200,2915800,72.89,303
real_metallica_20260329,2025-05-28,95,14674,19000,2934800,73.37,304
real_metallica_20260329,2025-05-27,92,14766,18400,2953200,73.83,305
real_metallica_20260329,2025-05-26,142,14908,28400,2981600,74.54,306
real_metallica_20260329,2025-05-25,65,14973,13000,2994600,74.87,307
real_metallica_20260329,2025-05-24,105,15078,21000,3015600,75.39,308
real_metallica_20260329,2025-05-23,86,15164,17200,3032800,75.82,309
real_metallica_20260329,2025-05-22,50,15214,10000,3042800,76.07,310
real_metallica_20260404,2025-10-23,332,332,66400,66400,1.66,162
real_metallica_20260404,2025-10-22,89,421,17800,84200,2.1,163
real_metallica_20260404,2025-10-21,291,712,58200,142400,3.56,164
real_metallica_20260404,2025-10-20,261,973,52200,194600,4.87,165
real_metallica_20260404,2025-10-19,228,1201,45600,240200,6.0,166
real_metallica_20260404,2025-10-18,195,1396,39000,279200,6.98,167
real_metallica_20260404,2025-10-17,237,1633,47400,326600,8.16,168
real_metallica_20260404,2025-10-16,74,1707,14800,341400,8.54,169
real_metallica_20260404,2025-10-15,327,2034,65400,406800,10.17,170
real_metallica_20260404,2025-10-14,172,2206,34400,441200,11.03,171
real_metallica_20260404,2025-10-13,313,2519,62600,503800,12.6,172
real_metallica_20260404,2025-10-12,36,2555,7200,511000,12.78,173
real_metallica_20260404,2025-10-11,87,2642,17400,528400,13.21,174
real_metallica_20260404,2025-10-10,81,2723,16200,544600,13.61,175
real_metallica_20260404,2025-10-09,363,3086,72600,617200,15.43,176
real_metallica_20260404,2025-10-08,202,3288,40400,657600,16.44,177
real_metallica_20260404,2025-10-07,227,3515,45400,703000,17.57,178
real_metallica_20260404,2025-10-06,185,3700,37000,740000,18.5,179
real_metallica_20260404,2025-10-05,266,3966,53200,793200,19.83,180
real_metallica_20260404,2025-10-04,105,4071,21000,814200,20.36,181
real_metallica_20260404,2025-10-03,109,4180,21800,836000,20.9,182
real_metallica_20260404,2025-10-02,30,4210,6000,842000,21.05,183
real_metallica_20260404,2025-10-01,190,4400,38000,880000,22.0,184
real_metallica_20260404,2025-09-30,20,4420,4000,884000,22.1,185
real_metallica_20260404,2025-09-29,50,4470,10000,894000,22.35,186
real_metallica_20260404,2025-09-28,8,4478,1600,895600,22.39,187
real_metallica_20260404,2025-09-27,121,4599,24200,919800,22.99,188
real_metallica_20260404,2025-09-26,6,4605,1200,921000,23.03,189
real_metallica_20260404,2025-09-25,134,4739,26800,947800,23.7,190
real_metallica_20260404,2025-09-24,21,4760,4200,952000,23.8,191
real_metallica_20260404,2025-09-23,79,4839,15800,967800,24.2,192
real_metallica_20260404,2025-09-22,83,4922,16600,984400,24.61,193
real_metallica_20260404,2025-09-21,99,5021,19800,1004200,25.11,194
real_metallica_20260404,2025-09-20,63,5084,12600,1016800,25.42,195
real_metallica_20260404,2025-09-19,113,5197,22600,1039400,25.99,196
real_metallica_20260404,2025-09-18,33,5230,6600,1046000,26.15,197
real_metallica_20260404,2025-09-17,43,5273,8600,1054600,26.36,198
real_metallica_20260404,2025-09-16,84,5357,16800,1071400,26.78,199
real_metallica_20260404,2025-09-15,83,5440,16600,1088000,27.2,200
real_metallica_20260404,2025-09-14,119,5559,23800,1111800,27.79,201
real_metallica_20260404,2025-09-13,138,5697,27600,1139400,28.48,202
real_metallica_20260404,2025-09-12,140,5837,28000,1167400,29.18,203
real_metallica_20260404,2025-09-11,138,5975,27600,1195000,29.88,204
real_metallica_20260404,2025-09-10,76,6051,15200,1210200,30.25,205
real_metallica_20260404,2025-09-09,162,6213,32400,1242600,31.06,206
real_metallica_20260404,2025-09-08,111,6324,22200,1264800,31.62,207
real_metallica_20260404,2025-09-07,163,6487,32600,1297400,32.44,208
real_metallica_20260404,2025-09-06,88,6575,17600,1315000,32.88,209
real_metallica_20260404,2025-09-05,58,6633,11600,1326600,33.16,210
real_metallica_20260404,2025-09-04,113,6746,22600,1349200,33.73,211
real_metallica_20260404,2025-09-03,105,6851,21000,1370200,34.26,212
real_metallica_20260404,2025-09-02,77,6928,15400,1385600,34.64,213
real_metallica_20260404,2025-09-01,66,6994,13200,1398800,34.97,214
real_metallica_20260404,2025-08-31,217,7211,43400,1442200,36.05,215
real_metallica_20260404,2025-08-30,36,7247,7200,1449400,36.23,216
real_metallica_20260404,2025-08-29,2,7249,400,1449800,36.24,217
real_metallica_20260404,2025-08-28,125,7374,25000,1474800,36.87,218
real_metallica_20260404,2025-08-27,122,7496,24400,1499200,37.48,219
real_metallica_20260404,2025-08-26,110,7606,22000,1521200,38.03,220
real_metallica_20260404,2025-08-25,152,7758,30400,1551600,38.79,221
real_metallica_20260404,2025-08-23,48,7806,9600,1561200,39.03,223
real_metallica_20260404,2025-08-22,143,7949,28600,1589800,39.75,224
real_metallica_20260404,2025-08-21,63,8012,12600,1602400,40.06,225
real_metallica_20260404,2025-08-20,94,8106,18800,1621200,40.53,226
real_metallica_20260404,2025-08-19,96,8202,19200,1640400,41.01,227
real_metallica_20260404,2025-08-18,10,8212,2000,1642400,41.06,228
real_metallica_20260404,2025-08-17,61,8273,12200,1654600,41.37,229
real_metallica_20260404,2025-08-16,156,8429,31200,1685800,42.14,230
real_metallica_20260404,2025-08-15,175,8604,35000,1720800,43.02,231
real_metallica_20260404,2025-08-14,68,8672,13600,1734400,43.36,232
real_metallica_20260404,2025-08-13,17,8689,3400,1737800,43.45,233
real_metallica_20260404,2025-08-12,37,8726,7400,1745200,43.63,234
real_metallica_20260404,2025-08-11,58,8784,11600,1756800,43.92,235
real_metallica_20260404,2025-08-10,69,8853,13800,1770600,44.27,236
real_metallica_20260404,2025-08-09,125,8978,25000,1795600,44.89,237
real_metallica_20260404,2025-08-08,2,8980,400,1796000,44.9,238
real_metallica_20260404,2025-08-07,68,9048,13600,1809600,45.24,239
real_metallica_20260404,2025-08-06,13,9061,2600,1812200,45.3,240
real_metallica_20260404,2025-08-05,32,9093,6400,1818600,45.47,241
real_metallica_20260404,2025-08-04,186,9279,37200,1855800,46.39,242
real_metallica_20260404,2025-08-03,11,9290,2200,1858000,46.45,243
real_metallica_20260404,2025-08-02,63,9353,12600,1870600,46.77,244
real_metallica_20260404,2025-08-01,53,9406,10600,1881200,47.03,245
real_metallica_20260404,2025-07-31,127,9533,25400,1906600,47.66,246
real_metallica_20260404,2025-07-30,237,9770,47400,1954000,48.85,247
real_metallica_20260404,2025-07-29,8,9778,1600,1955600,48.89,248
real_metallica_20260404,2025-07-28,37,9815,7400,1963000,49.08,249
real_metallica_20260404,2025-07-27,50,9865,10000,1973000,49.33,250
real_metallica_20260404,2025-07-26,60,9925,12000,1985000,49.62,251
real_metallica_20260404,2025-07-25,114,10039,22800,2007800,50.2,252
real_metallica_20260404,2025-07-24,209,10248,41800,2049600,51.24,253
real_metallica_20260404,2025-07-23,3,10251,600,2050200,51.25,254
real_metallica_20260404,2025-07-22,98,10349,19600,2069800,51.74,255
real_metallica_20260404,2025-07-21,98,10447,19600,2089400,52.23,256
real_metallica_20260404,2025-07-20,113,10560,22600,2112000,52.8,257
real_metallica_20260404,2025-07-19,8,10568,1600,2113600,52.84,258
real_metallica_20260404,2025-07-18,94,10662,18800,2132400,53.31,259
real_metallica_20260404,2025-07-17,133,10795,26600,2159000,53.97,260
real_metallica_20260404,2025-07-16,53,10848,10600,2169600,54.24,261
real_metallica_20260404,2025-07-15,79,10927,15800,2185400,54.63,262
real_metallica_20260404,2025-07-14,40,10967,8000,2193400,54.84,263
real_metallica_20260404,2025-07-13,10,10977,2000,2195400,54.88,264
real_metallica_20260404,2025-07-12,140,11117,28000,2223400,55.58,265
real_metallica_20260404,2025-07-11,64,11181,12800,2236200,55.91,266
real_metallica_20260404,2025-07-10,76,11257,15200,2251400,56.28,267
real_metallica_20260404,2025-07-09,113,11370,22600,2274000,56.85,268
real_metallica_20260404,2025-07-08,85,11455,17000,2291000,57.27,269
real_metallica_20260404,2025-07-07,14,11469,2800,2293800,57.34,270
real_metallica_20260404,2025-07-06,111,11580,22200,2316000,57.9,271
real_metallica_20260404,2025-07-05,42,11622,8400,2324400,58.11,272
real_metallica_20260404,2025-07-04,149,11771,29800,2354200,58.86,273
real_metallica_20260404,2025-07-03,101,11872,20200,2374400,59.36,274
real_metallica_20260404,2025-07-02,10,11882,2000,2376400,59.41,275
real_metallica_20260404,2025-07-01,176,12058,35200,2411600,60.29,276
real_metallica_20260404,2025-06-30,152,12210,30400,2442000,61.05,277
real_metallica_20260404,2025-06-29,98,12308,19600,2461600,61.54,278
real_metallica_20260404,2025-06-28,20,12328,4000,2465600,61.64,279
real_metallica_20260404,2025-06-27,158,12486,31600,2497200,62.43,280
real_metallica_20260404,2025-06-26,15,12501,3000,2500200,62.51,281
real_metallica_20260404,2025-06-25,82,12583,16400,2516600,62.91,282
real_metallica_20260404,2025-06-24,68,12651,13600,2530200,63.25,283
real_metallica_20260404,2025-06-23,32,12683,6400,2536600,63.41,284
real_metallica_20260404,2025-06-22,81,12764,16200,2552800,63.82,285
real_metallica_20260404,2025-06-21,177,12941,35400,2588200,64.7,286
real_metallica_20260404,2025-06-20,112,13053,22400,2610600,65.27,287
real_metallica_20260404,2025-06-19,5,13058,1000,2611600,65.29,288
real_metallica_20260404,2025-06-18,91,13149,18200,2629800,65.75,289
real_metallica_20260404,2025-06-17,64,13213,12800,2642600,66.06,290
real_metallica_20260404,2025-06-16,124,13337,24800,2667400,66.69,291
real_metallica_20260404,2025-06-15,143,13480,28600,2696000,67.4,292
real_metallica_20260404,2025-06-14,125,13605,25000,2721000,68.03,293
real_metallica_20260404,2025-06-13,23,13628,4600,2725600,68.14,294
real_metallica_20260404,2025-06-12,82,13710,16400,2742000,68.55,295
real_metallica_20260404,2025-06-11,70,13780,14000,2756000,68.9,296
real_metallica_20260404,2025-06-10,153,13933,30600,2786600,69.66,297
real_metallica_20260404,2025-06-09,141,14074,28200,2814800,70.37,298
real_metallica_20260404,2025-06-08,67,14141,13400,2828200,70.7,299
real_metallica_20260404,2025-06-07,37,14178,7400,2835600,70.89,300
real_metallica_20260404,2025-06-06,138,14316,27600,2863200,71.58,301
real_metallica_20260404,2025-06-04,129,14445,25800,2889000,72.22,303
real_metallica_20260404,2025-06-03,47,14492,9400,2898400,72.46,304
real_metallica_20260404,2025-06-02,158,14650,31600,2930000,73.25,305
real_metallica_20260404,2025-06-01,198,14848,39600,2969600,74.24,306
real_metallica_20260404,2025-05-31,82,14930,16400,2986000,74.65,307
real_metallica_20260404,2025-05-30,168,15098,33600,3019600,75.49,308
real_metallica_20260404,2025-05-29,209,15307,41800,3061400,76.53,309
real_metallica_20260404,2025-05-28,134,15441,26800,3088200,77.2,310
real_metallica_20260404,2025-05-27,196,15637,39200,3127400,78.19,311
real_metallica_20260404,2025-05-26,156,15793,31200,3158600,78.97,312
real_metallica_20260404,2025-05-25,104,15897,20800,3179400,79.48,313
real_metallica_20260404,2025-05-24,28,15925,5600,3185000,79.62,314
real_metallica_20260404,2025-05-23,84,16009,16800,3201800,80.05,315
real_metallica_20260404,2025-05-22,16,16025,3200,3205000,80.12,316
real_metallica_20260404,2025-05-21,4,16029,800,3205800,80.14,317
real_metallica_20260404,2025-05-20,62,16091,12400,3218200,80.45,318
real_metallica_20260404,2025-05-19,4,16095,800,3219000,80.47,319
real_metallica_20260404,2025-05-18,99,16194,19800,3238800,80.97,320
real_metallica_20260404,2025-05-17,134,16328,26800,3265600,81.64,321
real_metallica_20260404,2025-05-16,151,16479,30200,3295800,82.39,322
real_metallica_20260405,2025-10-23,187,187,37400,37400,0.94,163
real_metallica_20260405,2025-10-22,183,370,36600,74000,1.85,164
real_metallica_20260405,2025-10-21,53,423,10600,84600,2.11,165
real_metallica_20260405,2025-10-20,40,463,8000,92600,2.31,166
real_metallica_20260405,2025-10-19,327,790,65400,158000,3.95,167
real_metallica_20260405,2025-10-18,142,932,28400,186400,4.66,168
real_metallica_20260405,2025-10-17,212,1144,42400,228800,5.72,169
real_metallica_20260405,2025-10-16,406,1550,81200,310000,7.75,170
real_metallica_20260405,2025-10-15,315,1865,63000,373000,9.32,171
real_metallica_20260405,2025-10-14,20,1885,4000,377000,9.43,172
real_metallica_20260405,2025-10-13,155,2040,31000,408000,10.2,173
real_metallica_20260405,2025-10-12,55,2095,11000,419000,10.47,174
real_metallica_20260405,2025-10-11,49,2144,9800,428800,10.72,175
real_metallica_20260405,2025-10-10,59,2203,11800,440600,11.02,176
real_metallica_20260405,2025-10-09,97,2300,19400,460000,11.5,177
real_metallica_20260405,2025-10-08,168,2468,33600,493600,12.34,178
real_metallica_20260405,2025-10-07,91,2559,18200,511800,12.8,179
real_metallica_20260405,2025-10-06,285,2844,57000,568800,14.22,180
real_metallica_20260405,2025-10-05,27,2871,5400,574200,14.36,181
real_metallica_20260405,2025-10-04,147,3018,29400,603600,15.09,182
real_metallica_20260405,2025-10-03,117,3135,23400,627000,15.68,183
real_metallica_20260405,2025-10-02,109,3244,21800,648800,16.22,184
real_metallica_20260405,2025-10-01,42,3286,8400,657200,16.43,185
real_metallica_20260405,2025-09-30,140,3426,28000,685200,17.13,186
real_metallica_20260405,2025-09-29,86,3512,17200,702400,17.56,187
real_metallica_20260405,2025-09-28,136,3648,27200,729600,18.24,188
real_metallica_20260405,2025-09-27,226,3874,45200,774800,19.37,189
real_metallica_20260405,2025-09-26,231,4105,46200,821000,20.52,190
real_metallica_20260405,2025-09-25,83,4188,16600,837600,20.94,191
real_metallica_20260405,2025-09-24,105,4293,21000,858600,21.46,192
real_metallica_20260405,2025-09-23,110,4403,22000,880600,22.02,193
real_metallica_20260405,2025-09-22,82,4485,16400,897000,22.43,194
real_metallica_20260405,2025-09-21,144,4629,28800,925800,23.14,195
real_metallica_20260405,2025-09-20,96,4725,19200,945000,23.62,196
real_metallica_20260405,2025-09-19,190,4915,38000,983000,24.57,197
real_metallica_20260405,2025-09-18,115,5030,23000,1006000,25.15,198
real_metallica_20260405,2025-09-17,101,5131,20200,1026200,25.66,199
real_metallica_20260405,2025-09-16,4,5135,800,1027000,25.67,200
real_metallica_20260405,2025-09-15,8,5143,1600,1028600,25.71,201
real_metallica_20260405,2025-09-14,77,5220,15400,1044000,26.1,202
real_metallica_20260405,2025-09-13,28,5248,5600,1049600,26.24,203
real_metallica_20260405,2025-09-12,40,5288,8000,1057600,26.44,204
real_metallica_20260405,2025-09-11,88,5376,17600,1075200,26.88,205
real_metallica_20260405,2025-09-10,141,5517,28200,1103400,27.58,206
real_metallica_20260405,2025-09-09,146,5663,29200,1132600,28.32,207
real_metallica_20260405,2025-09-08,39,5702,7800,1140400,28.51,208
real_metallica_20260405,2025-09-07,58,5760,11600,1152000,28.8,209
real_metallica_20260405,2025-09-06,35,5795,7000,1159000,28.98,210
real_metallica_20260405,2025-09-05,63,5858,12600,1171600,29.29,211
real_metallica_20260405,2025-09-04,103,5961,20600,1192200,29.8,212
real_metallica_20260405,2025-09-03,102,6063,20400,1212600,30.31,213
real_metallica_20260405,2025-09-02,55,6118,11000,1223600,30.59,214
real_metallica_20260405,2025-09-01,185,6303,37000,1260600,31.51,215
real_metallica_20260405,2025-08-31,123,6426,24600,1285200,32.13,216
real_metallica_20260405,2025-08-30,105,6531,21000,1306200,32.66,217
real_metallica_20260405,2025-08-29,179,6710,35800,1342000,33.55,218
real_metallica_20260405,2025-08-28,24,6734,4800,1346800,33.67,219
real_metallica_20260405,2025-08-27,76,6810,15200,1362000,34.05,220
real_metallica_20260405,2025-08-26,73,6883,14600,1376600,34.41,221
real_metallica_20260405,2025-08-25,14,6897,2800,1379400,34.48,222
real_metallica_20260405,2025-08-24,85,6982,17000,1396400,34.91,223
real_metallica_20260405,2025-08-23,111,7093,22200,1418600,35.47,224
real_metallica_20260405,2025-08-22,30,7123,6000,1424600,35.62,225
real_metallica_20260405,2025-08-21,58,7181,11600,1436200,35.91,226
real_metallica_20260405,2025-08-20,154,7335,30800,1467000,36.68,227
real_metallica_20260405,2025-08-19,162,7497,32400,1499400,37.48,228
real_metallica_20260405,2025-08-18,97,7594,19400,1518800,37.97,229
real_metallica_20260405,2025-08-17,67,7661,13400,1532200,38.3,230
real_metallica_20260405,2025-08-16,69,7730,13800,1546000,38.65,231
real_metallica_20260405,2025-08-15,83,7813,16600,1562600,39.06,232
real_metallica_20260405,2025-08-14,56,7869,11200,1573800,39.34,233
real_metallica_20260405,2025-08-13,86,7955,17200,1591000,39.77,234
real_metallica_20260405,2025-08-12,100,8055,20000,1611000,40.27,235
real_metallica_20260405,2025-08-11,192,8247,38400,1649400,41.23,236
real_metallica_20260405,2025-08-10,129,8376,25800,1675200,41.88,237
real_metallica_20260405,2025-08-09,55,8431,11000,1686200,42.16,238
real_metallica_20260405,2025-08-08,100,8531,20000,1706200,42.66,239
real_metallica_20260405,2025-08-07,43,8574,8600,1714800,42.87,240
real_metallica_20260405,2025-08-06,73,8647,14600,1729400,43.23,241
real_metallica_20260405,2025-08-05,140,8787,28000,1757400,43.94,242
real_metallica_20260405,2025-08-04,21,8808,4200,1761600,44.04,243
real_metallica_20260405,2025-08-03,111,8919,22200,1783800,44.59,244
real_metallica_20260405,2025-08-02,33,8952,6600,1790400,44.76,245
real_metallica_20260405,2025-08-01,123,9075,24600,1815000,45.38,246
real_metallica_20260405,2025-07-31,124,9199,24800,1839800,46.0,247
real_metallica_20260405,2025-07-30,146,9345,29200,1869000,46.73,248
real_metallica_20260405,2025-07-29,78,9423,15600,1884600,47.12,249
real_metallica_20260405,2025-07-28,126,9549,25200,1909800,47.74,250
real_metallica_20260405,2025-07-27,68,9617,13600,1923400,48.09,251
real_metallica_20260405,2025-07-26,82,9699,16400,1939800,48.49,252
real_metallica_20260405,2025-07-25,147,9846,29400,1969200,49.23,253
real_metallica_20260405,2025-07-24,85,9931,17000,1986200,49.66,254
real_metallica_20260405,2025-07-23,93,10024,18600,2004800,50.12,255
real_metallica_20260405,2025-07-22,82,10106,16400,2021200,50.53,256
real_metallica_20260405,2025-07-21,6,10112,1200,2022400,50.56,257
real_metallica_20260405,2025-07-20,43,10155,8600,2031000,50.78,258
real_metallica_20260405,2025-07-19,226,10381,45200,2076200,51.91,259
real_metallica_20260405,2025-07-18,112,10493,22400,2098600,52.46,260
real_metallica_20260405,2025-07-17,29,10522,5800,2104400,52.61,261
real_metallica_20260405,2025-07-16,47,10569,9400,2113800,52.84,262
real_metallica_20260405,2025-07-15,93,10662,18600,2132400,53.31,263
real_metallica_20260405,2025-07-14,28,10690,5600,2138000,53.45,264
real_metallica_20260405,2025-07-13,62,10752,12400,2150400,53.76,265
real_metallica_20260405,2025-07-12,237,10989,47400,2197800,54.95,266
real_metallica_20260405,2025-07-11,106,11095,21200,2219000,55.47,267
real_metallica_20260405,2025-07-10,3,11098,600,2219600,55.49,268
real_metallica_20260405,2025-07-09,28,11126,5600,2225200,55.63,269
real_metallica_20260405,2025-07-08,120,11246,24000,2249200,56.23,270
real_metallica_20260405,2025-07-07,26,11272,5200,2254400,56.36,271
real_metallica_20260405,2025-07-06,54,11326,10800,2265200,56.63,272
real_metallica_20260405,2025-07-05,66,11392,13200,2278400,56.96,273
real_metallica_20260405,2025-07-04,140,11532,28000,2306400,57.66,274
real_metallica_20260405,2025-07-03,36,11568,7200,2313600,57.84,275
real_metallica_20260405,2025-07-02,171,11739,34200,2347800,58.7,276
real_metallica_20260405,2025-07-01,74,11813,14800,2362600,59.06,277
real_metallica_20260405,2025-06-30,134,11947,26800,2389400,59.74,278
real_metallica_20260405,2025-06-29,21,11968,4200,2393600,59.84,279
real_metallica_20260405,2025-06-28,25,11993,5000,2398600,59.97,280
real_metallica_20260405,2025-06-27,158,12151,31600,2430200,60.76,281
real_metallica_20260405,2025-06-26,119,12270,23800,2454000,61.35,282
real_metallica_20260405,2025-06-25,2,12272,400,2454400,61.36,283
real_metallica_20260405,2025-06-24,84,12356,16800,2471200,61.78,284
real_metallica_20260405,2025-06-23,92,12448,18400,2489600,62.24,285
real_metallica_20260405,2025-06-22,4,12452,800,2490400,62.26,286
real_metallica_20260405,2025-06-21,98,12550,19600,2510000,62.75,287
real_metallica_20260405,2025-06-20,48,12598,9600,2519600,62.99,288
real_metallica_20260405,2025-06-19,25,12623,5000,2524600,63.12,289
real_metallica_20260405,2025-06-18,124,12747,24800,2549400,63.73,290
real_metallica_20260405,2025-06-17,136,12883,27200,2576600,64.42,291
real_metallica_20260405,2025-06-16,25,12908,5000,2581600,64.54,292
real_metallica_20260405,2025-06-15,117,13025,23400,2605000,65.12,293
real_metallica_20260405,2025-06-14,182,13207,36400,2641400,66.03,294
real_metallica_20260405,2025-06-13,31,13238,6200,2647600,66.19,295
real_metallica_20260405,2025-06-12,78,13316,15600,2663200,66.58,296
real_metallica_20260405,2025-06-11,100,13416,20000,2683200,67.08,297
real_metallica_20260405,2025-06-10,4,13420,800,2684000,67.1,298
real_metallica_20260405,2025-06-09,90,13510,18000,2702000,67.55,299
real_metallica_20260405,2025-06-08,77,13587,15400,2717400,67.94,300
real_metallica_20260405,2025-06-07,70,13657,14000,2731400,68.28,301
real_metallica_20260405,2025-06-06,160,13817,32000,2763400,69.08,302
real_metallica_20260405,2025-06-05,99,13916,19800,2783200,69.58,303
real_metallica_20260405,2025-06-04,208,14124,41600,2824800,70.62,304
real_metallica_20260405,2025-06-03,143,14267,28600,2853400,71.34,305
real_metallica_20260405,2025-06-02,43,14310,8600,2862000,71.55,306
real_metallica_20260405,2025-06-01,168,14478,33600,2895600,72.39,307
real_metallica_20260405,2025-05-31,93,14571,18600,2914200,72.86,308
real_metallica_20260405,2025-05-30,58,14629,11600,2925800,73.15,309
real_metallica_20260405,2025-05-29,146,14775,29200,2955000,73.88,310
real_metallica_20260405,2025-05-28,39,14814,7800,2962800,74.07,311
real_metallica_20260405,2025-05-27,84,14898,16800,2979600,74.49,312
real_metallica_20260405,2025-05-26,33,14931,6600,2986200,74.66,313
real_metallica_20260405,2025-05-25,17,14948,3400,2989600,74.74,314
real_metallica_20260405,2025-05-24,175,15123,35000,3024600,75.61,315
real_metallica_20260405,2025-05-23,220,15343,44000,3068600,76.72,316
real_metallica_20260405,2025-05-22,88,15431,17600,3086200,77.16,317
real_metallica_20260405,2025-05-21,134,15565,26800,3113000,77.83,318
real_metallica_20260405,2025-05-20,110,15675,22000,3135000,78.38,319
real_metallica_20260405,2025-05-19,74,15749,14800,3149800,78.75,320
real_metallica_20260405,2025-05-18,144,15893,28800,3178600,79.47,321
real_metallica_20260405,2025-05-17,81,15974,16200,3194800,79.87,322
real_metallica_20260405,2025-05-16,68,16042,13600,3208400,80.21,323
real_metallica_20260405,2025-05-15,30,16072,6000,3214400,80.36,324
future_coldplay_20260405,2025-10-23,214,214,42800,42800,1.07,163
future_coldplay_20260405,2025-10-22,372,586,74400,117200,2.93,164
future_coldplay_20260405,2025-10-21,81,667,16200,133400,3.33,165
future_coldplay_20260405,2025-10-20,211,878,42200,175600,4.39,166
future_coldplay_20260405,2025-10-19,155,1033,31000,206600,5.17,167
future_coldplay_20260405,2025-10-18,140,1173,28000,234600,5.87,168
future_coldplay_20260405,2025-10-17,48,1221,9600,244200,6.11,169
future_coldplay_20260405,2025-10-16,47,1268,9400,253600,6.34,170
future_coldplay_20260405,2025-10-15,156,1424,31200,284800,7.12,171
future_coldplay_20260405,2025-10-14,310,1734,62000,346800,8.67,172
future_coldplay_20260405,2025-10-13,118,1852,23600,370400,9.26,173
future_coldplay_20260405,2025-10-12,118,1970,23600,394000,9.85,174
future_coldplay_20260405,2025-10-11,183,2153,36600,430600,10.76,175
future_coldplay_20260405,2025-10-10,199,2352,39800,470400,11.76,176
future_coldplay_20260405,2025-10-09,257,2609,51400,521800,13.05,177
future_coldplay_20260405,2025-10-08,240,2849,48000,569800,14.24,178
future_coldplay_20260405,2025-10-07,191,3040,38200,608000,15.2,179
future_coldplay_20260405,2025-10-06,99,3139,19800,627800,15.7,180
future_coldplay_20260405,2025-10-05,35,3174,7000,634800,15.87,181
future_coldplay_20260405,2025-10-04,28,3202,5600,640400,16.01,182
future_coldplay_20260405,2025-10-03,1,3203,200,640600,16.01,183
future_coldplay_20260405,2025-10-02,243,3446,48600,689200,17.23,184
future_coldplay_20260405,2025-10-01,51,3497,10200,699400,17.48,185
future_coldplay_20260405,2025-09-30,16,3513,3200,702600,17.57,186
future_coldplay_20260405,2025-09-29,56,3569,11200,713800,17.84,187
future_coldplay_20260405,2025-09-28,125,3694,25000,738800,18.47,188
future_coldplay_20260405,2025-09-27,117,3811,23400,762200,19.05,189
future_coldplay_20260405,2025-09-26,109,3920,21800,784000,19.6,190
future_coldplay_20260405,2025-09-25,10,3930,2000,786000,19.65,191
future_coldplay_20260405,2025-09-24,97,4027,19400,805400,20.14,192
future_coldplay_20260405,2025-09-23,100,4127,20000,825400,20.64,193
future_coldplay_20260405,2025-09-22,190,4317,38000,863400,21.58,194
future_coldplay_20260405,2025-09-21,137,4454,27400,890800,22.27,195
future_coldplay_20260405,2025-09-20,9,4463,1800,892600,22.31,196
future_coldplay_20260405,2025-09-19,115,4578,23000,915600,22.89,197
future_coldplay_20260405,2025-09-18,10,4588,2000,917600,22.94,198
future_coldplay_20260405,2025-09-17,62,4650,12400,930000,23.25,199
future_coldplay_20260405,2025-09-16,101,4751,20200,950200,23.76,200
future_coldplay_20260405,2025-09-15,20,4771,4000,954200,23.86,201
future_coldplay_20260405,2025-09-14,132,4903,26400,980600,24.52,202
future_coldplay_20260405,2025-09-13,12,4915,2400,983000,24.57,203
future_coldplay_20260405,2025-09-12,56,4971,11200,994200,24.86,204
future_coldplay_20260405,2025-09-11,77,5048,15400,1009600,25.24,205
future_coldplay_20260405,2025-09-10,73,5121,14600,1024200,25.61,206
future_coldplay_20260405,2025-09-09,108,5229,21600,1045800,26.15,207
future_coldplay_20260405,2025-09-08,13,5242,2600,1048400,26.21,208
future_coldplay_20260405,2025-09-07,36,5278,7200,1055600,26.39,209
future_coldplay_20260405,2025-09-06,165,5443,33000,1088600,27.21,210
future_coldplay_20260405,2025-09-05,128,5571,25600,1114200,27.86,211
future_coldplay_20260405,2025-09-04,99,5670,19800,1134000,28.35,212
future_coldplay_20260405,2025-09-03,178,5848,35600,1169600,29.24,213
future_coldplay_20260405,2025-09-02,100,5948,20000,1189600,29.74,214
future_coldplay_20260405,2025-09-01,115,6063,23000,1212600,30.31,215
future_coldplay_20260405,2025-08-31,58,6121,11600,1224200,30.61,216
future_coldplay_20260405,2025-08-30,182,6303,36400,1260600,31.51,217
future_coldplay_20260405,2025-08-29,225,6528,45000,1305600,32.64,218
future_coldplay_20260405,2025-08-28,64,6592,12800,1318400,32.96,219
future_coldplay_20260405,2025-08-27,41,6633,8200,1326600,33.16,220
future_coldplay_20260405,2025-08-26,31,6664,6200,1332800,33.32,221
future_coldplay_20260405,2025-08-25,90,6754,18000,1350800,33.77,222
future_coldplay_20260405,2025-08-24,92,6846,18400,1369200,34.23,223
future_coldplay_20260405,2025-08-23,90,6936,18000,1387200,34.68,224
future_coldplay_20260405,2025-08-22,130,7066,26000,1413200,35.33,225
future_coldplay_20260405,2025-08-21,40,7106,8000,1421200,35.53,226
future_coldplay_20260405,2025-08-20,97,7203,19400,1440600,36.02,227
future_coldplay_20260405,2025-08-19,21,7224,4200,1444800,36.12,228
future_coldplay_20260405,2025-08-18,144,7368,28800,1473600,36.84,229
future_coldplay_20260405,2025-08-17,220,7588,44000,1517600,37.94,230
future_coldplay_20260405,2025-08-16,111,7699,22200,1539800,38.5,231
future_coldplay_20260405,2025-08-15,98,7797,19600,1559400,38.98,232
future_coldplay_20260405,2025-08-14,107,7904,21400,1580800,39.52,233
future_coldplay_20260405,2025-08-13,114,8018,22800,1603600,40.09,234
future_coldplay_20260405,2025-08-12,46,8064,9200,1612800,40.32,235
future_coldplay_20260405,2025-08-11,16,8080,3200,1616000,40.4,236
future_coldplay_20260405,2025-08-09,64,8144,12800,1628800,40.72,238
future_coldplay_20260405,2025-08-08,63,8207,12600,1641400,41.03,239
future_coldplay_20260405,2025-08-07,139,8346,27800,1669200,41.73,240
future_coldplay_20260405,2025-08-06,155,8501,31000,1700200,42.5,241
future_coldplay_20260405,2025-08-05,60,8561,12000,1712200,42.8,242
future_coldplay_20260405,2025-08-04,84,8645,16800,1729000,43.23,243
future_coldplay_20260405,2025-08-03,104,8749,20800,1749800,43.74,244
future_coldplay_20260405,2025-08-02,153,8902,30600,1780400,44.51,245
future_coldplay_20260405,2025-08-01,62,8964,12400,1792800,44.82,246
future_coldplay_20260405,2025-07-31,71,9035,14200,1807000,45.17,247
future_coldplay_20260405,2025-07-30,142,9177,28400,1835400,45.88,248
future_coldplay_20260405,2025-07-29,53,9230,10600,1846000,46.15,249
future_coldplay_20260405,2025-07-28,18,9248,3600,1849600,46.24,250
future_coldplay_20260405,2025-07-27,44,9292,8800,1858400,46.46,251
future_coldplay_20260405,2025-07-26,4,9296,800,1859200,46.48,252
future_coldplay_20260405,2025-07-25,154,9450,30800,1890000,47.25,253
future_coldplay_20260405,2025-07-24,22,9472,4400,1894400,47.36,254
future_coldplay_20260405,2025-07-23,53,9525,10600,1905000,47.62,255
future_coldplay_20260405,2025-07-22,82,9607,16400,1921400,48.03,256
future_coldplay_20260405,2025-07-21,156,9763,31200,1952600,48.81,257
future_coldplay_20260405,2025-07-20,179,9942,35800,1988400,49.71,258
future_coldplay_20260405,2025-07-19,143,10085,28600,2017000,50.42,259
future_coldplay_20260405,2025-07-18,58,10143,11600,2028600,50.71,260
future_coldplay_20260405,2025-07-17,92,10235,18400,2047000,51.18,261
future_coldplay_20260405,2025-07-16,23,10258,4600,2051600,51.29,262
future_coldplay_20260405,2025-07-15,82,10340,16400,2068000,51.7,263
future_coldplay_20260405,2025-07-14,97,10437,19400,2087400,52.19,264
future_coldplay_20260405,2025-07-13,194,10631,38800,2126200,53.15,265
future_coldplay_20260405,2025-07-12,140,10771,28000,2154200,53.85,266
future_coldplay_20260405,2025-07-11,60,10831,12000,2166200,54.16,267
future_coldplay_20260405,2025-07-10,88,10919,17600,2183800,54.6,268
future_coldplay_20260405,2025-07-09,84,11003,16800,2200600,55.02,269
future_coldplay_20260405,2025-07-08,134,11137,26800,2227400,55.68,270
future_coldplay_20260405,2025-07-07,26,11163,5200,2232600,55.82,271
future_coldplay_20260405,2025-07-06,27,11190,5400,2238000,55.95,272
future_coldplay_20260405,2025-07-05,161,11351,32200,2270200,56.76,273
future_coldplay_20260405,2025-07-04,22,11373,4400,2274600,56.87,274
future_coldplay_20260405,2025-07-03,154,11527,30800,2305400,57.64,275
future_coldplay_20260405,2025-07-02,180,11707,36000,2341400,58.54,276
future_coldplay_20260405,2025-07-01,81,11788,16200,2357600,58.94,277
future_coldplay_20260405,2025-06-30,90,11878,18000,2375600,59.39,278
future_coldplay_20260405,2025-06-29,157,12035,31400,2407000,60.17,279
future_coldplay_20260405,2025-06-28,133,12168,26600,2433600,60.84,280
future_coldplay_20260405,2025-06-27,127,12295,25400,2459000,61.48,281
future_coldplay_20260405,2025-06-26,46,12341,9200,2468200,61.7,282
future_coldplay_20260405,2025-06-25,59,12400,11800,2480000,62.0,283
future_coldplay_20260405,2025-06-24,49,12449,9800,2489800,62.24,284
future_coldplay_20260405,2025-06-23,3,12452,600,2490400,62.26,285
future_coldplay_20260405,2025-06-22,30,12482,6000,2496400,62.41,286
future_coldplay_20260405,2025-06-21,53,12535,10600,2507000,62.68,287
future_coldplay_20260405,2025-06-20,106,12641,21200,2528200,63.2,288
future_coldplay_20260405,2025-06-19,85,12726,17000,2545200,63.63,289
future_coldplay_20260405,2025-06-18,54,12780,10800,2556000,63.9,290
future_coldplay_20260405,2025-06-17,25,12805,5000,2561000,64.03,291
future_coldplay_20260405,2025-06-16,65,12870,13000,2574000,64.35,292
future_coldplay_20260405,2025-06-15,78,12948,15600,2589600,64.74,293
future_coldplay_20260405,2025-06-14,82,13030,16400,2606000,65.15,294
future_coldplay_20260405,2025-06-13,29,13059,5800,2611800,65.3,295
future_coldplay_20260405,2025-06-12,87,13146,17400,2629200,65.73,296
future_coldplay_20260405,2025-06-11,145,13291,29000,2658200,66.45,297
future_coldplay_20260405,2025-06-10,7,13298,1400,2659600,66.49,298
future_coldplay_20260405,2025-06-09,49,13347,9800,2669400,66.73,299
future_coldplay_20260405,2025-06-08,86,13433,17200,2686600,67.16,300
future_coldplay_20260405,2025-06-07,122,13555,24400,2711000,67.77,301
future_coldplay_20260405,2025-06-06,204,13759,40800,2751800,68.8,302
future_coldplay_20260405,2025-06-05,17,13776,3400,2755200,68.88,303
future_coldplay_20260405,2025-06-04,160,13936,32000,2787200,69.68,304
future_coldplay_20260405,2025-06-03,137,14073,27400,2814600,70.36,305
future_coldplay_20260405,2025-06-02,118,14191,23600,2838200,70.95,306
future_coldplay_20260405,2025-06-01,105,14296,21000,2859200,71.48,307
future_coldplay_20260405,2025-05-31,14,14310,2800,2862000,71.55,308
future_coldplay_20260405,2025-05-30,76,14386,15200,2877200,71.93,309
future_coldplay_20260405,2025-05-29,173,14559,34600,2911800,72.8,310
future_coldplay_20260405,2025-05-28,137,14696,27400,2939200,73.48,311
future_coldplay_20260405,2025-05-27,73,14769,14600,2953800,73.84,312
future_coldplay_20260405,2025-05-26,204,14973,40800,2994600,74.87,313
future_coldplay_20260405,2025-05-25,203,15176,40600,3035200,75.88,314
future_coldplay_20260405,2025-05-24,38,15214,7600,3042800,76.07,315
future_coldplay_20260405,2025-05-23,7,15221,1400,3044200,76.11,316
future_coldplay_20260405,2025-05-22,96,15317,19200,3063400,76.59,317
future_coldplay_20260405,2025-05-21,42,15359,8400,3071800,76.8,318
future_coldplay_20260405,2025-05-20,99,15458,19800,3091600,77.29,319
future_coldplay_20260405,2025-05-19,14,15472,2800,3094400,77.36,320
future_coldplay_20260405,2025-05-18,192,15664,38400,3132800,78.32,321
future_coldplay_20260405,2025-05-17,80,15744,16000,3148800,78.72,322
future_coldplay_20260405,2025-05-16,69,15813,13800,3162600,79.06,323
future_coldplay_20260405,2025-05-15,127,15940,25400,3188000,79.7,324
real_metallica_20260411,2025-10-23,190,190,38000,38000,0.95,169
real_metallica_20260411,2025-10-22,154,344,30800,68800,1.72,170
real_metallica_20260411,2025-10-21,77,421,15400,84200,2.1,171
real_metallica_20260411,2025-10-20,95,516,19000,103200,2.58,172
real_metallica_20260411,2025-10-19,398,914,79600,182800,4.57,173
real_metallica_20260411,2025-10-18,23,937,4600,187400,4.69,174
real_metallica_20260411,2025-10-17,12,949,2400,189800,4.75,175
real_metallica_20260411,2025-10-16,256,1205,51200,241000,6.02,176
real_metallica_20260411,2025-10-15,87,1292,17400,258400,6.46,177
real_metallica_20260411,2025-10-14,375,1667,75000,333400,8.33,178
real_metallica_20260411,2025-10-13,158,1825,31600,365000,9.12,179
real_metallica_20260411,2025-10-12,73,1898,14600,379600,9.49,180
real_metallica_20260411,2025-10-11,25,1923,5000,384600,9.62,181
real_metallica_20260411,2025-10-10,132,2055,26400,411000,10.27,182
real_metallica_20260411,2025-10-09,33,2088,6600,417600,10.44,183
real_metallica_20260411,2025-10-08,4,2092,800,418400,10.46,184
real_metallica_20260411,2025-10-07,133,2225,26600,445000,11.12,185
real_metallica_20260411,2025-10-06,39,2264,7800,452800,11.32,186
real_metallica_20260411,2025-10-05,175,2439,35000,487800,12.2,187
real_metallica_20260411,2025-10-04,223,2662,44600,532400,13.31,188
real_metallica_20260411,2025-10-03,59,2721,11800,544200,13.61,189
real_metallica_20260411,2025-10-02,26,2747,5200,549400,13.73,190
real_metallica_20260411,2025-10-01,168,2915,33600,583000,14.57,191
real_metallica_20260411,2025-09-30,5,2920,1000,584000,14.6,192
real_metallica_20260411,2025-09-29,79,2999,15800,599800,14.99,193
real_metallica_20260411,2025-09-28,53,3052,10600,610400,15.26,194
real_metallica_20260411,2025-09-27,49,3101,9800,620200,15.5,195
real_metallica_20260411,2025-09-26,81,3182,16200,636400,15.91,196
real_metallica_20260411,2025-09-25,171,3353,34200,670600,16.77,197
real_metallica_20260411,2025-09-24,19,3372,3800,674400,16.86,198
real_metallica_20260411,2025-09-23,14,3386,2800,677200,16.93,199
real_metallica_20260411,2025-09-22,79,3465,15800,693000,17.32,200
real_metallica_20260411,2025-09-21,26,3491,5200,698200,17.46,201
real_metallica_20260411,2025-09-20,44,3535,8800,707000,17.68,202
real_metallica_20260411,2025-09-19,69,3604,13800,720800,18.02,203
real_metallica_20260411,2025-09-18,90,3694,18000,738800,18.47,204
real_metallica_20260411,2025-09-17,146,3840,29200,768000,19.2,205
real_metallica_20260411,2025-09-16,18,3858,3600,771600,19.29,206
real_metallica_20260411,2025-09-15,86,3944,17200,788800,19.72,207
real_metallica_20260411,2025-09-14,12,3956,2400,791200,19.78,208
real_metallica_20260411,2025-09-13,60,4016,12000,803200,20.08,209
real_metallica_20260411,2025-09-12,12,4028,2400,805600,20.14,210
real_metallica_20260411,2025-09-11,6,4034,1200,806800,20.17,211
real_metallica_20260411,2025-09-10,50,4084,10000,816800,20.42,212
real_metallica_20260411,2025-09-09,76,4160,15200,832000,20.8,213
real_metallica_20260411,2025-09-08,161,4321,32200,864200,21.61,214
real_metallica_20260411,2025-09-07,179,4500,35800,900000,22.5,215
real_metallica_20260411,2025-09-06,91,4591,18200,918200,22.96,216
real_metallica_20260411,2025-09-05,50,4641,10000,928200,23.21,217
real_metallica_20260411,2025-09-04,171,4812,34200,962400,24.06,218
real_metallica_20260411,2025-09-03,20,4832,4000,966400,24.16,219
real_metallica_20260411,2025-09-02,193,5025,38600,1005000,25.12,220
real_metallica_20260411,2025-09-01,145,5170,29000,1034000,25.85,221
real_metallica_20260411,2025-08-31,104,5274,20800,1054800,26.37,222
real_metallica_20260411,2025-08-30,178,5452,35600,1090400,27.26,223
real_metallica_20260411,2025-08-29,116,5568,23200,1113600,27.84,224
real_metallica_20260411,2025-08-28,119,5687,23800,1137400,28.43,225
real_metallica_20260411,2025-08-27,57,5744,11400,1148800,28.72,226
real_metallica_20260411,2025-08-26,78,5822,15600,1164400,29.11,227
real_metallica_20260411,2025-08-25,93,5915,18600,1183000,29.58,228
real_metallica_20260411,2025-08-24,84,5999,16800,1199800,30.0,229
real_metallica_20260411,2025-08-23,83,6082,16600,1216400,30.41,230
real_metallica_20260411,2025-08-22,7,6089,1400,1217800,30.45,231
real_metallica_20260411,2025-08-21,14,6103,2800,1220600,30.51,232
real_metallica_20260411,2025-08-20,118,6221,23600,1244200,31.11,233
real_metallica_20260411,2025-08-19,72,6293,14400,1258600,31.46,234
real_metallica_20260411,2025-08-18,154,6447,30800,1289400,32.23,235
real_metallica_20260411,2025-08-17,130,6577,26000,1315400,32.88,236
real_metallica_20260411,2025-08-16,104,6681,20800,1336200,33.41,237
real_metallica_20260411,2025-08-15,27,6708,5400,1341600,33.54,238
real_metallica_20260411,2025-08-14,18,6726,3600,1345200,33.63,239
real_metallica_20260411,2025-08-13,136,6862,27200,1372400,34.31,240
real_metallica_20260411,2025-08-12,151,7013,30200,1402600,35.07,241
real_metallica_20260411,2025-08-11,62,7075,12400,1415000,35.38,242
real_metallica_20260411,2025-08-10,123,7198,24600,1439600,35.99,243
real_metallica_20260411,2025-08-09,87,7285,17400,1457000,36.43,244
real_metallica_20260411,2025-08-08,88,7373,17600,1474600,36.86,245
real_metallica_20260411,2025-08-07,111,7484,22200,1496800,37.42,246
real_metallica_20260411,2025-08-06,87,7571,17400,1514200,37.85,247
real_metallica_20260411,2025-08-05,60,7631,12000,1526200,38.16,248
real_metallica_20260411,2025-08-04,85,7716,17000,1543200,38.58,249
real_metallica_20260411,2025-08-03,91,7807,18200,1561400,39.03,250
real_metallica_20260411,2025-08-02,124,7931,24800,1586200,39.66,251
real_metallica_20260411,2025-08-01,76,8007,15200,1601400,40.03,252
real_metallica_20260411,2025-07-31,142,8149,28400,1629800,40.74,253
real_metallica_20260411,2025-07-30,56,8205,11200,1641000,41.02,254
real_metallica_20260411,2025-07-29,51,8256,10200,1651200,41.28,255
real_metallica_20260411,2025-07-28,13,8269,2600,1653800,41.34,256
real_metallica_20260411,2025-07-27,152,8421,30400,1684200,42.1,257
real_metallica_20260411,2025-07-26,97,8518,19400,1703600,42.59,258
real_metallica_20260411,2025-07-25,15,8533,3000,1706600,42.66,259
real_metallica_20260411,2025-07-24,17,8550,3400,1710000,42.75,260
real_metallica_20260411,2025-07-23,231,8781,46200,1756200,43.91,261
real_metallica_20260411,2025-07-22,207,8988,41400,1797600,44.94,262
real_metallica_20260411,2025-07-21,18,9006,3600,1801200,45.03,263
real_metallica_20260411,2025-07-20,115,9121,23000,1824200,45.61,264
real_metallica_20260411,2025-07-19,99,9220,19800,1844000,46.1,265
real_metallica_20260411,2025-07-18,114,9334,22800,1866800,46.67,266
real_metallica_20260411,2025-07-17,87,9421,17400,1884200,47.11,267
real_metallica_20260411,2025-07-16,76,9497,15200,1899400,47.48,268
real_metallica_20260411,2025-07-15,173,9670,34600,1934000,48.35,269
real_metallica_20260411,2025-07-14,111,9781,22200,1956200,48.91,270
real_metallica_20260411,2025-07-13,88,9869,17600,1973800,49.34,271
real_metallica_20260411,2025-07-12,4,9873,800,1974600,49.36,272
real_metallica_20260411,2025-07-11,130,10003,26000,2000600,50.02,273
real_metallica_20260411,2025-07-10,32,10035,6400,2007000,50.18,274
real_metallica_20260411,2025-07-09,15,10050,3000,2010000,50.25,275
real_metallica_20260411,2025-07-08,140,10190,28000,2038000,50.95,276
real_metallica_20260411,2025-07-06,91,10281,18200,2056200,51.41,278
real_metallica_20260411,2025-07-05,36,10317,7200,2063400,51.59,279
real_metallica_20260411,2025-07-04,60,10377,12000,2075400,51.89,280
real_metallica_20260411,2025-07-03,151,10528,30200,2105600,52.64,281
real_metallica_20260411,2025-07-02,81,10609,16200,2121800,53.04,282
real_metallica_20260411,2025-07-01,103,10712,20600,2142400,53.56,283
real_metallica_20260411,2025-06-30,139,10851,27800,2170200,54.25,284
real_metallica_20260411,2025-06-29,22,10873,4400,2174600,54.36,285
real_metallica_20260411,2025-06-28,48,10921,9600,2184200,54.61,286
real_metallica_20260411,2025-06-27,92,11013,18400,2202600,55.06,287
real_metallica_20260411,2025-06-26,39,11052,7800,2210400,55.26,288
real_metallica_20260411,2025-06-25,32,11084,6400,2216800,55.42,289
real_metallica_20260411,2025-06-24,9,11093,1800,2218600,55.46,290
real_metallica_20260411,2025-06-23,36,11129,7200,2225800,55.65,291
real_metallica_20260411,2025-06-22,124,11253,24800,2250600,56.27,292
real_metallica_20260411,2025-06-21,34,11287,6800,2257400,56.44,293
real_metallica_20260411,2025-06-20,82,11369,16400,2273800,56.84,294
real_metallica_20260411,2025-06-19,220,11589,44000,2317800,57.95,295
real_metallica_20260411,2025-06-18,154,11743,30800,2348600,58.71,296
real_metallica_20260411,2025-06-17,159,11902,31800,2380400,59.51,297
real_metallica_20260411,2025-06-16,65,11967,13000,2393400,59.84,298
real_metallica_20260411,2025-06-15,115,12082,23000,2416400,60.41,299
real_metallica_20260411,2025-06-14,57,12139,11400,2427800,60.7,300
real_metallica_20260411,2025-06-13,77,12216,15400,2443200,61.08,301
real_metallica_20260411,2025-06-12,63,12279,12600,2455800,61.39,302
real_metallica_20260411,2025-06-11,60,12339,12000,2467800,61.7,303
real_metallica_20260411,2025-06-10,68,12407,13600,2481400,62.03,304
real_metallica_20260411,2025-06-09,139,12546,27800,2509200,62.73,305
real_metallica_20260411,2025-06-08,8,12554,1600,2510800,62.77,306
real_metallica_20260411,2025-06-07,247,12801,49400,2560200,64.0,307
real_metallica_20260411,2025-06-06,28,12829,5600,2565800,64.14,308
real_metallica_20260411,2025-06-05,176,13005,35200,2601000,65.03,309
real_metallica_20260411,2025-06-04,93,13098,18600,2619600,65.49,310
real_metallica_20260411,2025-06-03,192,13290,38400,2658000,66.45,311
real_metallica_20260411,2025-06-02,119,13409,23800,2681800,67.05,312
real_metallica_20260411,2025-06-01,133,13542,26600,2708400,67.71,313
real_metallica_20260411,2025-05-31,22,13564,4400,2712800,67.82,314
real_metallica_20260411,2025-05-30,19,13583,3800,2716600,67.92,315
real_metallica_20260411,2025-05-29,138,13721,27600,2744200,68.61,316
real_metallica_20260411,2025-05-28,79,13800,15800,2760000,69.0,317
real_metallica_20260411,2025-05-27,87,13887,17400,2777400,69.44,318
real_metallica_20260411,2025-05-26,2,13889,400,2777800,69.45,319
real_metallica_20260411,2025-05-25,131,14020,26200,2804000,70.1,320
real_metallica_20260411,2025-05-24,146,14166,29200,2833200,70.83,321
real_metallica_20260411,2025-05-23,107,14273,21400,2854600,71.36,322
real_metallica_20260411,2025-05-22,75,14348,15000,2869600,71.74,323
real_metallica_20260411,2025-05-21,9,14357,1800,2871400,71.78,324
real_metallica_20260411,2025-05-20,152,14509,30400,2901800,72.55,325
real_metallica_20260411,2025-05-19,186,14695,37200,2939000,73.47,326
real_metallica_20260411,2025-05-18,66,14761,13200,2952200,73.8,327
real_metallica_20260411,2025-05-17,60,14821,12000,2964200,74.11,328
real_metallica_20260411,2025-05-16,146,14967,29200,2993400,74.83,329
real_metallica_20260411,2025-05-15,37,15004,7400,3000800,75.02,330
real_metallica_20260411,2025-05-14,159,15163,31800,3032600,75.81,331
real_metallica_20260411,2025-05-13,62,15225,12400,3045000,76.12,332
real_metallica_20260411,2025-05-12,64,15289,12800,3057800,76.44,333
real_metallica_20260411,2025-05-11,35,15324,7000,3064800,76.62,334
real_metallica_20260411,2025-05-10,71,15395,14200,3079000,76.98,335
real_metallica_20260411,2025-05-09,65,15460,13000,3092000,77.3,336
real_metallica_20260412,2025-10-23,28,28,5600,5600,0.14,170
real_metallica_20260412,2025-10-22,302,330,60400,66000,1.65,171
real_metallica_20260412,2025-10-21,337,667,67400,133400,3.33,172
real_metallica_20260412,2025-10-20,89,756,17800,151200,3.78,173
real_metallica_20260412,2025-10-19,120,876,24000,175200,4.38,174
real_metallica_20260412,2025-10-18,270,1146,54000,229200,5.73,175
real_metallica_20260412,2025-10-17,175,1321,35000,264200,6.6,176
real_metallica_20260412,2025-10-16,148,1469,29600,293800,7.34,177
real_metallica_20260412,2025-10-15,78,1547,15600,309400,7.74,178
real_metallica_20260412,2025-10-14,385,1932,77000,386400,9.66,179
real_metallica_20260412,2025-10-13,392,2324,78400,464800,11.62,180
real_metallica_20260412,2025-10-12,112,2436,22400,487200,12.18,181
real_metallica_20260412,2025-10-11,42,2478,8400,495600,12.39,182
real_metallica_20260412,2025-10-10,93,2571,18600,514200,12.86,183
real_metallica_20260412,2025-10-09,13,2584,2600,516800,12.92,184
real_metallica_20260412,2025-10-08,193,2777,38600,555400,13.88,185
real_metallica_20260412,2025-10-07,13,2790,2600,558000,13.95,186
real_metallica_20260412,2025-10-06,51,2841,10200,568200,14.21,187
real_metallica_20260412,2025-10-05,121,2962,24200,592400,14.81,188
real_metallica_20260412,2025-10-04,192,3154,38400,630800,15.77,189
real_metallica_20260412,2025-10-03,59,3213,11800,642600,16.06,190
real_metallica_20260412,2025-10-02,99,3312,19800,662400,16.56,191
real_metallica_20260412,2025-10-01,37,3349,7400,669800,16.74,192
real_metallica_20260412,2025-09-30,111,3460,22200,692000,17.3,193
real_metallica_20260412,2025-09-29,57,3517,11400,703400,17.59,194
real_metallica_20260412,2025-09-28,80,3597,16000,719400,17.98,195
real_metallica_20260412,2025-09-27,174,3771,34800,754200,18.86,196
real_metallica_20260412,2025-09-26,24,3795,4800,759000,18.98,197
real_metallica_20260412,2025-09-25,163,3958,32600,791600,19.79,198
real_metallica_20260412,2025-09-24,110,4068,22000,813600,20.34,199
real_metallica_20260412,2025-09-23,166,4234,33200,846800,21.17,200
real_metallica_20260412,2025-09-22,85,4319,17000,863800,21.59,201
real_metallica_20260412,2025-09-21,25,4344,5000,868800,21.72,202
real_metallica_20260412,2025-09-20,100,4444,20000,888800,22.22,203
real_metallica_20260412,2025-09-19,61,4505,12200,901000,22.53,204
real_metallica_20260412,2025-09-18,150,4655,30000,931000,23.28,205
real_metallica_20260412,2025-09-17,133,4788,26600,957600,23.94,206
real_metallica_20260412,2025-09-16,46,4834,9200,966800,24.17,207
real_metallica_20260412,2025-09-15,2,4836,400,967200,24.18,208
real_metallica_20260412,2025-09-14,17,4853,3400,970600,24.27,209
real_metallica_20260412,2025-09-13,12,4865,2400,973000,24.32,210
real_metallica_20260412,2025-09-12,175,5040,35000,1008000,25.2,211
real_metallica_20260412,2025-09-11,56,5096,11200,1019200,25.48,212
real_metallica_20260412,2025-09-10,64,5160,12800,1032000,25.8,213
real_metallica_20260412,2025-09-09,3,5163,600,1032600,25.81,214
real_metallica_20260412,2025-09-08,14,5177,2800,1035400,25.89,215
real_metallica_20260412,2025-09-07,168,5345,33600,1069000,26.72,216
real_metallica_20260412,2025-09-06,55,5400,11000,1080000,27.0,217
real_metallica_20260412,2025-09-05,163,5563,32600,1112600,27.82,218
real_metallica_20260412,2025-09-04,15,5578,3000,1115600,27.89,219
real_metallica_20260412,2025-09-03,77,5655,15400,1131000,28.27,220
real_metallica_20260412,2025-09-02,84,5739,16800,1147800,28.69,221
real_metallica_20260412,2025-09-01,165,5904,33000,1180800,29.52,222
real_metallica_20260412,2025-08-31,47,5951,9400,1190200,29.75,223
real_metallica_20260412,2025-08-30,178,6129,35600,1225800,30.64,224
real_metallica_20260412,2025-08-29,37,6166,7400,1233200,30.83,225
real_metallica_20260412,2025-08-28,19,6185,3800,1237000,30.93,226
real_metallica_20260412,2025-08-27,70,6255,14000,1251000,31.27,227
real_metallica_20260412,2025-08-26,177,6432,35400,1286400,32.16,228
real_metallica_20260412,2025-08-25,197,6629,39400,1325800,33.15,229
real_metallica_20260412,2025-08-24,65,6694,13000,1338800,33.47,230
real_metallica_20260412,2025-08-23,9,6703,1800,1340600,33.52,231
real_metallica_20260412,2025-08-22,15,6718,3000,1343600,33.59,232
real_metallica_20260412,2025-08-21,85,6803,17000,1360600,34.02,233
real_metallica_20260412,2025-08-20,132,6935,26400,1387000,34.67,234
real_metallica_20260412,2025-08-19,67,7002,13400,1400400,35.01,235
real_metallica_20260412,2025-08-18,8,7010,1600,1402000,35.05,236
real_metallica_20260412,2025-08-17,51,7061,10200,1412200,35.3,237
real_metallica_20260412,2025-08-16,45,7106,9000,1421200,35.53,238
real_metallica_20260412,2025-08-15,27,7133,5400,1426600,35.66,239
real_metallica_20260412,2025-08-14,98,7231,19600,1446200,36.16,240
real_metallica_20260412,2025-08-13,157,7388,31400,1477600,36.94,241
real_metallica_20260412,2025-08-12,113,7501,22600,1500200,37.51,242
real_metallica_20260412,2025-08-11,26,7527,5200,1505400,37.64,243
real_metallica_20260412,2025-08-10,9,7536,1800,1507200,37.68,244
real_metallica_20260412,2025-08-09,64,7600,12800,1520000,38.0,245
real_metallica_20260412,2025-08-08,4,7604,800,1520800,38.02,246
real_metallica_20260412,2025-08-07,38,7642,7600,1528400,38.21,247
real_metallica_20260412,2025-08-05,170,7812,34000,1562400,39.06,249
real_metallica_20260412,2025-08-04,38,7850,7600,1570000,39.25,250
real_metallica_20260412,2025-08-03,100,7950,20000,1590000,39.75,251
real_metallica_20260412,2025-08-02,131,8081,26200,1616200,40.41,252
real_metallica_20260412,2025-08-01,197,8278,39400,1655600,41.39,253
real_metallica_20260412,2025-07-31,111,8389,22200,1677800,41.95,254
real_metallica_20260412,2025-07-30,17,8406,3400,1681200,42.03,255
real_metallica_20260412,2025-07-28,123,8529,24600,1705800,42.64,257
real_metallica_20260412,2025-07-27,68,8597,13600,1719400,42.98,258
real_metallica_20260412,2025-07-26,91,8688,18200,1737600,43.44,259
real_metallica_20260412,2025-07-25,77,8765,15400,1753000,43.82,260
real_metallica_20260412,2025-07-24,23,8788,4600,1757600,43.94,261
real_metallica_20260412,2025-07-23,87,8875,17400,1775000,44.38,262
real_metallica_20260412,2025-07-22,58,8933,11600,1786600,44.66,263
real_metallica_20260412,2025-07-21,74,9007,14800,1801400,45.03,264
real_metallica_20260412,2025-07-20,45,9052,9000,1810400,45.26,265
real_metallica_20260412,2025-07-19,98,9150,19600,1830000,45.75,266
real_metallica_20260412,2025-07-18,76,9226,15200,1845200,46.13,267
real_metallica_20260412,2025-07-17,27,9253,5400,1850600,46.27,268
real_metallica_20260412,2025-07-16,91,9344,18200,1868800,46.72,269
real_metallica_20260412,2025-07-15,161,9505,32200,1901000,47.52,270
real_metallica_20260412,2025-07-14,48,9553,9600,1910600,47.77,271
real_metallica_20260412,2025-07-13,24,9577,4800,1915400,47.88,272
real_metallica_20260412,2025-07-12,75,9652,15000,1930400,48.26,273
real_metallica_20260412,2025-07-11,99,9751,19800,1950200,48.75,274
real_metallica_20260412,2025-07-10,69,9820,13800,1964000,49.1,275
real_metallica_20260412,2025-07-09,127,9947,25400,1989400,49.73,276
real_metallica_20260412,2025-07-08,115,10062,23000,2012400,50.31,277
real_metallica_20260412,2025-07-07,4,10066,800,2013200,50.33,278
real_metallica_20260412,2025-07-06,7,10073,1400,2014600,50.37,279
real_metallica_20260412,2025-07-05,10,10083,2000,2016600,50.41,280
real_metallica_20260412,2025-07-04,54,10137,10800,2027400,50.69,281
real_metallica_20260412,2025-07-03,170,10307,34000,2061400,51.53,282
real_metallica_20260412,2025-07-02,173,10480,34600,2096000,52.4,283
real_metallica_20260412,2025-07-01,137,10617,27400,2123400,53.09,284
real_metallica_20260412,2025-06-30,74,10691,14800,2138200,53.45,285
real_metallica_20260412,2025-06-29,9,10700,1800,2140000,53.5,286
real_metallica_20260412,2025-06-28,18,10718,3600,2143600,53.59,287
real_metallica_20260412,2025-06-27,4,10722,800,2144400,53.61,288
real_metallica_20260412,2025-06-26,158,10880,31600,2176000,54.4,289
real_metallica_20260412,2025-06-25,89,10969,17800,2193800,54.84,290
real_metallica_20260412,2025-06-24,3,10972,600,2194400,54.86,291
real_metallica_20260412,2025-06-23,6,10978,1200,2195600,54.89,292
real_metallica_20260412,2025-06-22,210,11188,42000,2237600,55.94,293
real_metallica_20260412,2025-06-21,116,11304,23200,2260800,56.52,294
real_metallica_20260412,2025-06-20,151,11455,30200,2291000,57.27,295
real_metallica_20260412,2025-06-19,13,11468,2600,2293600,57.34,296
real_metallica_20260412,2025-06-18,76,11544,15200,2308800,57.72,297
real_metallica_20260412,2025-06-17,56,11600,11200,2320000,58.0,298
real_metallica_20260412,2025-06-16,25,11625,5000,2325000,58.13,299
real_metallica_20260412,2025-06-15,102,11727,20400,2345400,58.64,300
real_metallica_20260412,2025-06-14,139,11866,27800,2373200,59.33,301
real_metallica_20260412,2025-06-13,107,11973,21400,2394600,59.87,302
real_metallica_20260412,2025-06-12,54,12027,10800,2405400,60.14,303
real_metallica_20260412,2025-06-11,151,12178,30200,2435600,60.89,304
real_metallica_20260412,2025-06-10,8,12186,1600,2437200,60.93,305
real_metallica_20260412,2025-06-09,18,12204,3600,2440800,61.02,306
real_metallica_20260412,2025-06-08,43,12247,8600,2449400,61.23,307
real_metallica_20260412,2025-06-07,141,12388,28200,2477600,61.94,308
real_metallica_20260412,2025-06-06,31,12419,6200,2483800,62.09,309
real_metallica_20260412,2025-06-05,10,12429,2000,2485800,62.14,310
real_metallica_20260412,2025-06-04,101,12530,20200,2506000,62.65,311
real_metallica_20260412,2025-06-03,156,12686,31200,2537200,63.43,312
real_metallica_20260412,2025-06-02,40,12726,8000,2545200,63.63,313
real_metallica_20260412,2025-06-01,62,12788,12400,2557600,63.94,314
real_metallica_20260412,2025-05-30,11,12799,2200,2559800,64.0,316
real_metallica_20260412,2025-05-29,151,12950,30200,2590000,64.75,317
real_metallica_20260412,2025-05-28,106,13056,21200,2611200,65.28,318
real_metallica_20260412,2025-05-27,202,13258,40400,2651600,66.29,319
real_metallica_20260412,2025-05-26,177,13435,35400,2687000,67.17,320
real_metallica_20260412,2025-05-25,18,13453,3600,2690600,67.27,321
real_metallica_20260412,2025-05-24,133,13586,26600,2717200,67.93,322
real_metallica_20260412,2025-05-23,61,13647,12200,2729400,68.23,323
real_metallica_20260412,2025-05-22,156,13803,31200,2760600,69.02,324
real_metallica_20260412,2025-05-21,152,13955,30400,2791000,69.77,325
real_metallica_20260412,2025-05-20,63,14018,12600,2803600,70.09,326
real_metallica_20260412,2025-05-19,22,14040,4400,2808000,70.2,327
real_metallica_20260412,2025-05-18,77,14117,15400,2823400,70.58,328
real_metallica_20260412,2025-05-17,1,14118,200,2823600,70.59,329
real_metallica_20260412,2025-05-16,49,14167,9800,2833400,70.84,330
real_metallica_20260412,2025-05-15,67,14234,13400,2846800,71.17,331
real_metallica_20260412,2025-05-14,185,14419,37000,2883800,72.09,332
real_metallica_20260412,2025-05-13,138,14557,27600,2911400,72.78,333
real_metallica_20260412,2025-05-12,118,14675,23600,2935000,73.38,334
real_metallica_20260412,2025-05-11,168,14843,33600,2968600,74.22,335
real_metallica_20260412,2025-05-10,6,14849,1200,2969800,74.25,336
real_metallica_20260412,2025-05-09,101,14950,20200,2990000,74.75,337
real_metallica_20260412,2025-05-08,108,15058,21600,3011600,75.29,338
real_metallica_20260418,2025-10-23,242,242,48400,48400,1.21,176
real_metallica_20260418,2025-10-22,81,323,16200,64600,1.62,177
real_metallica_20260418,2025-10-21,22,345,4400,69000,1.73,178
real_metallica_20260418,2025-10-20,93,438,18600,87600,2.19,179
real_metallica_20260418,2025-10-19,222,660,44400,132000,3.3,180
real_metallica_20260418,2025-10-18,116,776,23200,155200,3.88,181
real_metallica_20260418,2025-10-17,6,782,1200,156400,3.91,182
real_metallica_20260418,2025-10-16,45,827,9000,165400,4.13,183
real_metallica_20260418,2025-10-15,3,830,600,166000,4.15,184
real_metallica_20260418,2025-10-14,29,859,5800,171800,4.29,185
real_metallica_20260418,2025-10-13,30,889,6000,177800,4.45,186
real_metallica_20260418,2025-10-12,151,1040,30200,208000,5.2,187
real_metallica_20260418,2025-10-11,107,1147,21400,229400,5.73,188
real_metallica_20260418,2025-10-10,86,1233,17200,246600,6.17,189
real_metallica_20260418,2025-10-09,58,1291,11600,258200,6.46,190
real_metallica_20260418,2025-10-08,83,1374,16600,274800,6.87,191
real_metallica_20260418,2025-10-07,30,1404,6000,280800,7.02,192
real_metallica_20260418,2025-10-06,51,1455,10200,291000,7.27,193
real_metallica_20260418,2025-10-05,56,1511,11200,302200,7.56,194
real_metallica_20260418,2025-10-04,74,1585,14800,317000,7.92,195
real_metallica_20260418,2025-10-03,111,1696,22200,339200,8.48,196
real_metallica_20260418,2025-10-02,78,1774,15600,354800,8.87,197
real_metallica_20260418,2025-10-01,99,1873,19800,374600,9.37,198
real_metallica_20260418,2025-09-30,117,1990,23400,398000,9.95,199
real_metallica_20260418,2025-09-29,161,2151,32200,430200,10.76,200
real_metallica_20260418,2025-09-28,69,2220,13800,444000,11.1,201
real_metallica_20260418,2025-09-27,16,2236,3200,447200,11.18,202
real_metallica_20260418,2025-09-26,72,2308,14400,461600,11.54,203
real_metallica_20260418,2025-09-25,17,2325,3400,465000,11.62,204
real_metallica_20260418,2025-09-24,59,2384,11800,476800,11.92,205
real_metallica_20260418,2025-09-23,43,2427,8600,485400,12.13,206
real_metallica_20260418,2025-09-22,56,2483,11200,496600,12.41,207
real_metallica_20260418,2025-09-21,154,2637,30800,527400,13.18,208
real_metallica_20260418,2025-09-20,101,2738,20200,547600,13.69,209
real_metallica_20260418,2025-09-19,156,2894,31200,578800,14.47,210
real_metallica_20260418,2025-09-18,147,3041,29400,608200,15.2,211
real_metallica_20260418,2025-09-17,218,3259,43600,651800,16.3,212
real_metallica_20260418,2025-09-16,52,3311,10400,662200,16.55,213
real_metallica_20260418,2025-09-15,125,3436,25000,687200,17.18,214
real_metallica_20260418,2025-09-14,55,3491,11000,698200,17.46,215
real_metallica_20260418,2025-09-13,118,3609,23600,721800,18.05,216
real_metallica_20260418,2025-09-12,109,3718,21800,743600,18.59,217
real_metallica_20260418,2025-09-11,63,3781,12600,756200,18.91,218
real_metallica_20260418,2025-09-10,111,3892,22200,778400,19.46,219
real_metallica_20260418,2025-09-09,151,4043,30200,808600,20.21,220
real_metallica_20260418,2025-09-08,233,4276,46600,855200,21.38,221
real_metallica_20260418,2025-09-07,1,4277,200,855400,21.39,222
real_metallica_20260418,2025-09-06,11,4288,2200,857600,21.44,223
real_metallica_20260418,2025-09-05,60,4348,12000,869600,21.74,224
real_metallica_20260418,2025-09-04,129,4477,25800,895400,22.38,225
real_metallica_20260418,2025-09-03,67,4544,13400,908800,22.72,226
real_metallica_20260418,2025-09-02,25,4569,5000,913800,22.84,227
real_metallica_20260418,2025-09-01,61,4630,12200,926000,23.15,228
real_metallica_20260418,2025-08-31,96,4726,19200,945200,23.63,229
real_metallica_20260418,2025-08-30,52,4778,10400,955600,23.89,230
real_metallica_20260418,2025-08-29,33,4811,6600,962200,24.05,231
real_metallica_20260418,2025-08-28,61,4872,12200,974400,24.36,232
real_metallica_20260418,2025-08-27,23,4895,4600,979000,24.47,233
real_metallica_20260418,2025-08-26,85,4980,17000,996000,24.9,234
real_metallica_20260418,2025-08-25,117,5097,23400,1019400,25.49,235
real_metallica_20260418,2025-08-24,191,5288,38200,1057600,26.44,236
real_metallica_20260418,2025-08-23,116,5404,23200,1080800,27.02,237
real_metallica_20260418,2025-08-22,35,5439,7000,1087800,27.2,238
real_metallica_20260418,2025-08-21,103,5542,20600,1108400,27.71,239
real_metallica_20260418,2025-08-20,111,5653,22200,1130600,28.27,240
real_metallica_20260418,2025-08-19,118,5771,23600,1154200,28.85,241
real_metallica_20260418,2025-08-17,18,5789,3600,1157800,28.95,243
real_metallica_20260418,2025-08-16,85,5874,17000,1174800,29.37,244
real_metallica_20260418,2025-08-15,75,5949,15000,1189800,29.74,245
real_metallica_20260418,2025-08-14,69,6018,13800,1203600,30.09,246
real_metallica_20260418,2025-08-13,156,6174,31200,1234800,30.87,247
real_metallica_20260418,2025-08-12,53,6227,10600,1245400,31.14,248
real_metallica_20260418,2025-08-11,20,6247,4000,1249400,31.24,249
real_metallica_20260418,2025-08-10,85,6332,17000,1266400,31.66,250
real_metallica_20260418,2025-08-09,14,6346,2800,1269200,31.73,251
real_metallica_20260418,2025-08-08,172,6518,34400,1303600,32.59,252
real_metallica_20260418,2025-08-07,13,6531,2600,1306200,32.66,253
real_metallica_20260418,2025-08-06,46,6577,9200,1315400,32.88,254
real_metallica_20260418,2025-08-05,10,6587,2000,1317400,32.93,255
real_metallica_20260418,2025-08-04,44,6631,8800,1326200,33.16,256
real_metallica_20260418,2025-08-03,180,6811,36000,1362200,34.05,257
real_metallica_20260418,2025-08-02,90,6901,18000,1380200,34.51,258
real_metallica_20260418,2025-08-01,35,6936,7000,1387200,34.68,259
real_metallica_20260418,2025-07-31,122,7058,24400,1411600,35.29,260
real_metallica_20260418,2025-07-30,166,7224,33200,1444800,36.12,261
real_metallica_20260418,2025-07-29,148,7372,29600,1474400,36.86,262
real_metallica_20260418,2025-07-28,179,7551,35800,1510200,37.76,263
real_metallica_20260418,2025-07-27,95,7646,19000,1529200,38.23,264
real_metallica_20260418,2025-07-26,82,7728,16400,1545600,38.64,265
real_metallica_20260418,2025-07-25,68,7796,13600,1559200,38.98,266
real_metallica_20260418,2025-07-24,108,7904,21600,1580800,39.52,267
real_metallica_20260418,2025-07-23,16,7920,3200,1584000,39.6,268
real_metallica_20260418,2025-07-22,115,8035,23000,1607000,40.17,269
real_metallica_20260418,2025-07-21,134,8169,26800,1633800,40.84,270
real_metallica_20260418,2025-07-20,120,8289,24000,1657800,41.45,271
real_metallica_20260418,2025-07-19,173,8462,34600,1692400,42.31,272
real_metallica_20260418,2025-07-18,74,8536,14800,1707200,42.68,273
real_metallica_20260418,2025-07-17,94,8630,18800,1726000,43.15,274
real_metallica_20260418,2025-07-16,177,8807,35400,1761400,44.04,275
real_metallica_20260418,2025-07-15,226,9033,45200,1806600,45.16,276
real_metallica_20260418,2025-07-14,58,9091,11600,1818200,45.45,277
real_metallica_20260418,2025-07-13,50,9141,10000,1828200,45.7,278
real_metallica_20260418,2025-07-12,73,9214,14600,1842800,46.07,279
real_metallica_20260418,2025-07-11,19,9233,3800,1846600,46.16,280
real_metallica_20260418,2025-07-10,35,9268,7000,1853600,46.34,281
real_metallica_20260418,2025-07-09,18,9286,3600,1857200,46.43,282
real_metallica_20260418,2025-07-08,52,9338,10400,1867600,46.69,283
real_metallica_20260418,2025-07-07,160,9498,32000,1899600,47.49,284
real_metallica_20260418,2025-07-06,53,9551,10600,1910200,47.75,285
real_metallica_20260418,2025-07-05,138,9689,27600,1937800,48.45,286
real_metallica_20260418,2025-07-04,121,9810,24200,1962000,49.05,287
real_metallica_20260418,2025-07-03,113,9923,22600,1984600,49.61,288
real_metallica_20260418,2025-07-02,5,9928,1000,1985600,49.64,289
real_metallica_20260418,2025-07-01,16,9944,3200,1988800,49.72,290
real_metallica_20260418,2025-06-30,29,9973,5800,1994600,49.86,291
real_metallica_20260418,2025-06-29,133,10106,26600,2021200,50.53,292
real_metallica_20260418,2025-06-28,105,10211,21000,2042200,51.05,293
real_metallica_20260418,2025-06-27,167,10378,33400,2075600,51.89,294
real_metallica_20260418,2025-06-26,83,10461,16600,2092200,52.3,295
real_metallica_20260418,2025-06-25,170,10631,34000,2126200,53.15,296
real_metallica_20260418,2025-06-24,140,10771,28000,2154200,53.85,297
real_metallica_20260418,2025-06-23,77,10848,15400,2169600,54.24,298
real_metallica_20260418,2025-06-22,78,10926,15600,2185200,54.63,299
real_metallica_20260418,2025-06-21,33,10959,6600,2191800,54.8,300
real_metallica_20260418,2025-06-20,47,11006,9400,2201200,55.03,301
real_metallica_20260418,2025-06-19,197,11203,39400,2240600,56.02,302
real_metallica_20260418,2025-06-18,37,11240,7400,2248000,56.2,303
real_metallica_20260418,2025-06-17,116,11356,23200,2271200,56.78,304
real_metallica_20260418,2025-06-16,158,11514,31600,2302800,57.57,305
real_metallica_20260418,2025-06-15,182,11696,36400,2339200,58.48,306
real_metallica_20260418,2025-06-14,46,11742,9200,2348400,58.71,307
real_metallica_20260418,2025-06-13,214,11956,42800,2391200,59.78,308
real_metallica_20260418,2025-06-12,170,12126,34000,2425200,60.63,309
real_metallica_20260418,2025-06-11,41,12167,8200,2433400,60.83,310
real_metallica_20260418,2025-06-10,10,12177,2000,2435400,60.88,311
real_metallica_20260418,2025-06-09,64,12241,12800,2448200,61.2,312
real_metallica_20260418,2025-06-08,94,12335,18800,2467000,61.68,313
real_metallica_20260418,2025-06-07,71,12406,14200,2481200,62.03,314
real_metallica_20260418,2025-06-06,170,12576,34000,2515200,62.88,315
real_metallica_20260418,2025-06-05,88,12664,17600,2532800,63.32,316
real_metallica_20260418,2025-06-04,57,12721,11400,2544200,63.61,317
real_metallica_20260418,2025-06-03,41,12762,8200,2552400,63.81,318
real_metallica_20260418,2025-06-02,31,12793,6200,2558600,63.97,319
real_metallica_20260418,2025-06-01,103,12896,20600,2579200,64.48,320
real_metallica_20260418,2025-05-31,196,13092,39200,2618400,65.46,321
real_metallica_20260418,2025-05-30,58,13150,11600,2630000,65.75,322
real_metallica_20260418,2025-05-29,39,13189,7800,2637800,65.94,323
real_metallica_20260418,2025-05-28,69,13258,13800,2651600,66.29,324
real_metallica_20260418,2025-05-27,84,13342,16800,2668400,66.71,325
real_metallica_20260418,2025-05-26,75,13417,15000,2683400,67.08,326
real_metallica_20260418,2025-05-25,74,13491,14800,2698200,67.45,327
real_metallica_20260418,2025-05-24,193,13684,38600,2736800,68.42,328
real_metallica_20260418,2025-05-23,75,13759,15000,2751800,68.8,329
real_metallica_20260418,2025-05-22,186,13945,37200,2789000,69.73,330
real_metallica_20260418,2025-05-21,113,14058,22600,2811600,70.29,331
real_metallica_20260418,2025-05-20,28,14086,5600,2817200,70.43,332
real_metallica_20260418,2025-05-19,10,14096,2000,2819200,70.48,333
real_metallica_20260418,2025-05-18,70,14166,14000,2833200,70.83,334
real_metallica_20260418,2025-05-17,3,14169,600,2833800,70.84,335
real_metallica_20260418,2025-05-16,56,14225,11200,2845000,71.12,336
real_metallica_20260418,2025-05-15,23,14248,4600,2849600,71.24,337
real_metallica_20260418,2025-05-14,49,14297,9800,2859400,71.48,338
real_metallica_20260418,2025-05-13,56,14353,11200,2870600,71.77,339
real_metallica_20260418,2025-05-12,196,14549,39200,2909800,72.75,340
real_metallica_20260418,2025-05-11,5,14554,1000,2910800,72.77,341
real_metallica_20260418,2025-05-10,57,14611,11400,2922200,73.06,342
real_metallica_20260418,2025-05-09,22,14633,4400,2926600,73.17,343
real_metallica_20260418,2025-05-08,201,14834,40200,2966800,74.17,344
real_metallica_20260418,2025-05-07,40,14874,8000,2974800,74.37,345
real_metallica_20260418,2025-05-06,130,15004,26000,3000800,75.02,346
real_metallica_20260418,2025-05-05,232,15236,46400,3047200,76.18,347
real_metallica_20260418,2025-05-04,101,15337,20200,3067400,76.69,348
real_metallica_20260418,2025-05-03,109,15446,21800,3089200,77.23,349
real_metallica_20260418,2025-05-02,98,15544,19600,3108800,77.72,350
real_metallica_20260419,2025-10-23,145,145,29000,29000,0.73,177
real_metallica_20260419,2025-10-22,157,302,31400,60400,1.51,178
real_metallica_20260419,2025-10-21,447,749,89400,149800,3.74,179
real_metallica_20260419,2025-10-20,110,859,22000,171800,4.29,180
real_metallica_20260419,2025-10-19,113,972,22600,194400,4.86,181
real_metallica_20260419,2025-10-18,106,1078,21200,215600,5.39,182
real_metallica_20260419,2025-10-17,73,1151,14600,230200,5.75,183
real_metallica_20260419,2025-10-16,93,1244,18600,248800,6.22,184
real_metallica_20260419,2025-10-15,108,1352,21600,270400,6.76,185
real_metallica_20260419,2025-10-14,106,1458,21200,291600,7.29,186
real_metallica_20260419,2025-10-13,75,1533,15000,306600,7.66,187
real_metallica_20260419,2025-10-12,36,1569,7200,313800,7.85,188
real_metallica_20260419,2025-10-11,60,1629,12000,325800,8.14,189
real_metallica_20260419,2025-10-10,171,1800,34200,360000,9.0,190
real_metallica_20260419,2025-10-09,75,1875,15000,375000,9.38,191
real_metallica_20260419,2025-10-08,22,1897,4400,379400,9.49,192
real_metallica_20260419,2025-10-07,81,1978,16200,395600,9.89,193
real_metallica_20260419,2025-10-06,106,2084,21200,416800,10.42,194
real_metallica_20260419,2025-10-05,59,2143,11800,428600,10.71,195
real_metallica_20260419,2025-10-04,193,2336,38600,467200,11.68,196
real_metallica_20260419,2025-10-03,51,2387,10200,477400,11.94,197
real_metallica_20260419,2025-10-02,48,2435,9600,487000,12.17,198
real_metallica_20260419,2025-10-01,125,2560,25000,512000,12.8,199
real_metallica_20260419,2025-09-30,38,2598,7600,519600,12.99,200
real_metallica_20260419,2025-09-29,77,2675,15400,535000,13.38,201
real_metallica_20260419,2025-09-28,118,2793,23600,558600,13.96,202
real_metallica_20260419,2025-09-27,101,2894,20200,578800,14.47,203
real_metallica_20260419,2025-09-26,33,2927,6600,585400,14.64,204
real_metallica_20260419,2025-09-25,120,3047,24000,609400,15.24,205
real_metallica_20260419,2025-09-24,85,3132,17000,626400,15.66,206
real_metallica_20260419,2025-09-23,106,3238,21200,647600,16.19,207
real_metallica_20260419,2025-09-22,116,3354,23200,670800,16.77,208
real_metallica_20260419,2025-09-21,62,3416,12400,683200,17.08,209
real_metallica_20260419,2025-09-20,35,3451,7000,690200,17.26,210
real_metallica_20260419,2025-09-19,17,3468,3400,693600,17.34,211
real_metallica_20260419,2025-09-18,92,3560,18400,712000,17.8,212
real_metallica_20260419,2025-09-17,144,3704,28800,740800,18.52,213
real_metallica_20260419,2025-09-16,66,3770,13200,754000,18.85,214
real_metallica_20260419,2025-09-15,121,3891,24200,778200,19.45,215
real_metallica_20260419,2025-09-14,209,4100,41800,820000,20.5,216
real_metallica_20260419,2025-09-13,65,4165,13000,833000,20.82,217
real_metallica_20260419,2025-09-12,4,4169,800,833800,20.84,218
real_metallica_20260419,2025-09-11,41,4210,8200,842000,21.05,219
real_metallica_20260419,2025-09-10,37,4247,7400,849400,21.23,220
real_metallica_20260419,2025-09-09,34,4281,6800,856200,21.4,221
real_metallica_20260419,2025-09-08,13,4294,2600,858800,21.47,222
real_metallica_20260419,2025-09-07,107,4401,21400,880200,22.0,223
real_metallica_20260419,2025-09-06,91,4492,18200,898400,22.46,224
real_metallica_20260419,2025-09-05,37,4529,7400,905800,22.64,225
real_metallica_20260419,2025-09-04,19,4548,3800,909600,22.74,226
real_metallica_20260419,2025-09-03,160,4708,32000,941600,23.54,227
real_metallica_20260419,2025-09-02,12,4720,2400,944000,23.6,228
real_metallica_20260419,2025-09-01,42,4762,8400,952400,23.81,229
real_metallica_20260419,2025-08-31,80,4842,16000,968400,24.21,230
real_metallica_20260419,2025-08-30,175,5017,35000,1003400,25.09,231
real_metallica_20260419,2025-08-29,69,5086,13800,1017200,25.43,232
real_metallica_20260419,2025-08-28,176,5262,35200,1052400,26.31,233
real_metallica_20260419,2025-08-27,136,5398,27200,1079600,26.99,234
real_metallica_20260419,2025-08-26,36,5434,7200,1086800,27.17,235
real_metallica_20260419,2025-08-25,66,5500,13200,1100000,27.5,236
real_metallica_20260419,2025-08-24,124,5624,24800,1124800,28.12,237
real_metallica_20260419,2025-08-23,41,5665,8200,1133000,28.32,238
real_metallica_20260419,2025-08-22,19,5684,3800,1136800,28.42,239
real_metallica_20260419,2025-08-21,48,5732,9600,1146400,28.66,240
real_metallica_20260419,2025-08-20,143,5875,28600,1175000,29.38,241
real_metallica_20260419,2025-08-19,134,6009,26800,1201800,30.04,242
real_metallica_20260419,2025-08-18,182,6191,36400,1238200,30.95,243
real_metallica_20260419,2025-08-17,29,6220,5800,1244000,31.1,244
real_metallica_20260419,2025-08-16,19,6239,3800,1247800,31.2,245
real_metallica_20260419,2025-08-15,16,6255,3200,1251000,31.27,246
real_metallica_20260419,2025-08-14,122,6377,24400,1275400,31.89,247
real_metallica_20260419,2025-08-13,92,6469,18400,1293800,32.34,248
real_metallica_20260419,2025-08-12,56,6525,11200,1305000,32.62,249
real_metallica_20260419,2025-08-11,152,6677,30400,1335400,33.38,250
real_metallica_20260419,2025-08-10,87,6764,17400,1352800,33.82,251
real_metallica_20260419,2025-08-09,38,6802,7600,1360400,34.01,252
real_metallica_20260419,2025-08-08,15,6817,3000,1363400,34.09,253
real_metallica_20260419,2025-08-07,109,6926,21800,1385200,34.63,254
real_metallica_20260419,2025-08-06,176,7102,35200,1420400,35.51,255
real_metallica_20260419,2025-08-05,16,7118,3200,1423600,35.59,256
real_metallica_20260419,2025-08-04,10,7128,2000,1425600,35.64,257
real_metallica_20260419,2025-08-03,28,7156,5600,1431200,35.78,258
real_metallica_20260419,2025-08-02,99,7255,19800,1451000,36.27,259
real_metallica_20260419,2025-08-01,110,7365,22000,1473000,36.83,260
real_metallica_20260419,2025-07-31,13,7378,2600,1475600,36.89,261
real_metallica_20260419,2025-07-30,84,7462,16800,1492400,37.31,262
real_metallica_20260419,2025-07-29,15,7477,3000,1495400,37.39,263
real_metallica_20260419,2025-07-28,64,7541,12800,1508200,37.7,264
real_metallica_20260419,2025-07-27,38,7579,7600,1515800,37.9,265
real_metallica_20260419,2025-07-26,193,7772,38600,1554400,38.86,266
real_metallica_20260419,2025-07-25,15,7787,3000,1557400,38.93,267
real_metallica_20260419,2025-07-24,52,7839,10400,1567800,39.2,268
real_metallica_20260419,2025-07-23,51,7890,10200,1578000,39.45,269
real_metallica_20260419,2025-07-22,44,7934,8800,1586800,39.67,270
real_metallica_20260419,2025-07-21,18,7952,3600,1590400,39.76,271
real_metallica_20260419,2025-07-20,71,8023,14200,1604600,40.12,272
real_metallica_20260419,2025-07-19,89,8112,17800,1622400,40.56,273
real_metallica_20260419,2025-07-18,128,8240,25600,1648000,41.2,274
real_metallica_20260419,2025-07-17,156,8396,31200,1679200,41.98,275
real_metallica_20260419,2025-07-16,17,8413,3400,1682600,42.07,276
real_metallica_20260419,2025-07-15,74,8487,14800,1697400,42.44,277
real_metallica_20260419,2025-07-14,135,8622,27000,1724400,43.11,278
real_metallica_20260419,2025-07-13,24,8646,4800,1729200,43.23,279
real_metallica_20260419,2025-07-12,43,8689,8600,1737800,43.45,280
real_metallica_20260419,2025-07-11,137,8826,27400,1765200,44.13,281
real_metallica_20260419,2025-07-10,12,8838,2400,1767600,44.19,282
real_metallica_20260419,2025-07-09,235,9073,47000,1814600,45.37,283
real_metallica_20260419,2025-07-08,121,9194,24200,1838800,45.97,284
real_metallica_20260419,2025-07-07,47,9241,9400,1848200,46.2,285
real_metallica_20260419,2025-07-06,27,9268,5400,1853600,46.34,286
real_metallica_20260419,2025-07-05,45,9313,9000,1862600,46.56,287
real_metallica_20260419,2025-07-04,217,9530,43400,1906000,47.65,288
real_metallica_20260419,2025-07-03,29,9559,5800,1911800,47.8,289
real_metallica_20260419,2025-07-02,80,9639,16000,1927800,48.2,290
real_metallica_20260419,2025-07-01,14,9653,2800,1930600,48.27,291
real_metallica_20260419,2025-06-30,126,9779,25200,1955800,48.89,292
real_metallica_20260419,2025-06-29,180,9959,36000,1991800,49.8,293
real_metallica_20260419,2025-06-28,10,9969,2000,1993800,49.84,294
real_metallica_20260419,2025-06-27,63,10032,12600,2006400,50.16,295
real_metallica_20260419,2025-06-26,36,10068,7200,2013600,50.34,296
real_metallica_20260419,2025-06-25,79,10147,15800,2029400,50.73,297
real_metallica_20260419,2025-06-24,113,10260,22600,2052000,51.3,298
real_metallica_20260419,2025-06-23,52,10312,10400,2062400,51.56,299
real_metallica_20260419,2025-06-22,109,10421,21800,2084200,52.11,300
real_metallica_20260419,2025-06-21,8,10429,1600,2085800,52.14,301
real_metallica_20260419,2025-06-20,205,10634,41000,2126800,53.17,302
real_metallica_20260419,2025-06-19,94,10728,18800,2145600,53.64,303
real_metallica_20260419,2025-06-18,86,10814,17200,2162800,54.07,304
real_metallica_20260419,2025-06-17,26,10840,5200,2168000,54.2,305
real_metallica_20260419,2025-06-16,133,10973,26600,2194600,54.86,306
real_metallica_20260419,2025-06-15,21,10994,4200,2198800,54.97,307
real_metallica_20260419,2025-06-14,50,11044,10000,2208800,55.22,308
real_metallica_20260419,2025-06-13,151,11195,30200,2239000,55.97,309
real_metallica_20260419,2025-06-12,86,11281,17200,2256200,56.41,310
real_metallica_20260419,2025-06-11,25,11306,5000,2261200,56.53,311
real_metallica_20260419,2025-06-10,103,11409,20600,2281800,57.05,312
real_metallica_20260419,2025-06-09,107,11516,21400,2303200,57.58,313
real_metallica_20260419,2025-06-08,127,11643,25400,2328600,58.21,314
real_metallica_20260419,2025-06-07,69,11712,13800,2342400,58.56,315
real_metallica_20260419,2025-06-06,205,11917,41000,2383400,59.59,316
real_metallica_20260419,2025-06-05,102,12019,20400,2403800,60.09,317
real_metallica_20260419,2025-06-04,103,12122,20600,2424400,60.61,318
real_metallica_20260419,2025-06-03,142,12264,28400,2452800,61.32,319
real_metallica_20260419,2025-06-02,58,12322,11600,2464400,61.61,320
real_metallica_20260419,2025-06-01,32,12354,6400,2470800,61.77,321
real_metallica_20260419,2025-05-31,59,12413,11800,2482600,62.07,322
real_metallica_20260419,2025-05-30,34,12447,6800,2489400,62.23,323
real_metallica_20260419,2025-05-29,6,12453,1200,2490600,62.27,324
real_metallica_20260419,2025-05-28,127,12580,25400,2516000,62.9,325
real_metallica_20260419,2025-05-27,45,12625,9000,2525000,63.12,326
real_metallica_20260419,2025-05-26,83,12708,16600,2541600,63.54,327
real_metallica_20260419,2025-05-25,79,12787,15800,2557400,63.93,328
real_metallica_20260419,2025-05-24,194,12981,38800,2596200,64.91,329
real_metallica_20260419,2025-05-23,96,13077,19200,2615400,65.39,330
real_metallica_20260419,2025-05-22,126,13203,25200,2640600,66.02,331
real_metallica_20260419,2025-05-21,51,13254,10200,2650800,66.27,332
real_metallica_20260419,2025-05-20,127,13381,25400,2676200,66.91,333
real_metallica_20260419,2025-05-19,66,13447,13200,2689400,67.23,334
real_metallica_20260419,2025-05-18,138,13585,27600,2717000,67.92,335
real_metallica_20260419,2025-05-17,8,13593,1600,2718600,67.97,336
real_metallica_20260419,2025-05-16,60,13653,12000,2730600,68.27,337
real_metallica_20260419,2025-05-15,80,13733,16000,2746600,68.66,338
real_metallica_20260419,2025-05-14,113,13846,22600,2769200,69.23,339
real_metallica_20260419,2025-05-13,8,13854,1600,2770800,69.27,340
real_metallica_20260419,2025-05-12,84,13938,16800,2787600,69.69,341
real_metallica_20260419,2025-05-11,77,14015,15400,2803000,70.08,342
real_metallica_20260419,2025-05-10,42,14057,8400,2811400,70.28,343
real_metallica_20260419,2025-05-09,34,14091,6800,2818200,70.45,344
real_metallica_20260419,2025-05-08,99,14190,19800,2838000,70.95,345
real_metallica_20260419,2025-05-07,28,14218,5600,2843600,71.09,346
real_metallica_20260419,2025-05-06,125,14343,25000,2868600,71.71,347
real_metallica_20260419,2025-05-05,175,14518,35000,2903600,72.59,348
real_metallica_20260419,2025-05-04,120,14638,24000,2927600,73.19,349
real_metallica_20260419,2025-05-03,40,14678,8000,2935600,73.39,350
real_metallica_20260419,2025-05-02,100,14778,20000,2955600,73.89,351
real_metallica_20260419,2025-05-01,96,14874,19200,2974800,74.37,352
real_metallica_20260425,2025-10-23,90,90,18000,18000,0.45,183
real_metallica_20260425,2025-10-22,72,162,14400,32400,0.81,184
real_metallica_20260425,2025-10-21,7,169,1400,33800,0.84,185
real_metallica_20260425,2025-10-20,32,201,6400,40200,1.0,186
real_metallica_20260425,2025-10-19,89,290,17800,58000,1.45,187
real_metallica_20260425,2025-10-18,149,439,29800,87800,2.2,188
real_metallica_20260425,2025-10-17,80,519,16000,103800,2.6,189
real_metallica_20260425,2025-10-16,24,543,4800,108600,2.71,190
real_metallica_20260425,2025-10-15,91,634,18200,126800,3.17,191
real_metallica_20260425,2025-10-14,14,648,2800,129600,3.24,192
real_metallica_20260425,2025-10-13,63,711,12600,142200,3.55,193
real_metallica_20260425,2025-10-12,39,750,7800,150000,3.75,194
real_metallica_20260425,2025-10-11,176,926,35200,185200,4.63,195
real_metallica_20260425,2025-10-10,39,965,7800,193000,4.83,196
real_metallica_20260425,2025-10-09,21,986,4200,197200,4.93,197
real_metallica_20260425,2025-10-08,41,1027,8200,205400,5.13,198
real_metallica_20260425,2025-10-07,84,1111,16800,222200,5.56,199
real_metallica_20260425,2025-10-06,145,1256,29000,251200,6.28,200
real_metallica_20260425,2025-10-05,107,1363,21400,272600,6.82,201
real_metallica_20260425,2025-10-04,120,1483,24000,296600,7.41,202
real_metallica_20260425,2025-10-03,81,1564,16200,312800,7.82,203
real_metallica_20260425,2025-10-02,99,1663,19800,332600,8.31,204
real_metallica_20260425,2025-10-01,25,1688,5000,337600,8.44,205
real_metallica_20260425,2025-09-30,25,1713,5000,342600,8.57,206
real_metallica_20260425,2025-09-29,52,1765,10400,353000,8.82,207
real_metallica_20260425,2025-09-28,128,1893,25600,378600,9.46,208
real_metallica_20260425,2025-09-27,170,2063,34000,412600,10.32,209
real_metallica_20260425,2025-09-26,76,2139,15200,427800,10.7,210
real_metallica_20260425,2025-09-25,111,2250,22200,450000,11.25,211
real_metallica_20260425,2025-09-24,81,2331,16200,466200,11.65,212
real_metallica_20260425,2025-09-23,201,2532,40200,506400,12.66,213
real_metallica_20260425,2025-09-22,68,2600,13600,520000,13.0,214
real_metallica_20260425,2025-09-21,33,2633,6600,526600,13.16,215
real_metallica_20260425,2025-09-20,73,2706,14600,541200,13.53,216
real_metallica_20260425,2025-09-19,57,2763,11400,552600,13.81,217
real_metallica_20260425,2025-09-18,23,2786,4600,557200,13.93,218
real_metallica_20260425,2025-09-17,148,2934,29600,586800,14.67,219
real_metallica_20260425,2025-09-16,43,2977,8600,595400,14.89,220
real_metallica_20260425,2025-09-15,121,3098,24200,619600,15.49,221
real_metallica_20260425,2025-09-14,88,3186,17600,637200,15.93,222
real_metallica_20260425,2025-09-13,166,3352,33200,670400,16.76,223
real_metallica_20260425,2025-09-12,129,3481,25800,696200,17.41,224
real_metallica_20260425,2025-09-11,110,3591,22000,718200,17.95,225
real_metallica_20260425,2025-09-10,80,3671,16000,734200,18.36,226
real_metallica_20260425,2025-09-09,51,3722,10200,744400,18.61,227
real_metallica_20260425,2025-09-08,116,3838,23200,767600,19.19,228
real_metallica_20260425,2025-09-07,140,3978,28000,795600,19.89,229
real_metallica_20260425,2025-09-06,2,3980,400,796000,19.9,230
real_metallica_20260425,2025-09-05,132,4112,26400,822400,20.56,231
real_metallica_20260425,2025-09-04,147,4259,29400,851800,21.3,232
real_metallica_20260425,2025-09-03,169,4428,33800,885600,22.14,233
real_metallica_20260425,2025-09-02,190,4618,38000,923600,23.09,234
real_metallica_20260425,2025-09-01,68,4686,13600,937200,23.43,235
real_metallica_20260425,2025-08-31,136,4822,27200,964400,24.11,236
real_metallica_20260425,2025-08-30,218,5040,43600,1008000,25.2,237
real_metallica_20260425,2025-08-29,111,5151,22200,1030200,25.75,238
real_metallica_20260425,2025-08-28,186,5337,37200,1067400,26.68,239
real_metallica_20260425,2025-08-27,133,5470,26600,1094000,27.35,240
real_metallica_20260425,2025-08-26,59,5529,11800,1105800,27.64,241
real_metallica_20260425,2025-08-25,19,5548,3800,1109600,27.74,242
real_metallica_20260425,2025-08-24,195,5743,39000,1148600,28.72,243
real_metallica_20260425,2025-08-23,111,5854,22200,1170800,29.27,244
real_metallica_20260425,2025-08-22,16,5870,3200,1174000,29.35,245
real_metallica_20260425,2025-08-21,105,5975,21000,1195000,29.88,246
real_metallica_20260425,2025-08-20,73,6048,14600,1209600,30.24,247
real_metallica_20260425,2025-08-19,65,6113,13000,1222600,30.56,248
real_metallica_20260425,2025-08-18,60,6173,12000,1234600,30.86,249
real_metallica_20260425,2025-08-17,29,6202,5800,1240400,31.01,250
real_metallica_20260425,2025-08-16,3,6205,600,1241000,31.03,251
real_metallica_20260425,2025-08-15,79,6284,15800,1256800,31.42,252
real_metallica_20260425,2025-08-14,143,6427,28600,1285400,32.14,253
real_metallica_20260425,2025-08-13,216,6643,43200,1328600,33.22,254
real_metallica_20260425,2025-08-12,9,6652,1800,1330400,33.26,255
real_metallica_20260425,2025-08-11,34,6686,6800,1337200,33.43,256
real_metallica_20260425,2025-08-10,33,6719,6600,1343800,33.6,257
real_metallica_20260425,2025-08-09,71,6790,14200,1358000,33.95,258
real_metallica_20260425,2025-08-08,45,6835,9000,1367000,34.17,259
real_metallica_20260425,2025-08-07,10,6845,2000,1369000,34.23,260
real_metallica_20260425,2025-08-06,124,6969,24800,1393800,34.84,261
real_metallica_20260425,2025-08-05,14,6983,2800,1396600,34.91,262
real_metallica_20260425,2025-08-04,21,7004,4200,1400800,35.02,263
real_metallica_20260425,2025-08-03,76,7080,15200,1416000,35.4,264
real_metallica_20260425,2025-08-02,230,7310,46000,1462000,36.55,265
real_metallica_20260425,2025-08-01,229,7539,45800,1507800,37.7,266
real_metallica_20260425,2025-07-31,23,7562,4600,1512400,37.81,267
real_metallica_20260425,2025-07-30,35,7597,7000,1519400,37.98,268
real_metallica_20260425,2025-07-29,30,7627,6000,1525400,38.14,269
real_metallica_20260425,2025-07-28,148,7775,29600,1555000,38.88,270
real_metallica_20260425,2025-07-27,238,8013,47600,1602600,40.06,271
real_metallica_20260425,2025-07-26,127,8140,25400,1628000,40.7,272
real_metallica_20260425,2025-07-25,60,8200,12000,1640000,41.0,273
real_metallica_20260425,2025-07-24,80,8280,16000,1656000,41.4,274
real_metallica_20260425,2025-07-23,99,8379,19800,1675800,41.89,275
real_metallica_20260425,2025-07-22,190,8569,38000,1713800,42.84,276
real_metallica_20260425,2025-07-21,108,8677,21600,1735400,43.38,277
real_metallica_20260425,2025-07-20,13,8690,2600,1738000,43.45,278
real_metallica_20260425,2025-07-19,35,8725,7000,1745000,43.62,279
real_metallica_20260425,2025-07-18,65,8790,13000,1758000,43.95,280
real_metallica_20260425,2025-07-17,14,8804,2800,1760800,44.02,281
real_metallica_20260425,2025-07-16,95,8899,19000,1779800,44.5,282
real_metallica_20260425,2025-07-15,28,8927,5600,1785400,44.64,283
real_metallica_20260425,2025-07-14,108,9035,21600,1807000,45.17,284
real_metallica_20260425,2025-07-13,63,9098,12600,1819600,45.49,285
real_metallica_20260425,2025-07-12,225,9323,45000,1864600,46.62,286
real_metallica_20260425,2025-07-11,37,9360,7400,1872000,46.8,287
real_metallica_20260425,2025-07-10,94,9454,18800,1890800,47.27,288
real_metallica_20260425,2025-07-09,5,9459,1000,1891800,47.3,289
real_metallica_20260425,2025-07-08,155,9614,31000,1922800,48.07,290
real_metallica_20260425,2025-07-07,84,9698,16800,1939600,48.49,291
real_metallica_20260425,2025-07-06,13,9711,2600,1942200,48.55,292
real_metallica_20260425,2025-07-05,201,9912,40200,1982400,49.56,293
real_metallica_20260425,2025-07-04,64,9976,12800,1995200,49.88,294
real_metallica_20260425,2025-07-03,79,10055,15800,2011000,50.28,295
real_metallica_20260425,2025-07-02,179,10234,35800,2046800,51.17,296
real_metallica_20260425,2025-07-01,31,10265,6200,2053000,51.32,297
real_metallica_20260425,2025-06-30,60,10325,12000,2065000,51.62,298
real_metallica_20260425,2025-06-29,99,10424,19800,2084800,52.12,299
real_metallica_20260425,2025-06-28,50,10474,10000,2094800,52.37,300
real_metallica_20260425,2025-06-27,234,10708,46800,2141600,53.54,301
real_metallica_20260425,2025-06-26,23,10731,4600,2146200,53.65,302
real_metallica_20260425,2025-06-25,193,10924,38600,2184800,54.62,303
real_metallica_20260425,2025-06-24,53,10977,10600,2195400,54.88,304
real_metallica_20260425,2025-06-23,41,11018,8200,2203600,55.09,305
real_metallica_20260425,2025-06-22,161,11179,32200,2235800,55.89,306
real_metallica_20260425,2025-06-21,104,11283,20800,2256600,56.42,307
real_metallica_20260425,2025-06-20,70,11353,14000,2270600,56.77,308
real_metallica_20260425,2025-06-19,210,11563,42000,2312600,57.82,309
real_metallica_20260425,2025-06-18,125,11688,25000,2337600,58.44,310
real_metallica_20260425,2025-06-17,105,11793,21000,2358600,58.97,311
real_metallica_20260425,2025-06-16,85,11878,17000,2375600,59.39,312
real_metallica_20260425,2025-06-15,209,12087,41800,2417400,60.44,313
real_metallica_20260425,2025-06-14,20,12107,4000,2421400,60.54,314
real_metallica_20260425,2025-06-13,129,12236,25800,2447200,61.18,315
real_metallica_20260425,2025-06-12,53,12289,10600,2457800,61.45,316
real_metallica_20260425,2025-06-11,140,12429,28000,2485800,62.14,317
real_metallica_20260425,2025-06-10,116,12545,23200,2509000,62.72,318
real_metallica_20260425,2025-06-09,195,12740,39000,2548000,63.7,319
real_metallica_20260425,2025-06-08,82,12822,16400,2564400,64.11,320
real_metallica_20260425,2025-06-07,56,12878,11200,2575600,64.39,321
real_metallica_20260425,2025-06-06,34,12912,6800,2582400,64.56,322
real_metallica_20260425,2025-06-05,25,12937,5000,2587400,64.69,323
real_metallica_20260425,2025-06-04,80,13017,16000,2603400,65.09,324
real_metallica_20260425,2025-06-03,28,13045,5600,2609000,65.22,325
real_metallica_20260425,2025-06-02,66,13111,13200,2622200,65.55,326
real_metallica_20260425,2025-06-01,196,13307,39200,2661400,66.53,327
real_metallica_20260425,2025-05-31,195,13502,39000,2700400,67.51,328
real_metallica_20260425,2025-05-30,76,13578,15200,2715600,67.89,329
real_metallica_20260425,2025-05-29,202,13780,40400,2756000,68.9,330
real_metallica_20260425,2025-05-28,115,13895,23000,2779000,69.47,331
real_metallica_20260425,2025-05-27,34,13929,6800,2785800,69.64,332
real_metallica_20260425,2025-05-26,83,14012,16600,2802400,70.06,333
real_metallica_20260425,2025-05-25,50,14062,10000,2812400,70.31,334
real_metallica_20260425,2025-05-24,47,14109,9400,2821800,70.55,335
real_metallica_20260425,2025-05-23,112,14221,22400,2844200,71.1,336
real_metallica_20260425,2025-05-22,146,14367,29200,2873400,71.84,337
real_metallica_20260425,2025-05-21,121,14488,24200,2897600,72.44,338
real_metallica_20260425,2025-05-20,71,14559,14200,2911800,72.8,339
real_metallica_20260425,2025-05-19,160,14719,32000,2943800,73.59,340
real_metallica_20260425,2025-05-18,11,14730,2200,2946000,73.65,341
real_metallica_20260425,2025-05-17,50,14780,10000,2956000,73.9,342
real_metallica_20260425,2025-05-16,43,14823,8600,2964600,74.11,343
real_metallica_20260425,2025-05-15,79,14902,15800,2980400,74.51,344
real_metallica_20260425,2025-05-14,66,14968,13200,2993600,74.84,345
real_metallica_20260425,2025-05-13,47,15015,9400,3003000,75.08,346
real_metallica_20260425,2025-05-12,72,15087,14400,3017400,75.44,347
real_metallica_20260425,2025-05-11,91,15178,18200,3035600,75.89,348
real_metallica_20260425,2025-05-10,116,15294,23200,3058800,76.47,349
real_metallica_20260425,2025-05-09,126,15420,25200,3084000,77.1,350
real_metallica_20260425,2025-05-08,91,15511,18200,3102200,77.55,351
real_metallica_20260425,2025-05-07,121,15632,24200,3126400,78.16,352
real_metallica_20260425,2025-05-06,200,15832,40000,3166400,79.16,353
real_metallica_20260425,2025-05-05,126,15958,25200,3191600,79.79,354
real_metallica_20260425,2025-05-04,110,16068,22000,3213600,80.34,355
real_metallica_20260425,2025-05-03,153,16221,30600,3244200,81.11,356
real_metallica_20260425,2025-05-02,105,16326,21000,3265200,81.63,357
real_metallica_20260425,2025-05-01,48,16374,9600,3274800,81.87,358
real_metallica_20260425,2025-04-30,104,16478,20800,3295600,82.39,359
real_metallica_20260425,2025-04-29,7,16485,1400,3297000,82.42,360
real_metallica_20260425,2025-04-28,67,16552,13400,3310400,82.76,361
real_metallica_20260425,2025-04-27,115,16667,23000,3333400,83.34,362
real_metallica_20260425,2025-04-26,94,16761,18800,3352200,83.8,363
real_metallica_20260425,2025-04-25,165,16926,33000,3385200,84.63,364
real_metallica_20260426,2025-10-23,2,2,400,400,0.01,184
real_metallica_20260426,2025-10-22,82,84,16400,16800,0.42,185
real_metallica_20260426,2025-10-21,101,185,20200,37000,0.92,186
real_metallica_20260426,2025-10-20,182,367,36400,73400,1.84,187
real_metallica_20260426,2025-10-19,108,475,21600,95000,2.38,188
real_metallica_20260426,2025-10-18,65,540,13000,108000,2.7,189
real_metallica_20260426,2025-10-17,71,611,14200,122200,3.06,190
real_metallica_20260426,2025-10-16,42,653,8400,130600,3.26,191
real_metallica_20260426,2025-10-15,120,773,24000,154600,3.86,192
real_metallica_20260426,2025-10-14,155,928,31000,185600,4.64,193
real_metallica_20260426,2025-10-13,247,1175,49400,235000,5.88,194
real_metallica_20260426,2025-10-12,181,1356,36200,271200,6.78,195
real_metallica_20260426,2025-10-11,11,1367,2200,273400,6.83,196
real_metallica_20260426,2025-10-10,64,1431,12800,286200,7.16,197
real_metallica_20260426,2025-10-09,77,1508,15400,301600,7.54,198
real_metallica_20260426,2025-10-08,189,1697,37800,339400,8.48,199
real_metallica_20260426,2025-10-07,71,1768,14200,353600,8.84,200
real_metallica_20260426,2025-10-06,22,1790,4400,358000,8.95,201
real_metallica_20260426,2025-10-05,128,1918,25600,383600,9.59,202
real_metallica_20260426,2025-10-04,86,2004,17200,400800,10.02,203
real_metallica_20260426,2025-10-03,33,2037,6600,407400,10.18,204
real_metallica_20260426,2025-10-02,90,2127,18000,425400,10.63,205
real_metallica_20260426,2025-10-01,36,2163,7200,432600,10.81,206
real_metallica_20260426,2025-09-30,80,2243,16000,448600,11.21,207
real_metallica_20260426,2025-09-29,16,2259,3200,451800,11.29,208
real_metallica_20260426,2025-09-28,71,2330,14200,466000,11.65,209
real_metallica_20260426,2025-09-27,110,2440,22000,488000,12.2,210
real_metallica_20260426,2025-09-26,67,2507,13400,501400,12.53,211
real_metallica_20260426,2025-09-25,67,2574,13400,514800,12.87,212
real_metallica_20260426,2025-09-24,111,2685,22200,537000,13.43,213
real_metallica_20260426,2025-09-23,80,2765,16000,553000,13.83,214
real_metallica_20260426,2025-09-22,125,2890,25000,578000,14.45,215
real_metallica_20260426,2025-09-21,38,2928,7600,585600,14.64,216
real_metallica_20260426,2025-09-20,168,3096,33600,619200,15.48,217
real_metallica_20260426,2025-09-19,112,3208,22400,641600,16.04,218
real_metallica_20260426,2025-09-18,19,3227,3800,645400,16.13,219
real_metallica_20260426,2025-09-17,23,3250,4600,650000,16.25,220
real_metallica_20260426,2025-09-16,33,3283,6600,656600,16.41,221
real_metallica_20260426,2025-09-15,59,3342,11800,668400,16.71,222
real_metallica_20260426,2025-09-14,126,3468,25200,693600,17.34,223
real_metallica_20260426,2025-09-13,45,3513,9000,702600,17.57,224
real_metallica_20260426,2025-09-12,248,3761,49600,752200,18.8,225
real_metallica_20260426,2025-09-11,28,3789,5600,757800,18.95,226
real_metallica_20260426,2025-09-10,221,4010,44200,802000,20.05,227
real_metallica_20260426,2025-09-09,44,4054,8800,810800,20.27,228
real_metallica_20260426,2025-09-08,36,4090,7200,818000,20.45,229
real_metallica_20260426,2025-09-07,21,4111,4200,822200,20.55,230
real_metallica_20260426,2025-09-06,210,4321,42000,864200,21.61,231
real_metallica_20260426,2025-09-05,54,4375,10800,875000,21.88,232
real_metallica_20260426,2025-09-04,1,4376,200,875200,21.88,233
real_metallica_20260426,2025-09-03,146,4522,29200,904400,22.61,234
real_metallica_20260426,2025-09-02,117,4639,23400,927800,23.2,235
real_metallica_20260426,2025-09-01,98,4737,19600,947400,23.69,236
real_metallica_20260426,2025-08-31,24,4761,4800,952200,23.8,237
real_metallica_20260426,2025-08-30,6,4767,1200,953400,23.84,238
real_metallica_20260426,2025-08-29,31,4798,6200,959600,23.99,239
real_metallica_20260426,2025-08-28,151,4949,30200,989800,24.75,240
real_metallica_20260426,2025-08-27,27,4976,5400,995200,24.88,241
real_metallica_20260426,2025-08-26,39,5015,7800,1003000,25.07,242
real_metallica_20260426,2025-08-25,58,5073,11600,1014600,25.36,243
real_metallica_20260426,2025-08-24,168,5241,33600,1048200,26.21,244
real_metallica_20260426,2025-08-23,160,5401,32000,1080200,27.01,245
real_metallica_20260426,2025-08-22,152,5553,30400,1110600,27.77,246
real_metallica_20260426,2025-08-21,84,5637,16800,1127400,28.18,247
real_metallica_20260426,2025-08-20,167,5804,33400,1160800,29.02,248
real_metallica_20260426,2025-08-19,115,5919,23000,1183800,29.59,249
real_metallica_20260426,2025-08-18,33,5952,6600,1190400,29.76,250
real_metallica_20260426,2025-08-17,6,5958,1200,1191600,29.79,251
real_metallica_20260426,2025-08-16,72,6030,14400,1206000,30.15,252
real_metallica_20260426,2025-08-15,14,6044,2800,1208800,30.22,253
real_metallica_20260426,2025-08-14,140,6184,28000,1236800,30.92,254
real_metallica_20260426,2025-08-13,97,6281,19400,1256200,31.41,255
real_metallica_20260426,2025-08-12,32,6313,6400,1262600,31.56,256
real_metallica_20260426,2025-08-11,98,6411,19600,1282200,32.05,257
real_metallica_20260426,2025-08-10,22,6433,4400,1286600,32.16,258
real_metallica_20260426,2025-08-09,26,6459,5200,1291800,32.3,259
real_metallica_20260426,2025-08-08,99,6558,19800,1311600,32.79,260
real_metallica_20260426,2025-08-07,39,6597,7800,1319400,32.98,261
real_metallica_20260426,2025-08-06,62,6659,12400,1331800,33.3,262
real_metallica_20260426,2025-08-05,188,6847,37600,1369400,34.23,263
real_metallica_20260426,2025-08-04,79,6926,15800,1385200,34.63,264
real_metallica_20260426,2025-08-03,154,7080,30800,1416000,35.4,265
real_metallica_20260426,2025-08-02,85,7165,17000,1433000,35.83,266
real_metallica_20260426,2025-08-01,47,7212,9400,1442400,36.06,267
real_metallica_20260426,2025-07-31,125,7337,25000,1467400,36.69,268
real_metallica_20260426,2025-07-30,99,7436,19800,1487200,37.18,269
real_metallica_20260426,2025-07-29,144,7580,28800,1516000,37.9,270
real_metallica_20260426,2025-07-28,23,7603,4600,1520600,38.02,271
real_metallica_20260426,2025-07-27,207,7810,41400,1562000,39.05,272
real_metallica_20260426,2025-07-26,47,7857,9400,1571400,39.28,273
real_metallica_20260426,2025-07-25,109,7966,21800,1593200,39.83,274
real_metallica_20260426,2025-07-24,65,8031,13000,1606200,40.16,275
real_metallica_20260426,2025-07-23,118,8149,23600,1629800,40.74,276
real_metallica_20260426,2025-07-22,165,8314,33000,1662800,41.57,277
real_metallica_20260426,2025-07-21,39,8353,7800,1670600,41.77,278
real_metallica_20260426,2025-07-20,134,8487,26800,1697400,42.44,279
real_metallica_20260426,2025-07-19,134,8621,26800,1724200,43.1,280
real_metallica_20260426,2025-07-18,59,8680,11800,1736000,43.4,281
real_metallica_20260426,2025-07-17,122,8802,24400,1760400,44.01,282
real_metallica_20260426,2025-07-16,32,8834,6400,1766800,44.17,283
real_metallica_20260426,2025-07-15,76,8910,15200,1782000,44.55,284
real_metallica_20260426,2025-07-14,133,9043,26600,1808600,45.21,285
real_metallica_20260426,2025-07-13,145,9188,29000,1837600,45.94,286
real_metallica_20260426,2025-07-12,9,9197,1800,1839400,45.98,287
real_metallica_20260426,2025-07-11,131,9328,26200,1865600,46.64,288
real_metallica_20260426,2025-07-10,54,9382,10800,1876400,46.91,289
real_metallica_20260426,2025-07-09,118,9500,23600,1900000,47.5,290
real_metallica_20260426,2025-07-08,145,9645,29000,1929000,48.23,291
real_metallica_20260426,2025-07-07,90,9735,18000,1947000,48.68,292
real_metallica_20260426,2025-07-06,20,9755,4000,1951000,48.77,293
real_metallica_20260426,2025-07-05,4,9759,800,1951800,48.8,294
real_metallica_20260426,2025-07-04,84,9843,16800,1968600,49.21,295
real_metallica_20260426,2025-07-03,46,9889,9200,1977800,49.45,296
real_metallica_20260426,2025-07-02,11,9900,2200,1980000,49.5,297
real_metallica_20260426,2025-07-01,90,9990,18000,1998000,49.95,298
real_metallica_20260426,2025-06-30,116,10106,23200,2021200,50.53,299
real_metallica_20260426,2025-06-29,115,10221,23000,2044200,51.11,300
real_metallica_20260426,2025-06-28,67,10288,13400,2057600,51.44,301
real_metallica_20260426,2025-06-27,47,10335,9400,2067000,51.68,302
real_metallica_20260426,2025-06-26,10,10345,2000,2069000,51.73,303
real_metallica_20260426,2025-06-25,154,10499,30800,2099800,52.5,304
real_metallica_20260426,2025-06-24,27,10526,5400,2105200,52.63,305
real_metallica_20260426,2025-06-23,4,10530,800,2106000,52.65,306
real_metallica_20260426,2025-06-22,14,10544,2800,2108800,52.72,307
real_metallica_20260426,2025-06-21,83,10627,16600,2125400,53.13,308
real_metallica_20260426,2025-06-20,103,10730,20600,2146000,53.65,309
real_metallica_20260426,2025-06-19,190,10920,38000,2184000,54.6,310
real_metallica_20260426,2025-06-18,124,11044,24800,2208800,55.22,311
real_metallica_20260426,2025-06-17,92,11136,18400,2227200,55.68,312
real_metallica_20260426,2025-06-16,176,11312,35200,2262400,56.56,313
real_metallica_20260426,2025-06-15,77,11389,15400,2277800,56.95,314
real_metallica_20260426,2025-06-14,17,11406,3400,2281200,57.03,315
real_metallica_20260426,2025-06-13,14,11420,2800,2284000,57.1,316
real_metallica_20260426,2025-06-12,178,11598,35600,2319600,57.99,317
real_metallica_20260426,2025-06-11,219,11817,43800,2363400,59.09,318
real_metallica_20260426,2025-06-10,61,11878,12200,2375600,59.39,319
real_metallica_20260426,2025-06-09,166,12044,33200,2408800,60.22,320
real_metallica_20260426,2025-06-08,48,12092,9600,2418400,60.46,321
real_metallica_20260426,2025-06-07,98,12190,19600,2438000,60.95,322
real_metallica_20260426,2025-06-06,121,12311,24200,2462200,61.56,323
real_metallica_20260426,2025-06-05,29,12340,5800,2468000,61.7,324
real_metallica_20260426,2025-06-04,19,12359,3800,2471800,61.8,325
real_metallica_20260426,2025-06-03,113,12472,22600,2494400,62.36,326
real_metallica_20260426,2025-06-02,120,12592,24000,2518400,62.96,327
real_metallica_20260426,2025-06-01,57,12649,11400,2529800,63.24,328
real_metallica_20260426,2025-05-31,51,12700,10200,2540000,63.5,329
real_metallica_20260426,2025-05-30,100,12800,20000,2560000,64.0,330
real_metallica_20260426,2025-05-29,1,12801,200,2560200,64.0,331
real_metallica_20260426,2025-05-28,91,12892,18200,2578400,64.46,332
real_metallica_20260426,2025-05-27,106,12998,21200,2599600,64.99,333
real_metallica_20260426,2025-05-26,188,13186,37600,2637200,65.93,334
real_metallica_20260426,2025-05-25,141,13327,28200,2665400,66.64,335
real_metallica_20260426,2025-05-24,18,13345,3600,2669000,66.72,336
real_metallica_20260426,2025-05-23,124,13469,24800,2693800,67.34,337
real_metallica_20260426,2025-05-22,156,13625,31200,2725000,68.12,338
real_metallica_20260426,2025-05-21,231,13856,46200,2771200,69.28,339
real_metallica_20260426,2025-05-20,124,13980,24800,2796000,69.9,340
real_metallica_20260426,2025-05-19,7,13987,1400,2797400,69.94,341
real_metallica_20260426,2025-05-18,108,14095,21600,2819000,70.47,342
real_metallica_20260426,2025-05-17,141,14236,28200,2847200,71.18,343
real_metallica_20260426,2025-05-16,82,14318,16400,2863600,71.59,344
real_metallica_20260426,2025-05-15,121,14439,24200,2887800,72.19,345
real_metallica_20260426,2025-05-14,79,14518,15800,2903600,72.59,346
real_metallica_20260426,2025-05-13,88,14606,17600,2921200,73.03,347
real_metallica_20260426,2025-05-12,111,14717,22200,2943400,73.58,348
real_metallica_20260426,2025-05-11,36,14753,7200,2950600,73.77,349
real_metallica_20260426,2025-05-10,120,14873,24000,2974600,74.37,350
real_metallica_20260426,2025-05-09,59,14932,11800,2986400,74.66,351
real_metallica_20260426,2025-05-08,150,15082,30000,3016400,75.41,352
real_metallica_20260426,2025-05-07,86,15168,17200,3033600,75.84,353
real_metallica_20260426,2025-05-06,218,15386,43600,3077200,76.93,354
real_metallica_20260426,2025-05-05,168,15554,33600,3110800,77.77,355
real_metallica_20260426,2025-05-04,75,15629,15000,3125800,78.14,356
real_metallica_20260426,2025-05-03,99,15728,19800,3145600,78.64,357
real_metallica_20260426,2025-05-02,213,15941,42600,3188200,79.7,358
real_metallica_20260426,2025-05-01,167,16108,33400,3221600,80.54,359
real_metallica_20260426,2025-04-30,203,16311,40600,3262200,81.56,360
real_metallica_20260426,2025-04-29,41,16352,8200,3270400,81.76,361
real_metallica_20260426,2025-04-28,72,16424,14400,3284800,82.12,362
real_metallica_20260426,2025-04-27,22,16446,4400,3289200,82.23,363
real_metallica_20260426,2025-04-26,33,16479,6600,3295800,82.39,364
real_metallica_20260426,2025-04-25,20,16499,4000,3299800,82.49,365
real_metallica_20260426,2025-04-24,12,16511,2400,3302200,82.56,366
real_metallica_20260502,2025-10-23,126,126,25200,25200,0.63,190
real_metallica_20260502,2025-10-22,53,179,10600,35800,0.9,191
real_metallica_20260502,2025-10-21,4,183,800,36600,0.92,192
real_metallica_20260502,2025-10-20,66,249,13200,49800,1.24,193
real_metallica_20260502,2025-10-19,40,289,8000,57800,1.44,194
real_metallica_20260502,2025-10-18,110,399,22000,79800,1.99,195
real_metallica_20260502,2025-10-17,8,407,1600,81400,2.04,196
real_metallica_20260502,2025-10-16,86,493,17200,98600,2.46,197
real_metallica_20260502,2025-10-15,158,651,31600,130200,3.26,198
real_metallica_20260502,2025-10-14,71,722,14200,144400,3.61,199
real_metallica_20260502,2025-10-13,33,755,6600,151000,3.77,200
real_metallica_20260502,2025-10-12,181,936,36200,187200,4.68,201
real_metallica_20260502,2025-10-11,197,1133,39400,226600,5.67,202
real_metallica_20260502,2025-10-10,68,1201,13600,240200,6.0,203
real_metallica_20260502,2025-10-09,218,1419,43600,283800,7.09,204
real_metallica_20260502,2025-10-08,131,1550,26200,310000,7.75,205
real_metallica_20260502,2025-10-07,26,1576,5200,315200,7.88,206
real_metallica_20260502,2025-10-06,112,1688,22400,337600,8.44,207
real_metallica_20260502,2025-10-05,215,1903,43000,380600,9.52,208
real_metallica_20260502,2025-10-04,27,1930,5400,386000,9.65,209
real_metallica_20260502,2025-10-03,156,2086,31200,417200,10.43,210
real_metallica_20260502,2025-10-02,26,2112,5200,422400,10.56,211
real_metallica_20260502,2025-10-01,10,2122,2000,424400,10.61,212
real_metallica_20260502,2025-09-30,42,2164,8400,432800,10.82,213
real_metallica_20260502,2025-09-29,52,2216,10400,443200,11.08,214
real_metallica_20260502,2025-09-28,40,2256,8000,451200,11.28,215
real_metallica_20260502,2025-09-27,181,2437,36200,487400,12.19,216
real_metallica_20260502,2025-09-26,129,2566,25800,513200,12.83,217
real_metallica_20260502,2025-09-25,25,2591,5000,518200,12.96,218
real_metallica_20260502,2025-09-24,46,2637,9200,527400,13.18,219
real_metallica_20260502,2025-09-23,35,2672,7000,534400,13.36,220
real_metallica_20260502,2025-09-22,25,2697,5000,539400,13.48,221
real_metallica_20260502,2025-09-21,106,2803,21200,560600,14.02,222
real_metallica_20260502,2025-09-20,1,2804,200,560800,14.02,223
real_metallica_20260502,2025-09-19,121,2925,24200,585000,14.62,224
real_metallica_20260502,2025-09-18,129,3054,25800,610800,15.27,225
real_metallica_20260502,2025-09-17,34,3088,6800,617600,15.44,226
real_metallica_20260502,2025-09-16,106,3194,21200,638800,15.97,227
real_metallica_20260502,2025-09-15,62,3256,12400,651200,16.28,228
real_metallica_20260502,2025-09-14,96,3352,19200,670400,16.76,229
real_metallica_20260502,2025-09-13,58,3410,11600,682000,17.05,230
real_metallica_20260502,2025-09-12,54,3464,10800,692800,17.32,231
real_metallica_20260502,2025-09-11,104,3568,20800,713600,17.84,232
real_metallica_20260502,2025-09-10,218,3786,43600,757200,18.93,233
real_metallica_20260502,2025-09-09,174,3960,34800,792000,19.8,234
real_metallica_20260502,2025-09-08,7,3967,1400,793400,19.84,235
real_metallica_20260502,2025-09-07,2,3969,400,793800,19.84,236
real_metallica_20260502,2025-09-06,132,4101,26400,820200,20.51,237
real_metallica_20260502,2025-09-05,21,4122,4200,824400,20.61,238
real_metallica_20260502,2025-09-04,102,4224,20400,844800,21.12,239
real_metallica_20260502,2025-09-03,84,4308,16800,861600,21.54,240
real_metallica_20260502,2025-09-02,100,4408,20000,881600,22.04,241
real_metallica_20260502,2025-09-01,169,4577,33800,915400,22.88,242
real_metallica_20260502,2025-08-31,38,4615,7600,923000,23.08,243
real_metallica_20260502,2025-08-30,14,4629,2800,925800,23.14,244
real_metallica_20260502,2025-08-29,151,4780,30200,956000,23.9,245
real_metallica_20260502,2025-08-28,141,4921,28200,984200,24.61,246
real_metallica_20260502,2025-08-27,184,5105,36800,1021000,25.52,247
real_metallica_20260502,2025-08-26,88,5193,17600,1038600,25.96,248
real_metallica_20260502,2025-08-25,35,5228,7000,1045600,26.14,249
real_metallica_20260502,2025-08-24,156,5384,31200,1076800,26.92,250
real_metallica_20260502,2025-08-23,179,5563,35800,1112600,27.82,251
real_metallica_20260502,2025-08-22,52,5615,10400,1123000,28.07,252
real_metallica_20260502,2025-08-21,159,5774,31800,1154800,28.87,253
real_metallica_20260502,2025-08-20,166,5940,33200,1188000,29.7,254
real_metallica_20260502,2025-08-19,88,6028,17600,1205600,30.14,255
real_metallica_20260502,2025-08-18,200,6228,40000,1245600,31.14,256
real_metallica_20260502,2025-08-17,198,6426,39600,1285200,32.13,257
real_metallica_20260502,2025-08-16,38,6464,7600,1292800,32.32,258
real_metallica_20260502,2025-08-15,68,6532,13600,1306400,32.66,259
real_metallica_20260502,2025-08-14,32,6564,6400,1312800,32.82,260
real_metallica_20260502,2025-08-13,138,6702,27600,1340400,33.51,261
real_metallica_20260502,2025-08-12,23,6725,4600,1345000,33.62,262
real_metallica_20260502,2025-08-11,79,6804,15800,1360800,34.02,263
real_metallica_20260502,2025-08-10,162,6966,32400,1393200,34.83,264
real_metallica_20260502,2025-08-09,3,6969,600,1393800,34.84,265
real_metallica_20260502,2025-08-08,138,7107,27600,1421400,35.53,266
real_metallica_20260502,2025-08-07,61,7168,12200,1433600,35.84,267
real_metallica_20260502,2025-08-06,77,7245,15400,1449000,36.23,268
real_metallica_20260502,2025-08-05,129,7374,25800,1474800,36.87,269
real_metallica_20260502,2025-08-04,7,7381,1400,1476200,36.91,270
real_metallica_20260502,2025-08-03,66,7447,13200,1489400,37.23,271
real_metallica_20260502,2025-08-02,90,7537,18000,1507400,37.69,272
real_metallica_20260502,2025-08-01,96,7633,19200,1526600,38.16,273
real_metallica_20260502,2025-07-31,31,7664,6200,1532800,38.32,274
real_metallica_20260502,2025-07-30,146,7810,29200,1562000,39.05,275
real_metallica_20260502,2025-07-29,116,7926,23200,1585200,39.63,276
real_metallica_20260502,2025-07-28,60,7986,12000,1597200,39.93,277
real_metallica_20260502,2025-07-27,148,8134,29600,1626800,40.67,278
real_metallica_20260502,2025-07-26,160,8294,32000,1658800,41.47,279
real_metallica_20260502,2025-07-25,152,8446,30400,1689200,42.23,280
real_metallica_20260502,2025-07-24,38,8484,7600,1696800,42.42,281
real_metallica_20260502,2025-07-23,35,8519,7000,1703800,42.59,282
real_metallica_20260502,2025-07-22,133,8652,26600,1730400,43.26,283
real_metallica_20260502,2025-07-21,26,8678,5200,1735600,43.39,284
real_metallica_20260502,2025-07-20,49,8727,9800,1745400,43.64,285
real_metallica_20260502,2025-07-19,92,8819,18400,1763800,44.09,286
real_metallica_20260502,2025-07-18,37,8856,7400,1771200,44.28,287
real_metallica_20260502,2025-07-17,105,8961,21000,1792200,44.8,288
real_metallica_20260502,2025-07-16,7,8968,1400,1793600,44.84,289
real_metallica_20260502,2025-07-15,33,9001,6600,1800200,45.01,290
real_metallica_20260502,2025-07-14,114,9115,22800,1823000,45.57,291
real_metallica_20260502,2025-07-13,86,9201,17200,1840200,46.01,292
real_metallica_20260502,2025-07-12,150,9351,30000,1870200,46.76,293
real_metallica_20260502,2025-07-11,101,9452,20200,1890400,47.26,294
real_metallica_20260502,2025-07-10,149,9601,29800,1920200,48.0,295
real_metallica_20260502,2025-07-09,108,9709,21600,1941800,48.55,296
real_metallica_20260502,2025-07-08,250,9959,50000,1991800,49.8,297
real_metallica_20260502,2025-07-07,106,10065,21200,2013000,50.32,298
real_metallica_20260502,2025-07-06,36,10101,7200,2020200,50.51,299
real_metallica_20260502,2025-07-05,124,10225,24800,2045000,51.12,300
real_metallica_20260502,2025-07-04,33,10258,6600,2051600,51.29,301
real_metallica_20260502,2025-07-03,131,10389,26200,2077800,51.94,302
real_metallica_20260502,2025-07-02,30,10419,6000,2083800,52.09,303
real_metallica_20260502,2025-07-01,116,10535,23200,2107000,52.68,304
real_metallica_20260502,2025-06-30,40,10575,8000,2115000,52.88,305
real_metallica_20260502,2025-06-29,94,10669,18800,2133800,53.34,306
real_metallica_20260502,2025-06-28,30,10699,6000,2139800,53.5,307
real_metallica_20260502,2025-06-27,104,10803,20800,2160600,54.02,308
real_metallica_20260502,2025-06-26,47,10850,9400,2170000,54.25,309
real_metallica_20260502,2025-06-25,10,10860,2000,2172000,54.3,310
real_metallica_20260502,2025-06-24,30,10890,6000,2178000,54.45,311
real_metallica_20260502,2025-06-23,95,10985,19000,2197000,54.93,312
real_metallica_20260502,2025-06-22,124,11109,24800,2221800,55.55,313
real_metallica_20260502,2025-06-21,18,11127,3600,2225400,55.63,314
real_metallica_20260502,2025-06-20,75,11202,15000,2240400,56.01,315
real_metallica_20260502,2025-06-19,78,11280,15600,2256000,56.4,316
real_metallica_20260502,2025-06-18,55,11335,11000,2267000,56.67,317
real_metallica_20260502,2025-06-17,94,11429,18800,2285800,57.15,318
real_metallica_20260502,2025-06-16,31,11460,6200,2292000,57.3,319
real_metallica_20260502,2025-06-15,17,11477,3400,2295400,57.38,320
real_metallica_20260502,2025-06-14,106,11583,21200,2316600,57.92,321
real_metallica_20260502,2025-06-13,79,11662,15800,2332400,58.31,322
real_metallica_20260502,2025-06-12,86,11748,17200,2349600,58.74,323
real_metallica_20260502,2025-06-11,121,11869,24200,2373800,59.35,324
real_metallica_20260502,2025-06-10,213,12082,42600,2416400,60.41,325
real_metallica_20260502,2025-06-09,35,12117,7000,2423400,60.59,326
real_metallica_20260502,2025-06-08,117,12234,23400,2446800,61.17,327
real_metallica_20260502,2025-06-07,170,12404,34000,2480800,62.02,328
real_metallica_20260502,2025-06-06,83,12487,16600,2497400,62.43,329
real_metallica_20260502,2025-06-05,79,12566,15800,2513200,62.83,330
real_metallica_20260502,2025-06-04,104,12670,20800,2534000,63.35,331
real_metallica_20260502,2025-06-03,101,12771,20200,2554200,63.85,332
real_metallica_20260502,2025-06-02,11,12782,2200,2556400,63.91,333
real_metallica_20260502,2025-06-01,227,13009,45400,2601800,65.05,334
real_metallica_20260502,2025-05-31,71,13080,14200,2616000,65.4,335
real_metallica_20260502,2025-05-30,42,13122,8400,2624400,65.61,336
real_metallica_20260502,2025-05-29,146,13268,29200,2653600,66.34,337
real_metallica_20260502,2025-05-28,181,13449,36200,2689800,67.25,338
real_metallica_20260502,2025-05-27,31,13480,6200,2696000,67.4,339
real_metallica_20260502,2025-05-26,21,13501,4200,2700200,67.51,340
real_metallica_20260502,2025-05-25,79,13580,15800,2716000,67.9,341
real_metallica_20260502,2025-05-24,13,13593,2600,2718600,67.97,342
real_metallica_20260502,2025-05-23,133,13726,26600,2745200,68.63,343
real_metallica_20260502,2025-05-22,60,13786,12000,2757200,68.93,344
real_metallica_20260502,2025-05-21,4,13790,800,2758000,68.95,345
real_metallica_20260502,2025-05-20,68,13858,13600,2771600,69.29,346
real_metallica_20260502,2025-05-19,2,13860,400,2772000,69.3,347
real_metallica_20260502,2025-05-18,52,13912,10400,2782400,69.56,348
real_metallica_20260502,2025-05-17,113,14025,22600,2805000,70.12,349
real_metallica_20260502,2025-05-16,68,14093,13600,2818600,70.47,350
real_metallica_20260502,2025-05-15,102,14195,20400,2839000,70.97,351
real_metallica_20260502,2025-05-14,125,14320,25000,2864000,71.6,352
real_metallica_20260502,2025-05-13,5,14325,1000,2865000,71.62,353
real_metallica_20260502,2025-05-12,46,14371,9200,2874200,71.86,354
real_metallica_20260502,2025-05-11,135,14506,27000,2901200,72.53,355
real_metallica_20260502,2025-05-10,65,14571,13000,2914200,72.86,356
real_metallica_20260502,2025-05-09,12,14583,2400,2916600,72.91,357
real_metallica_20260502,2025-05-08,73,14656,14600,2931200,73.28,358
real_metallica_20260502,2025-05-07,32,14688,6400,2937600,73.44,359
real_metallica_20260502,2025-05-06,39,14727,7800,2945400,73.63,360
real_metallica_20260502,2025-05-05,104,14831,20800,2966200,74.16,361
real_metallica_20260502,2025-05-04,15,14846,3000,2969200,74.23,362
real_metallica_20260502,2025-05-03,83,14929,16600,2985800,74.64,363
real_metallica_20260502,2025-05-02,91,15020,18200,3004000,75.1,364
real_metallica_20260502,2025-05-01,49,15069,9800,3013800,75.34,365
real_metallica_20260502,2025-04-30,9,15078,1800,3015600,75.39,366
real_metallica_20260502,2025-04-29,20,15098,4000,3019600,75.49,367
real_metallica_20260502,2025-04-28,7,15105,1400,3021000,75.52,368
real_metallica_20260502,2025-04-27,15,15120,3000,3024000,75.6,369
real_metallica_20260502,2025-04-26,30,15150,6000,3030000,75.75,370
real_metallica_20260502,2025-04-25,48,15198,9600,3039600,75.99,371
real_metallica_20260502,2025-04-24,7,15205,1400,3041000,76.02,372
real_metallica_20260502,2025-04-23,20,15225,4000,3045000,76.12,373
real_metallica_20260502,2025-04-22,26,15251,5200,3050200,76.25,374
real_metallica_20260502,2025-04-21,1,15252,200,3050400,76.26,375
real_metallica_20260502,2025-04-20,14,15266,2800,3053200,76.33,376
real_metallica_20260502,2025-04-19,2,15268,400,3053600,76.34,377
real_metallica_20260502,2025-04-18,37,15305,7400,3061000,76.53,378
real_metallica_20260503,2025-10-23,63,63,12600,12600,0.32,191
real_metallica_20260503,2025-10-22,166,229,33200,45800,1.15,192
real_metallica_20260503,2025-10-21,77,306,15400,61200,1.53,193
real_metallica_20260503,2025-10-20,114,420,22800,84000,2.1,194
real_metallica_20260503,2025-10-19,81,501,16200,100200,2.5,195
real_metallica_20260503,2025-10-18,36,537,7200,107400,2.69,196
real_metallica_20260503,2025-10-17,43,580,8600,116000,2.9,197
real_metallica_20260503,2025-10-16,137,717,27400,143400,3.58,198
real_metallica_20260503,2025-10-15,246,963,49200,192600,4.81,199
real_metallica_20260503,2025-10-14,115,1078,23000,215600,5.39,200
real_metallica_20260503,2025-10-13,59,1137,11800,227400,5.68,201
real_metallica_20260503,2025-10-12,158,1295,31600,259000,6.48,202
real_metallica_20260503,2025-10-11,42,1337,8400,267400,6.69,203
real_metallica_20260503,2025-10-10,61,1398,12200,279600,6.99,204
real_metallica_20260503,2025-10-09,64,1462,12800,292400,7.31,205
real_metallica_20260503,2025-10-08,97,1559,19400,311800,7.8,206
real_metallica_20260503,2025-10-07,108,1667,21600,333400,8.33,207
real_metallica_20260503,2025-10-06,130,1797,26000,359400,8.98,208
real_metallica_20260503,2025-10-05,41,1838,8200,367600,9.19,209
real_metallica_20260503,2025-10-04,144,1982,28800,396400,9.91,210
real_metallica_20260503,2025-10-03,11,1993,2200,398600,9.96,211
real_metallica_20260503,2025-10-02,31,2024,6200,404800,10.12,212
real_metallica_20260503,2025-10-01,185,2209,37000,441800,11.04,213
real_metallica_20260503,2025-09-30,71,2280,14200,456000,11.4,214
real_metallica_20260503,2025-09-29,53,2333,10600,466600,11.67,215
real_metallica_20260503,2025-09-28,81,2414,16200,482800,12.07,216
real_metallica_20260503,2025-09-27,87,2501,17400,500200,12.5,217
real_metallica_20260503,2025-09-26,192,2693,38400,538600,13.46,218
real_metallica_20260503,2025-09-25,69,2762,13800,552400,13.81,219
real_metallica_20260503,2025-09-24,82,2844,16400,568800,14.22,220
real_metallica_20260503,2025-09-23,117,2961,23400,592200,14.8,221
real_metallica_20260503,2025-09-22,84,3045,16800,609000,15.22,222
real_metallica_20260503,2025-09-21,88,3133,17600,626600,15.67,223
real_metallica_20260503,2025-09-19,1,3134,200,626800,15.67,225
real_metallica_20260503,2025-09-18,172,3306,34400,661200,16.53,226
real_metallica_20260503,2025-09-17,71,3377,14200,675400,16.89,227
real_metallica_20260503,2025-09-16,180,3557,36000,711400,17.79,228
real_metallica_20260503,2025-09-15,100,3657,20000,731400,18.29,229
real_metallica_20260503,2025-09-14,166,3823,33200,764600,19.11,230
real_metallica_20260503,2025-09-13,137,3960,27400,792000,19.8,231
real_metallica_20260503,2025-09-12,85,4045,17000,809000,20.23,232
real_metallica_20260503,2025-09-11,31,4076,6200,815200,20.38,233
real_metallica_20260503,2025-09-10,96,4172,19200,834400,20.86,234
real_metallica_20260503,2025-09-09,91,4263,18200,852600,21.32,235
real_metallica_20260503,2025-09-08,2,4265,400,853000,21.32,236
real_metallica_20260503,2025-09-07,47,4312,9400,862400,21.56,237
real_metallica_20260503,2025-09-06,113,4425,22600,885000,22.12,238
real_metallica_20260503,2025-09-05,2,4427,400,885400,22.13,239
real_metallica_20260503,2025-09-04,174,4601,34800,920200,23.0,240
real_metallica_20260503,2025-09-03,91,4692,18200,938400,23.46,241
real_metallica_20260503,2025-09-02,104,4796,20800,959200,23.98,242
real_metallica_20260503,2025-09-01,77,4873,15400,974600,24.37,243
real_metallica_20260503,2025-08-31,56,4929,11200,985800,24.64,244
real_metallica_20260503,2025-08-30,63,4992,12600,998400,24.96,245
real_metallica_20260503,2025-08-29,9,5001,1800,1000200,25.0,246
real_metallica_20260503,2025-08-28,53,5054,10600,1010800,25.27,247
real_metallica_20260503,2025-08-27,81,5135,16200,1027000,25.67,248
real_metallica_20260503,2025-08-26,71,5206,14200,1041200,26.03,249
real_metallica_20260503,2025-08-25,126,5332,25200,1066400,26.66,250
real_metallica_20260503,2025-08-24,24,5356,4800,1071200,26.78,251
real_metallica_20260503,2025-08-23,144,5500,28800,1100000,27.5,252
real_metallica_20260503,2025-08-22,154,5654,30800,1130800,28.27,253
real_metallica_20260503,2025-08-21,16,5670,3200,1134000,28.35,254
real_metallica_20260503,2025-08-20,16,5686,3200,1137200,28.43,255
real_metallica_20260503,2025-08-19,72,5758,14400,1151600,28.79,256
real_metallica_20260503,2025-08-18,225,5983,45000,1196600,29.92,257
real_metallica_20260503,2025-08-17,70,6053,14000,1210600,30.26,258
real_metallica_20260503,2025-08-16,86,6139,17200,1227800,30.7,259
real_metallica_20260503,2025-08-15,88,6227,17600,1245400,31.14,260
real_metallica_20260503,2025-08-14,157,6384,31400,1276800,31.92,261
real_metallica_20260503,2025-08-13,116,6500,23200,1300000,32.5,262
real_metallica_20260503,2025-08-12,54,6554,10800,1310800,32.77,263
real_metallica_20260503,2025-08-11,166,6720,33200,1344000,33.6,264
real_metallica_20260503,2025-08-10,41,6761,8200,1352200,33.8,265
real_metallica_20260503,2025-08-09,104,6865,20800,1373000,34.33,266
real_metallica_20260503,2025-08-08,132,6997,26400,1399400,34.98,267
real_metallica_20260503,2025-08-07,92,7089,18400,1417800,35.45,268
real_metallica_20260503,2025-08-06,11,7100,2200,1420000,35.5,269
real_metallica_20260503,2025-08-05,57,7157,11400,1431400,35.78,270
real_metallica_20260503,2025-08-04,53,7210,10600,1442000,36.05,271
real_metallica_20260503,2025-08-03,80,7290,16000,1458000,36.45,272
real_metallica_20260503,2025-08-02,24,7314,4800,1462800,36.57,273
real_metallica_20260503,2025-08-01,6,7320,1200,1464000,36.6,274
real_metallica_20260503,2025-07-31,115,7435,23000,1487000,37.18,275
real_metallica_20260503,2025-07-30,216,7651,43200,1530200,38.26,276
real_metallica_20260503,2025-07-29,234,7885,46800,1577000,39.42,277
real_metallica_20260503,2025-07-28,42,7927,8400,1585400,39.63,278
real_metallica_20260503,2025-07-27,16,7943,3200,1588600,39.72,279
real_metallica_20260503,2025-07-26,24,7967,4800,1593400,39.84,280
real_metallica_20260503,2025-07-25,55,8022,11000,1604400,40.11,281
real_metallica_20260503,2025-07-24,151,8173,30200,1634600,40.87,282
real_metallica_20260503,2025-07-23,85,8258,17000,1651600,41.29,283
real_metallica_20260503,2025-07-22,63,8321,12600,1664200,41.6,284
real_metallica_20260503,2025-07-21,30,8351,6000,1670200,41.75,285
real_metallica_20260503,2025-07-20,213,8564,42600,1712800,42.82,286
real_metallica_20260503,2025-07-19,42,8606,8400,1721200,43.03,287
real_metallica_20260503,2025-07-18,60,8666,12000,1733200,43.33,288
real_metallica_20260503,2025-07-17,198,8864,39600,1772800,44.32,289
real_metallica_20260503,2025-07-16,112,8976,22400,1795200,44.88,290
real_metallica_20260503,2025-07-15,160,9136,32000,1827200,45.68,291
real_metallica_20260503,2025-07-14,31,9167,6200,1833400,45.84,292
real_metallica_20260503,2025-07-13,7,9174,1400,1834800,45.87,293
real_metallica_20260503,2025-07-12,96,9270,19200,1854000,46.35,294
real_metallica_20260503,2025-07-11,16,9286,3200,1857200,46.43,295
real_metallica_20260503,2025-07-10,15,9301,3000,1860200,46.51,296
real_metallica_20260503,2025-07-09,113,9414,22600,1882800,47.07,297
real_metallica_20260503,2025-07-08,78,9492,15600,1898400,47.46,298
real_metallica_20260503,2025-07-07,16,9508,3200,1901600,47.54,299
real_metallica_20260503,2025-07-06,7,9515,1400,1903000,47.58,300
real_metallica_20260503,2025-07-05,75,9590,15000,1918000,47.95,301
real_metallica_20260503,2025-07-04,102,9692,20400,1938400,48.46,302
real_metallica_20260503,2025-07-03,96,9788,19200,1957600,48.94,303
real_metallica_20260503,2025-07-02,153,9941,30600,1988200,49.7,304
real_metallica_20260503,2025-07-01,159,10100,31800,2020000,50.5,305
real_metallica_20260503,2025-06-30,49,10149,9800,2029800,50.74,306
real_metallica_20260503,2025-06-29,109,10258,21800,2051600,51.29,307
real_metallica_20260503,2025-06-28,158,10416,31600,2083200,52.08,308
real_metallica_20260503,2025-06-27,83,10499,16600,2099800,52.5,309
real_metallica_20260503,2025-06-26,200,10699,40000,2139800,53.5,310
real_metallica_20260503,2025-06-25,66,10765,13200,2153000,53.83,311
real_metallica_20260503,2025-06-24,49,10814,9800,2162800,54.07,312
real_metallica_20260503,2025-06-23,1,10815,200,2163000,54.07,313
real_metallica_20260503,2025-06-22,17,10832,3400,2166400,54.16,314
real_metallica_20260503,2025-06-21,49,10881,9800,2176200,54.41,315
real_metallica_20260503,2025-06-20,32,10913,6400,2182600,54.56,316
real_metallica_20260503,2025-06-19,65,10978,13000,2195600,54.89,317
real_metallica_20260503,2025-06-18,123,11101,24600,2220200,55.51,318
real_metallica_20260503,2025-06-17,113,11214,22600,2242800,56.07,319
real_metallica_20260503,2025-06-16,17,11231,3400,2246200,56.16,320
real_metallica_20260503,2025-06-15,15,11246,3000,2249200,56.23,321
real_metallica_20260503,2025-06-14,74,11320,14800,2264000,56.6,322
real_metallica_20260503,2025-06-13,91,11411,18200,2282200,57.05,323
real_metallica_20260503,2025-06-12,138,11549,27600,2309800,57.75,324
real_metallica_20260503,2025-06-11,37,11586,7400,2317200,57.93,325
real_metallica_20260503,2025-06-10,154,11740,30800,2348000,58.7,326
real_metallica_20260503,2025-06-09,94,11834,18800,2366800,59.17,327
real_metallica_20260503,2025-06-08,132,11966,26400,2393200,59.83,328
real_metallica_20260503,2025-06-07,173,12139,34600,2427800,60.7,329
real_metallica_20260503,2025-06-06,30,12169,6000,2433800,60.85,330
real_metallica_20260503,2025-06-05,143,12312,28600,2462400,61.56,331
real_metallica_20260503,2025-06-04,108,12420,21600,2484000,62.1,332
real_metallica_20260503,2025-06-03,51,12471,10200,2494200,62.36,333
real_metallica_20260503,2025-06-02,51,12522,10200,2504400,62.61,334
real_metallica_20260503,2025-06-01,87,12609,17400,2521800,63.04,335
real_metallica_20260503,2025-05-31,60,12669,12000,2533800,63.34,336
real_metallica_20260503,2025-05-30,119,12788,23800,2557600,63.94,337
real_metallica_20260503,2025-05-29,84,12872,16800,2574400,64.36,338
real_metallica_20260503,2025-05-28,144,13016,28800,2603200,65.08,339
real_metallica_20260503,2025-05-27,157,13173,31400,2634600,65.86,340
real_metallica_20260503,2025-05-26,84,13257,16800,2651400,66.29,341
real_metallica_20260503,2025-05-25,58,13315,11600,2663000,66.57,342
real_metallica_20260503,2025-05-24,233,13548,46600,2709600,67.74,343
real_metallica_20260503,2025-05-23,28,13576,5600,2715200,67.88,344
real_metallica_20260503,2025-05-22,163,13739,32600,2747800,68.69,345
real_metallica_20260503,2025-05-21,29,13768,5800,2753600,68.84,346
real_metallica_20260503,2025-05-20,54,13822,10800,2764400,69.11,347
real_metallica_20260503,2025-05-19,84,13906,16800,2781200,69.53,348
real_metallica_20260503,2025-05-18,96,14002,19200,2800400,70.01,349
real_metallica_20260503,2025-05-17,23,14025,4600,2805000,70.12,350
real_metallica_20260503,2025-05-16,1,14026,200,2805200,70.13,351
real_metallica_20260503,2025-05-15,18,14044,3600,2808800,70.22,352
real_metallica_20260503,2025-05-14,142,14186,28400,2837200,70.93,353
real_metallica_20260503,2025-05-13,37,14223,7400,2844600,71.11,354
real_metallica_20260503,2025-05-12,161,14384,32200,2876800,71.92,355
real_metallica_20260503,2025-05-11,92,14476,18400,2895200,72.38,356
real_metallica_20260503,2025-05-10,3,14479,600,2895800,72.39,357
real_metallica_20260503,2025-05-09,36,14515,7200,2903000,72.58,358
real_metallica_20260503,2025-05-08,113,14628,22600,2925600,73.14,359
real_metallica_20260503,2025-05-07,44,14672,8800,2934400,73.36,360
real_metallica_20260503,2025-05-06,141,14813,28200,2962600,74.06,361
real_metallica_20260503,2025-05-05,50,14863,10000,2972600,74.31,362
real_metallica_20260503,2025-05-04,33,14896,6600,2979200,74.48,363
real_metallica_20260503,2025-05-03,5,14901,1000,2980200,74.5,364
real_metallica_20260503,2025-05-02,35,14936,7000,2987200,74.68,365
real_metallica_20260503,2025-05-01,50,14986,10000,2997200,74.93,366
real_metallica_20260503,2025-04-30,43,15029,8600,3005800,75.14,367
real_metallica_20260503,2025-04-29,39,15068,7800,3013600,75.34,368
real_metallica_20260503,2025-04-28,23,15091,4600,3018200,75.46,369
real_metallica_20260503,2025-04-27,21,15112,4200,3022400,75.56,370
real_metallica_20260503,2025-04-26,79,15191,15800,3038200,75.95,371
real_metallica_20260503,2025-04-25,8,15199,1600,3039800,76.0,372
real_metallica_20260503,2025-04-24,8,15207,1600,3041400,76.03,373
real_metallica_20260503,2025-04-23,24,15231,4800,3046200,76.16,374
real_metallica_20260503,2025-04-22,44,15275,8800,3055000,76.38,375
real_metallica_20260503,2025-04-21,38,15313,7600,3062600,76.57,376
real_metallica_20260503,2025-04-20,40,15353,8000,3070600,76.77,377
real_metallica_20260503,2025-04-19,2,15355,400,3071000,76.78,378
real_metallica_20260503,2025-04-18,24,15379,4800,3075800,76.89,379
real_metallica_20260503,2025-04-17,37,15416,7400,3083200,77.08,380
real_metallica_20260509,2025-10-23,83,83,16600,16600,0.41,197
real_metallica_20260509,2025-10-22,71,154,14200,30800,0.77,198
real_metallica_20260509,2025-10-21,217,371,43400,74200,1.85,199
real_metallica_20260509,2025-10-20,149,520,29800,104000,2.6,200
real_metallica_20260509,2025-10-19,53,573,10600,114600,2.86,201
real_metallica_20260509,2025-10-18,200,773,40000,154600,3.86,202
real_metallica_20260509,2025-10-17,157,930,31400,186000,4.65,203
real_metallica_20260509,2025-10-16,65,995,13000,199000,4.98,204
real_metallica_20260509,2025-10-15,130,1125,26000,225000,5.62,205
real_metallica_20260509,2025-10-14,132,1257,26400,251400,6.29,206
real_metallica_20260509,2025-10-13,82,1339,16400,267800,6.69,207
real_metallica_20260509,2025-10-12,134,1473,26800,294600,7.36,208
real_metallica_20260509,2025-10-11,183,1656,36600,331200,8.28,209
real_metallica_20260509,2025-10-10,121,1777,24200,355400,8.88,210
real_metallica_20260509,2025-10-09,102,1879,20400,375800,9.4,211
real_metallica_20260509,2025-10-08,149,2028,29800,405600,10.14,212
real_metallica_20260509,2025-10-07,53,2081,10600,416200,10.41,213
real_metallica_20260509,2025-10-06,25,2106,5000,421200,10.53,214
real_metallica_20260509,2025-10-05,60,2166,12000,433200,10.83,215
real_metallica_20260509,2025-10-04,78,2244,15600,448800,11.22,216
real_metallica_20260509,2025-10-03,96,2340,19200,468000,11.7,217
real_metallica_20260509,2025-10-02,95,2435,19000,487000,12.17,218
real_metallica_20260509,2025-10-01,21,2456,4200,491200,12.28,219
real_metallica_20260509,2025-09-30,10,2466,2000,493200,12.33,220
real_metallica_20260509,2025-09-29,132,2598,26400,519600,12.99,221
real_metallica_20260509,2025-09-28,10,2608,2000,521600,13.04,222
real_metallica_20260509,2025-09-27,159,2767,31800,553400,13.84,223
real_metallica_20260509,2025-09-26,115,2882,23000,576400,14.41,224
real_metallica_20260509,2025-09-25,104,2986,20800,597200,14.93,225
real_metallica_20260509,2025-09-24,127,3113,25400,622600,15.57,226
real_metallica_20260509,2025-09-23,97,3210,19400,642000,16.05,227
real_metallica_20260509,2025-09-22,56,3266,11200,653200,16.33,228
real_metallica_20260509,2025-09-21,82,3348,16400,669600,16.74,229
real_metallica_20260509,2025-09-20,10,3358,2000,671600,16.79,230
real_metallica_20260509,2025-09-19,128,3486,25600,697200,17.43,231
real_metallica_20260509,2025-09-18,164,3650,32800,730000,18.25,232
real_metallica_20260509,2025-09-17,35,3685,7000,737000,18.43,233
real_metallica_20260509,2025-09-16,25,3710,5000,742000,18.55,234
real_metallica_20260509,2025-09-15,46,3756,9200,751200,18.78,235
real_metallica_20260509,2025-09-14,25,3781,5000,756200,18.91,236
real_metallica_20260509,2025-09-13,84,3865,16800,773000,19.32,237
real_metallica_20260509,2025-09-12,70,3935,14000,787000,19.68,238
real_metallica_20260509,2025-09-11,77,4012,15400,802400,20.06,239
real_metallica_20260509,2025-09-10,133,4145,26600,829000,20.72,240
real_metallica_20260509,2025-09-09,38,4183,7600,836600,20.91,241
real_metallica_20260509,2025-09-08,88,4271,17600,854200,21.36,242
real_metallica_20260509,2025-09-07,103,4374,20600,874800,21.87,243
real_metallica_20260509,2025-09-06,210,4584,42000,916800,22.92,244
real_metallica_20260509,2025-09-05,167,4751,33400,950200,23.76,245
real_metallica_20260509,2025-09-04,83,4834,16600,966800,24.17,246
real_metallica_20260509,2025-09-03,38,4872,7600,974400,24.36,247
real_metallica_20260509,2025-09-02,58,4930,11600,986000,24.65,248
real_metallica_20260509,2025-09-01,95,5025,19000,1005000,25.12,249
real_metallica_20260509,2025-08-31,29,5054,5800,1010800,25.27,250
real_metallica_20260509,2025-08-30,141,5195,28200,1039000,25.97,251
real_metallica_20260509,2025-08-29,184,5379,36800,1075800,26.9,252
real_metallica_20260509,2025-08-28,87,5466,17400,1093200,27.33,253
real_metallica_20260509,2025-08-27,80,5546,16000,1109200,27.73,254
real_metallica_20260509,2025-08-26,109,5655,21800,1131000,28.27,255
real_metallica_20260509,2025-08-25,178,5833,35600,1166600,29.17,256
real_metallica_20260509,2025-08-24,112,5945,22400,1189000,29.73,257
real_metallica_20260509,2025-08-23,142,6087,28400,1217400,30.44,258
real_metallica_20260509,2025-08-22,17,6104,3400,1220800,30.52,259
real_metallica_20260509,2025-08-21,32,6136,6400,1227200,30.68,260
real_metallica_20260509,2025-08-20,2,6138,400,1227600,30.69,261
real_metallica_20260509,2025-08-19,168,6306,33600,1261200,31.53,262
real_metallica_20260509,2025-08-18,86,6392,17200,1278400,31.96,263
real_metallica_20260509,2025-08-17,54,6446,10800,1289200,32.23,264
real_metallica_20260509,2025-08-16,103,6549,20600,1309800,32.75,265
real_metallica_20260509,2025-08-15,176,6725,35200,1345000,33.62,266
real_metallica_20260509,2025-08-14,83,6808,16600,1361600,34.04,267
real_metallica_20260509,2025-08-13,145,6953,29000,1390600,34.77,268
real_metallica_20260509,2025-08-12,35,6988,7000,1397600,34.94,269
real_metallica_20260509,2025-08-11,42,7030,8400,1406000,35.15,270
real_metallica_20260509,2025-08-10,154,7184,30800,1436800,35.92,271
real_metallica_20260509,2025-08-09,146,7330,29200,1466000,36.65,272
real_metallica_20260509,2025-08-08,97,7427,19400,1485400,37.13,273
real_metallica_20260509,2025-08-07,50,7477,10000,1495400,37.39,274
real_metallica_20260509,2025-08-06,49,7526,9800,1505200,37.63,275
real_metallica_20260509,2025-08-05,13,7539,2600,1507800,37.7,276
real_metallica_20260509,2025-08-04,115,7654,23000,1530800,38.27,277
real_metallica_20260509,2025-08-03,77,7731,15400,1546200,38.66,278
real_metallica_20260509,2025-08-02,13,7744,2600,1548800,38.72,279
real_metallica_20260509,2025-08-01,45,7789,9000,1557800,38.95,280
real_metallica_20260509,2025-07-31,88,7877,17600,1575400,39.38,281
real_metallica_20260509,2025-07-30,6,7883,1200,1576600,39.41,282
real_metallica_20260509,2025-07-29,8,7891,1600,1578200,39.45,283
real_metallica_20260509,2025-07-28,98,7989,19600,1597800,39.95,284
real_metallica_20260509,2025-07-27,59,8048,11800,1609600,40.24,285
real_metallica_20260509,2025-07-26,134,8182,26800,1636400,40.91,286
real_metallica_20260509,2025-07-25,7,8189,1400,1637800,40.95,287
real_metallica_20260509,2025-07-24,2,8191,400,1638200,40.96,288
real_metallica_20260509,2025-07-23,110,8301,22000,1660200,41.5,289
real_metallica_20260509,2025-07-22,100,8401,20000,1680200,42.0,290
real_metallica_20260509,2025-07-21,14,8415,2800,1683000,42.08,291
real_metallica_20260509,2025-07-20,53,8468,10600,1693600,42.34,292
real_metallica_20260509,2025-07-19,17,8485,3400,1697000,42.43,293
real_metallica_20260509,2025-07-18,52,8537,10400,1707400,42.69,294
real_metallica_20260509,2025-07-17,26,8563,5200,1712600,42.81,295
real_metallica_20260509,2025-07-16,121,8684,24200,1736800,43.42,296
real_metallica_20260509,2025-07-15,73,8757,14600,1751400,43.79,297
real_metallica_20260509,2025-07-14,150,8907,30000,1781400,44.54,298
real_metallica_20260509,2025-07-13,91,8998,18200,1799600,44.99,299
real_metallica_20260509,2025-07-12,70,9068,14000,1813600,45.34,300
real_metallica_20260509,2025-07-11,18,9086,3600,1817200,45.43,301
real_metallica_20260509,2025-07-10,102,9188,20400,1837600,45.94,302
real_metallica_20260509,2025-07-09,63,9251,12600,1850200,46.26,303
real_metallica_20260509,2025-07-08,145,9396,29000,1879200,46.98,304
real_metallica_20260509,2025-07-07,117,9513,23400,1902600,47.57,305
real_metallica_20260509,2025-07-06,10,9523,2000,1904600,47.62,306
real_metallica_20260509,2025-07-05,73,9596,14600,1919200,47.98,307
real_metallica_20260509,2025-07-04,116,9712,23200,1942400,48.56,308
real_metallica_20260509,2025-07-03,76,9788,15200,1957600,48.94,309
real_metallica_20260509,2025-07-02,44,9832,8800,1966400,49.16,310
real_metallica_20260509,2025-07-01,45,9877,9000,1975400,49.38,311
real_metallica_20260509,2025-06-30,187,10064,37400,2012800,50.32,312
real_metallica_20260509,2025-06-29,98,10162,19600,2032400,50.81,313
real_metallica_20260509,2025-06-28,46,10208,9200,2041600,51.04,314
real_metallica_20260509,2025-06-27,24,10232,4800,2046400,51.16,315
real_metallica_20260509,2025-06-26,11,10243,2200,2048600,51.21,316
real_metallica_20260509,2025-06-25,40,10283,8000,2056600,51.41,317
real_metallica_20260509,2025-06-24,74,10357,14800,2071400,51.79,318
real_metallica_20260509,2025-06-23,17,10374,3400,2074800,51.87,319
real_metallica_20260509,2025-06-22,184,10558,36800,2111600,52.79,320
real_metallica_20260509,2025-06-21,232,10790,46400,2158000,53.95,321
real_metallica_20260509,2025-06-20,141,10931,28200,2186200,54.66,322
real_metallica_20260509,2025-06-19,47,10978,9400,2195600,54.89,323
real_metallica_20260509,2025-06-18,13,10991,2600,2198200,54.95,324
real_metallica_20260509,2025-06-17,83,11074,16600,2214800,55.37,325
real_metallica_20260509,2025-06-16,42,11116,8400,2223200,55.58,326
real_metallica_20260509,2025-06-15,129,11245,25800,2249000,56.23,327
real_metallica_20260509,2025-06-14,3,11248,600,2249600,56.24,328
real_metallica_20260509,2025-06-13,88,11336,17600,2267200,56.68,329
real_metallica_20260509,2025-06-12,118,11454,23600,2290800,57.27,330
real_metallica_20260509,2025-06-11,102,11556,20400,2311200,57.78,331
real_metallica_20260509,2025-06-10,101,11657,20200,2331400,58.28,332
real_metallica_20260509,2025-06-09,32,11689,6400,2337800,58.45,333
real_metallica_20260509,2025-06-08,17,11706,3400,2341200,58.53,334
real_metallica_20260509,2025-06-07,118,11824,23600,2364800,59.12,335
real_metallica_20260509,2025-06-06,17,11841,3400,2368200,59.2,336
real_metallica_20260509,2025-06-05,84,11925,16800,2385000,59.62,337
real_metallica_20260509,2025-06-04,112,12037,22400,2407400,60.19,338
real_metallica_20260509,2025-06-03,105,12142,21000,2428400,60.71,339
real_metallica_20260509,2025-06-02,41,12183,8200,2436600,60.91,340
real_metallica_20260509,2025-06-01,2,12185,400,2437000,60.92,341
real_metallica_20260509,2025-05-31,45,12230,9000,2446000,61.15,342
real_metallica_20260509,2025-05-30,136,12366,27200,2473200,61.83,343
real_metallica_20260509,2025-05-29,43,12409,8600,2481800,62.04,344
real_metallica_20260509,2025-05-28,97,12506,19400,2501200,62.53,345
real_metallica_20260509,2025-05-27,34,12540,6800,2508000,62.7,346
real_metallica_20260509,2025-05-26,45,12585,9000,2517000,62.92,347
real_metallica_20260509,2025-05-25,91,12676,18200,2535200,63.38,348
real_metallica_20260509,2025-05-24,86,12762,17200,2552400,63.81,349
real_metallica_20260509,2025-05-23,113,12875,22600,2575000,64.38,350
real_metallica_20260509,2025-05-22,162,13037,32400,2607400,65.19,351
real_metallica_20260509,2025-05-21,164,13201,32800,2640200,66.0,352
real_metallica_20260509,2025-05-20,168,13369,33600,2673800,66.84,353
real_metallica_20260509,2025-05-19,99,13468,19800,2693600,67.34,354
real_metallica_20260509,2025-05-18,113,13581,22600,2716200,67.91,355
real_metallica_20260509,2025-05-16,48,13629,9600,2725800,68.14,357
real_metallica_20260509,2025-05-15,63,13692,12600,2738400,68.46,358
real_metallica_20260509,2025-05-14,61,13753,12200,2750600,68.77,359
real_metallica_20260509,2025-05-13,2,13755,400,2751000,68.77,360
real_metallica_20260509,2025-05-12,3,13758,600,2751600,68.79,361
real_metallica_20260509,2025-05-11,49,13807,9800,2761400,69.03,362
real_metallica_20260509,2025-05-10,16,13823,3200,2764600,69.12,363
real_metallica_20260509,2025-05-09,112,13935,22400,2787000,69.67,364
real_metallica_20260509,2025-05-08,85,14020,17000,2804000,70.1,365
real_metallica_20260509,2025-05-07,10,14030,2000,2806000,70.15,366
real_metallica_20260509,2025-05-06,6,14036,1200,2807200,70.18,367
real_metallica_20260509,2025-05-05,41,14077,8200,2815400,70.38,368
real_metallica_20260509,2025-05-04,12,14089,2400,2817800,70.45,369
real_metallica_20260509,2025-05-03,50,14139,10000,2827800,70.69,370
real_metallica_20260509,2025-05-02,15,14154,3000,2830800,70.77,371
real_metallica_20260509,2025-05-01,6,14160,1200,2832000,70.8,372
real_metallica_20260509,2025-04-30,11,14171,2200,2834200,70.86,373
real_metallica_20260509,2025-04-29,20,14191,4000,2838200,70.95,374
real_metallica_20260509,2025-04-28,24,14215,4800,2843000,71.08,375
real_metallica_20260509,2025-04-27,14,14229,2800,2845800,71.14,376
real_metallica_20260509,2025-04-26,17,14246,3400,2849200,71.23,377
real_metallica_20260509,2025-04-25,47,14293,9400,2858600,71.47,378
real_metallica_20260509,2025-04-24,13,14306,2600,2861200,71.53,379
real_metallica_20260509,2025-04-23,49,14355,9800,2871000,71.78,380
real_metallica_20260509,2025-04-22,13,14368,2600,2873600,71.84,381
real_metallica_20260509,2025-04-21,21,14389,4200,2877800,71.95,382
real_metallica_20260509,2025-04-20,6,14395,1200,2879000,71.97,383
real_metallica_20260509,2025-04-19,49,14444,9800,2888800,72.22,384
real_metallica_20260509,2025-04-18,17,14461,3400,2892200,72.3,385
real_metallica_20260509,2025-04-17,40,14501,8000,2900200,72.5,386
real_metallica_20260509,2025-04-16,40,14541,8000,2908200,72.7,387
real_metallica_20260509,2025-04-15,85,14626,17000,2925200,73.13,388
real_metallica_20260509,2025-04-14,21,14647,4200,2929400,73.23,389
real_metallica_20260509,2025-04-13,29,14676,5800,2935200,73.38,390
real_metallica_20260509,2025-04-12,24,14700,4800,2940000,73.5,391
real_metallica_20260509,2025-04-11,47,14747,9400,2949400,73.73,392
real_metallica_20260510,2025-10-23,75,75,15000,15000,0.38,198
real_metallica_20260510,2025-10-22,3,78,600,15600,0.39,199
real_metallica_20260510,2025-10-21,78,156,15600,31200,0.78,200
real_metallica_20260510,2025-10-20,31,187,6200,37400,0.94,201
real_metallica_20260510,2025-10-19,109,296,21800,59200,1.48,202
real_metallica_20260510,2025-10-18,158,454,31600,90800,2.27,203
real_metallica_20260510,2025-10-17,17,471,3400,94200,2.35,204
real_metallica_20260510,2025-10-16,75,546,15000,109200,2.73,205
real_metallica_20260510,2025-10-15,48,594,9600,118800,2.97,206
real_metallica_20260510,2025-10-14,4,598,800,119600,2.99,207
real_metallica_20260510,2025-10-13,113,711,22600,142200,3.55,208
real_metallica_20260510,2025-10-12,84,795,16800,159000,3.98,209
real_metallica_20260510,2025-10-11,40,835,8000,167000,4.17,210
real_metallica_20260510,2025-10-10,194,1029,38800,205800,5.15,211
real_metallica_20260510,2025-10-09,53,1082,10600,216400,5.41,212
real_metallica_20260510,2025-10-08,73,1155,14600,231000,5.78,213
real_metallica_20260510,2025-10-07,58,1213,11600,242600,6.07,214
real_metallica_20260510,2025-10-06,84,1297,16800,259400,6.49,215
real_metallica_20260510,2025-10-05,52,1349,10400,269800,6.74,216
real_metallica_20260510,2025-10-04,170,1519,34000,303800,7.6,217
real_metallica_20260510,2025-10-03,113,1632,22600,326400,8.16,218
real_metallica_20260510,2025-10-02,97,1729,19400,345800,8.64,219
real_metallica_20260510,2025-10-01,46,1775,9200,355000,8.88,220
real_metallica_20260510,2025-09-30,1,1776,200,355200,8.88,221
real_metallica_20260510,2025-09-29,62,1838,12400,367600,9.19,222
real_metallica_20260510,2025-09-28,24,1862,4800,372400,9.31,223
real_metallica_20260510,2025-09-27,18,1880,3600,376000,9.4,224
real_metallica_20260510,2025-09-26,32,1912,6400,382400,9.56,225
real_metallica_20260510,2025-09-25,75,1987,15000,397400,9.93,226
real_metallica_20260510,2025-09-24,52,2039,10400,407800,10.2,227
real_metallica_20260510,2025-09-23,20,2059,4000,411800,10.29,228
real_metallica_20260510,2025-09-22,119,2178,23800,435600,10.89,229
real_metallica_20260510,2025-09-21,50,2228,10000,445600,11.14,230
real_metallica_20260510,2025-09-20,45,2273,9000,454600,11.37,231
real_metallica_20260510,2025-09-19,77,2350,15400,470000,11.75,232
real_metallica_20260510,2025-09-18,114,2464,22800,492800,12.32,233
real_metallica_20260510,2025-09-17,51,2515,10200,503000,12.57,234
real_metallica_20260510,2025-09-16,123,2638,24600,527600,13.19,235
real_metallica_20260510,2025-09-15,46,2684,9200,536800,13.42,236
real_metallica_20260510,2025-09-14,42,2726,8400,545200,13.63,237
real_metallica_20260510,2025-09-13,108,2834,21600,566800,14.17,238
real_metallica_20260510,2025-09-12,110,2944,22000,588800,14.72,239
real_metallica_20260510,2025-09-11,209,3153,41800,630600,15.77,240
real_metallica_20260510,2025-09-10,123,3276,24600,655200,16.38,241
real_metallica_20260510,2025-09-09,48,3324,9600,664800,16.62,242
real_metallica_20260510,2025-09-08,21,3345,4200,669000,16.73,243
real_metallica_20260510,2025-09-07,76,3421,15200,684200,17.11,244
real_metallica_20260510,2025-09-06,39,3460,7800,692000,17.3,245
real_metallica_20260510,2025-09-05,44,3504,8800,700800,17.52,246
real_metallica_20260510,2025-09-04,118,3622,23600,724400,18.11,247
real_metallica_20260510,2025-09-03,72,3694,14400,738800,18.47,248
real_metallica_20260510,2025-09-02,123,3817,24600,763400,19.09,249
real_metallica_20260510,2025-09-01,17,3834,3400,766800,19.17,250
real_metallica_20260510,2025-08-31,50,3884,10000,776800,19.42,251
real_metallica_20260510,2025-08-30,24,3908,4800,781600,19.54,252
real_metallica_20260510,2025-08-29,64,3972,12800,794400,19.86,253
real_metallica_20260510,2025-08-28,95,4067,19000,813400,20.34,254
real_metallica_20260510,2025-08-27,106,4173,21200,834600,20.87,255
real_metallica_20260510,2025-08-26,248,4421,49600,884200,22.11,256
real_metallica_20260510,2025-08-25,98,4519,19600,903800,22.6,257
real_metallica_20260510,2025-08-24,164,4683,32800,936600,23.41,258
real_metallica_20260510,2025-08-23,36,4719,7200,943800,23.59,259
real_metallica_20260510,2025-08-22,9,4728,1800,945600,23.64,260
real_metallica_20260510,2025-08-21,63,4791,12600,958200,23.96,261
real_metallica_20260510,2025-08-20,144,4935,28800,987000,24.68,262
real_metallica_20260510,2025-08-19,97,5032,19400,1006400,25.16,263
real_metallica_20260510,2025-08-18,65,5097,13000,1019400,25.49,264
real_metallica_20260510,2025-08-17,192,5289,38400,1057800,26.45,265
real_metallica_20260510,2025-08-16,130,5419,26000,1083800,27.1,266
real_metallica_20260510,2025-08-15,162,5581,32400,1116200,27.91,267
real_metallica_20260510,2025-08-14,178,5759,35600,1151800,28.79,268
real_metallica_20260510,2025-08-13,49,5808,9800,1161600,29.04,269
real_metallica_20260510,2025-08-12,188,5996,37600,1199200,29.98,270
real_metallica_20260510,2025-08-11,122,6118,24400,1223600,30.59,271
real_metallica_20260510,2025-08-10,46,6164,9200,1232800,30.82,272
real_metallica_20260510,2025-08-09,173,6337,34600,1267400,31.69,273
real_metallica_20260510,2025-08-08,85,6422,17000,1284400,32.11,274
real_metallica_20260510,2025-08-07,66,6488,13200,1297600,32.44,275
real_metallica_20260510,2025-08-06,174,6662,34800,1332400,33.31,276
real_metallica_20260510,2025-08-05,31,6693,6200,1338600,33.47,277
real_metallica_20260510,2025-08-04,169,6862,33800,1372400,34.31,278
real_metallica_20260510,2025-08-03,3,6865,600,1373000,34.33,279
real_metallica_20260510,2025-08-02,11,6876,2200,1375200,34.38,280
real_metallica_20260510,2025-08-01,98,6974,19600,1394800,34.87,281
real_metallica_20260510,2025-07-31,150,7124,30000,1424800,35.62,282
real_metallica_20260510,2025-07-30,20,7144,4000,1428800,35.72,283
real_metallica_20260510,2025-07-29,48,7192,9600,1438400,35.96,284
real_metallica_20260510,2025-07-28,42,7234,8400,1446800,36.17,285
real_metallica_20260510,2025-07-27,64,7298,12800,1459600,36.49,286
real_metallica_20260510,2025-07-26,128,7426,25600,1485200,37.13,287
real_metallica_20260510,2025-07-25,168,7594,33600,1518800,37.97,288
real_metallica_20260510,2025-07-24,150,7744,30000,1548800,38.72,289
real_metallica_20260510,2025-07-23,105,7849,21000,1569800,39.25,290
real_metallica_20260510,2025-07-22,186,8035,37200,1607000,40.17,291
real_metallica_20260510,2025-07-21,27,8062,5400,1612400,40.31,292
real_metallica_20260510,2025-07-20,88,8150,17600,1630000,40.75,293
real_metallica_20260510,2025-07-19,68,8218,13600,1643600,41.09,294
real_metallica_20260510,2025-07-18,191,8409,38200,1681800,42.05,295
real_metallica_20260510,2025-07-17,78,8487,15600,1697400,42.44,296
real_metallica_20260510,2025-07-16,21,8508,4200,1701600,42.54,297
real_metallica_20260510,2025-07-14,99,8607,19800,1721400,43.04,299
real_metallica_20260510,2025-07-13,134,8741,26800,1748200,43.7,300
real_metallica_20260510,2025-07-12,73,8814,14600,1762800,44.07,301
real_metallica_20260510,2025-07-11,43,8857,8600,1771400,44.29,302
real_metallica_20260510,2025-07-10,23,8880,4600,1776000,44.4,303
real_metallica_20260510,2025-07-09,50,8930,10000,1786000,44.65,304
real_metallica_20260510,2025-07-08,128,9058,25600,1811600,45.29,305
real_metallica_20260510,2025-07-07,115,9173,23000,1834600,45.87,306
real_metallica_20260510,2025-07-06,54,9227,10800,1845400,46.13,307
real_metallica_20260510,2025-07-05,7,9234,1400,1846800,46.17,308
real_metallica_20260510,2025-07-04,207,9441,41400,1888200,47.21,309
real_metallica_20260510,2025-07-03,66,9507,13200,1901400,47.53,310
real_metallica_20260510,2025-07-02,209,9716,41800,1943200,48.58,311
real_metallica_20260510,2025-07-01,159,9875,31800,1975000,49.38,312
real_metallica_20260510,2025-06-30,81,9956,16200,1991200,49.78,313
real_metallica_20260510,2025-06-29,37,9993,7400,1998600,49.96,314
real_metallica_20260510,2025-06-28,15,10008,3000,2001600,50.04,315
real_metallica_20260510,2025-06-27,87,10095,17400,2019000,50.48,316
real_metallica_20260510,2025-06-26,30,10125,6000,2025000,50.62,317
real_metallica_20260510,2025-06-25,25,10150,5000,2030000,50.75,318
real_metallica_20260510,2025-06-24,34,10184,6800,2036800,50.92,319
real_metallica_20260510,2025-06-23,1,10185,200,2037000,50.92,320
real_metallica_20260510,2025-06-22,10,10195,2000,2039000,50.98,321
real_metallica_20260510,2025-06-21,66,10261,13200,2052200,51.3,322
real_metallica_20260510,2025-06-20,96,10357,19200,2071400,51.79,323
real_metallica_20260510,2025-06-19,68,10425,13600,2085000,52.12,324
real_metallica_20260510,2025-06-18,121,10546,24200,2109200,52.73,325
real_metallica_20260510,2025-06-17,154,10700,30800,2140000,53.5,326
real_metallica_20260510,2025-06-16,94,10794,18800,2158800,53.97,327
real_metallica_20260510,2025-06-15,87,10881,17400,2176200,54.41,328
real_metallica_20260510,2025-06-14,122,11003,24400,2200600,55.02,329
real_metallica_20260510,2025-06-13,170,11173,34000,2234600,55.86,330
real_metallica_20260510,2025-06-12,14,11187,2800,2237400,55.94,331
real_metallica_20260510,2025-06-11,223,11410,44600,2282000,57.05,332
real_metallica_20260510,2025-06-10,25,11435,5000,2287000,57.17,333
real_metallica_20260510,2025-06-09,51,11486,10200,2297200,57.43,334
real_metallica_20260510,2025-06-08,35,11521,7000,2304200,57.6,335
real_metallica_20260510,2025-06-07,15,11536,3000,2307200,57.68,336
real_metallica_20260510,2025-06-06,71,11607,14200,2321400,58.04,337
real_metallica_20260510,2025-06-05,192,11799,38400,2359800,58.99,338
real_metallica_20260510,2025-06-04,94,11893,18800,2378600,59.47,339
real_metallica_20260510,2025-06-03,121,12014,24200,2402800,60.07,340
real_metallica_20260510,2025-06-02,169,12183,33800,2436600,60.91,341
real_metallica_20260510,2025-06-01,81,12264,16200,2452800,61.32,342
real_metallica_20260510,2025-05-31,208,12472,41600,2494400,62.36,343
real_metallica_20260510,2025-05-30,92,12564,18400,2512800,62.82,344
real_metallica_20260510,2025-05-29,206,12770,41200,2554000,63.85,345
real_metallica_20260510,2025-05-28,173,12943,34600,2588600,64.72,346
real_metallica_20260510,2025-05-27,155,13098,31000,2619600,65.49,347
real_metallica_20260510,2025-05-26,156,13254,31200,2650800,66.27,348
real_metallica_20260510,2025-05-25,89,13343,17800,2668600,66.72,349
real_metallica_20260510,2025-05-24,121,13464,24200,2692800,67.32,350
real_metallica_20260510,2025-05-23,51,13515,10200,2703000,67.58,351
real_metallica_20260510,2025-05-22,75,13590,15000,2718000,67.95,352
real_metallica_20260510,2025-05-21,182,13772,36400,2754400,68.86,353
real_metallica_20260510,2025-05-20,66,13838,13200,2767600,69.19,354
real_metallica_20260510,2025-05-19,200,14038,40000,2807600,70.19,355
real_metallica_20260510,2025-05-18,129,14167,25800,2833400,70.84,356
real_metallica_20260510,2025-05-17,63,14230,12600,2846000,71.15,357
real_metallica_20260510,2025-05-16,77,14307,15400,2861400,71.54,358
real_metallica_20260510,2025-05-15,140,14447,28000,2889400,72.23,359
real_metallica_20260510,2025-05-14,239,14686,47800,2937200,73.43,360
real_metallica_20260510,2025-05-13,57,14743,11400,2948600,73.72,361
real_metallica_20260510,2025-05-12,123,14866,24600,2973200,74.33,362
real_metallica_20260510,2025-05-11,61,14927,12200,2985400,74.63,363
real_metallica_20260510,2025-05-10,43,14970,8600,2994000,74.85,364
real_metallica_20260510,2025-05-09,168,15138,33600,3027600,75.69,365
real_metallica_20260510,2025-05-08,13,15151,2600,3030200,75.75,366
real_metallica_20260510,2025-05-07,45,15196,9000,3039200,75.98,367
real_metallica_20260510,2025-05-06,29,15225,5800,3045000,76.12,368
real_metallica_20260510,2025-05-05,49,15274,9800,3054800,76.37,369
real_metallica_20260510,2025-05-04,28,15302,5600,3060400,76.51,370
real_metallica_20260510,2025-05-03,60,15362,12000,3072400,76.81,371
real_metallica_20260510,2025-05-02,15,15377,3000,3075400,76.89,372
real_metallica_20260510,2025-05-01,62,15439,12400,3087800,77.2,373
real_metallica_20260510,2025-04-30,21,15460,4200,3092000,77.3,374
real_metallica_20260510,2025-04-29,73,15533,14600,3106600,77.66,375
real_metallica_20260510,2025-04-28,8,15541,1600,3108200,77.7,376
real_metallica_20260510,2025-04-27,48,15589,9600,3117800,77.94,377
real_metallica_20260510,2025-04-26,48,15637,9600,3127400,78.19,378
real_metallica_20260510,2025-04-25,55,15692,11000,3138400,78.46,379
real_metallica_20260510,2025-04-24,28,15720,5600,3144000,78.6,380
real_metallica_20260510,2025-04-23,18,15738,3600,3147600,78.69,381
real_metallica_20260510,2025-04-22,5,15743,1000,3148600,78.72,382
real_metallica_20260510,2025-04-21,37,15780,7400,3156000,78.9,383
real_metallica_20260510,2025-04-20,14,15794,2800,3158800,78.97,384
real_metallica_20260510,2025-04-19,8,15802,1600,3160400,79.01,385
real_metallica_20260510,2025-04-18,48,15850,9600,3170000,79.25,386
real_metallica_20260510,2025-04-16,37,15887,7400,3177400,79.44,388
real_metallica_20260510,2025-04-15,54,15941,10800,3188200,79.7,389
real_metallica_20260510,2025-04-14,27,15968,5400,3193600,79.84,390
real_metallica_20260510,2025-04-13,23,15991,4600,3198200,79.95,391
real_metallica_20260510,2025-04-12,16,16007,3200,3201400,80.03,392
real_metallica_20260510,2025-04-11,38,16045,7600,3209000,80.23,393
real_metallica_20260510,2025-04-10,6,16051,1200,3210200,80.25,394
real_metallica_20260516,2025-10-23,137,137,27400,27400,0.69,204
real_metallica_20260516,2025-10-22,80,217,16000,43400,1.08,205
real_metallica_20260516,2025-10-21,37,254,7400,50800,1.27,206
real_metallica_20260516,2025-10-20,127,381,25400,76200,1.91,207
real_metallica_20260516,2025-10-19,37,418,7400,83600,2.09,208
real_metallica_20260516,2025-10-18,37,455,7400,91000,2.27,209
real_metallica_20260516,2025-10-17,205,660,41000,132000,3.3,210
real_metallica_20260516,2025-10-16,8,668,1600,133600,3.34,211
real_metallica_20260516,2025-10-15,79,747,15800,149400,3.74,212
real_metallica_20260516,2025-10-14,31,778,6200,155600,3.89,213
real_metallica_20260516,2025-10-13,122,900,24400,180000,4.5,214
real_metallica_20260516,2025-10-12,55,955,11000,191000,4.78,215
real_metallica_20260516,2025-10-11,96,1051,19200,210200,5.25,216
real_metallica_20260516,2025-10-10,42,1093,8400,218600,5.46,217
real_metallica_20260516,2025-10-09,91,1184,18200,236800,5.92,218
real_metallica_20260516,2025-10-08,93,1277,18600,255400,6.39,219
real_metallica_20260516,2025-10-07,57,1334,11400,266800,6.67,220
real_metallica_20260516,2025-10-06,13,1347,2600,269400,6.73,221
real_metallica_20260516,2025-10-05,198,1545,39600,309000,7.72,222
real_metallica_20260516,2025-10-04,62,1607,12400,321400,8.04,223
real_metallica_20260516,2025-10-03,76,1683,15200,336600,8.42,224
real_metallica_20260516,2025-10-02,81,1764,16200,352800,8.82,225
real_metallica_20260516,2025-10-01,200,1964,40000,392800,9.82,226
real_metallica_20260516,2025-09-30,121,2085,24200,417000,10.42,227
real_metallica_20260516,2025-09-29,200,2285,40000,457000,11.43,228
real_metallica_20260516,2025-09-28,135,2420,27000,484000,12.1,229
real_metallica_20260516,2025-09-27,72,2492,14400,498400,12.46,230
real_metallica_20260516,2025-09-26,49,2541,9800,508200,12.71,231
real_metallica_20260516,2025-09-25,140,2681,28000,536200,13.41,232
real_metallica_20260516,2025-09-24,33,2714,6600,542800,13.57,233
real_metallica_20260516,2025-09-23,13,2727,2600,545400,13.63,234
real_metallica_20260516,2025-09-22,181,2908,36200,581600,14.54,235
real_metallica_20260516,2025-09-21,41,2949,8200,589800,14.74,236
real_metallica_20260516,2025-09-20,113,3062,22600,612400,15.31,237
real_metallica_20260516,2025-09-19,74,3136,14800,627200,15.68,238
real_metallica_20260516,2025-09-18,53,3189,10600,637800,15.95,239
real_metallica_20260516,2025-09-17,95,3284,19000,656800,16.42,240
real_metallica_20260516,2025-09-16,83,3367,16600,673400,16.84,241
real_metallica_20260516,2025-09-15,73,3440,14600,688000,17.2,242
real_metallica_20260516,2025-09-14,100,3540,20000,708000,17.7,243
real_metallica_20260516,2025-09-13,75,3615,15000,723000,18.07,244
real_metallica_20260516,2025-09-12,109,3724,21800,744800,18.62,245
real_metallica_20260516,2025-09-11,43,3767,8600,753400,18.83,246
real_metallica_20260516,2025-09-10,24,3791,4800,758200,18.95,247
real_metallica_20260516,2025-09-09,121,3912,24200,782400,19.56,248
real_metallica_20260516,2025-09-08,6,3918,1200,783600,19.59,249
real_metallica_20260516,2025-09-07,65,3983,13000,796600,19.91,250
real_metallica_20260516,2025-09-06,151,4134,30200,826800,20.67,251
real_metallica_20260516,2025-09-05,38,4172,7600,834400,20.86,252
real_metallica_20260516,2025-09-04,103,4275,20600,855000,21.38,253
real_metallica_20260516,2025-09-03,30,4305,6000,861000,21.52,254
real_metallica_20260516,2025-09-02,125,4430,25000,886000,22.15,255
real_metallica_20260516,2025-09-01,44,4474,8800,894800,22.37,256
real_metallica_20260516,2025-08-31,96,4570,19200,914000,22.85,257
real_metallica_20260516,2025-08-30,203,4773,40600,954600,23.86,258
real_metallica_20260516,2025-08-29,22,4795,4400,959000,23.97,259
real_metallica_20260516,2025-08-28,209,5004,41800,1000800,25.02,260
real_metallica_20260516,2025-08-27,70,5074,14000,1014800,25.37,261
real_metallica_20260516,2025-08-26,113,5187,22600,1037400,25.94,262
real_metallica_20260516,2025-08-25,30,5217,6000,1043400,26.09,263
real_metallica_20260516,2025-08-24,15,5232,3000,1046400,26.16,264
real_metallica_20260516,2025-08-23,130,5362,26000,1072400,26.81,265
real_metallica_20260516,2025-08-22,75,5437,15000,1087400,27.18,266
real_metallica_20260516,2025-08-21,146,5583,29200,1116600,27.91,267
real_metallica_20260516,2025-08-20,24,5607,4800,1121400,28.04,268
real_metallica_20260516,2025-08-19,46,5653,9200,1130600,28.27,269
real_metallica_20260516,2025-08-18,111,5764,22200,1152800,28.82,270
real_metallica_20260516,2025-08-17,32,5796,6400,1159200,28.98,271
real_metallica_20260516,2025-08-16,8,5804,1600,1160800,29.02,272
real_metallica_20260516,2025-08-15,203,6007,40600,1201400,30.04,273
real_metallica_20260516,2025-08-14,103,6110,20600,1222000,30.55,274
real_metallica_20260516,2025-08-13,5,6115,1000,1223000,30.58,275
real_metallica_20260516,2025-08-12,137,6252,27400,1250400,31.26,276
real_metallica_20260516,2025-08-11,135,6387,27000,1277400,31.94,277
real_metallica_20260516,2025-08-10,132,6519,26400,1303800,32.59,278
real_metallica_20260516,2025-08-09,137,6656,27400,1331200,33.28,279
real_metallica_20260516,2025-08-08,202,6858,40400,1371600,34.29,280
real_metallica_20260516,2025-08-07,192,7050,38400,1410000,35.25,281
real_metallica_20260516,2025-08-06,168,7218,33600,1443600,36.09,282
real_metallica_20260516,2025-08-05,46,7264,9200,1452800,36.32,283
real_metallica_20260516,2025-08-04,177,7441,35400,1488200,37.2,284
real_metallica_20260516,2025-08-03,71,7512,14200,1502400,37.56,285
real_metallica_20260516,2025-08-02,80,7592,16000,1518400,37.96,286
real_metallica_20260516,2025-08-01,16,7608,3200,1521600,38.04,287
real_metallica_20260516,2025-07-31,167,7775,33400,1555000,38.88,288
real_metallica_20260516,2025-07-30,71,7846,14200,1569200,39.23,289
real_metallica_20260516,2025-07-29,8,7854,1600,1570800,39.27,290
real_metallica_20260516,2025-07-28,15,7869,3000,1573800,39.34,291
real_metallica_20260516,2025-07-27,93,7962,18600,1592400,39.81,292
real_metallica_20260516,2025-07-26,43,8005,8600,1601000,40.02,293
real_metallica_20260516,2025-07-24,11,8016,2200,1603200,40.08,295
real_metallica_20260516,2025-07-23,132,8148,26400,1629600,40.74,296
real_metallica_20260516,2025-07-22,75,8223,15000,1644600,41.12,297
real_metallica_20260516,2025-07-21,113,8336,22600,1667200,41.68,298
real_metallica_20260516,2025-07-20,62,8398,12400,1679600,41.99,299
real_metallica_20260516,2025-07-19,133,8531,26600,1706200,42.66,300
real_metallica_20260516,2025-07-18,90,8621,18000,1724200,43.1,301
real_metallica_20260516,2025-07-17,130,8751,26000,1750200,43.76,302
real_metallica_20260516,2025-07-16,12,8763,2400,1752600,43.81,303
real_metallica_20260516,2025-07-15,11,8774,2200,1754800,43.87,304
real_metallica_20260516,2025-07-14,48,8822,9600,1764400,44.11,305
real_metallica_20260516,2025-07-13,109,8931,21800,1786200,44.66,306
real_metallica_20260516,2025-07-12,34,8965,6800,1793000,44.82,307
real_metallica_20260516,2025-07-11,55,9020,11000,1804000,45.1,308
real_metallica_20260516,2025-07-10,71,9091,14200,1818200,45.45,309
real_metallica_20260516,2025-07-09,79,9170,15800,1834000,45.85,310
real_metallica_20260516,2025-07-08,140,9310,28000,1862000,46.55,311
real_metallica_20260516,2025-07-07,97,9407,19400,1881400,47.03,312
real_metallica_20260516,2025-07-06,41,9448,8200,1889600,47.24,313
real_metallica_20260516,2025-07-05,21,9469,4200,1893800,47.34,314
real_metallica_20260516,2025-07-04,173,9642,34600,1928400,48.21,315
real_metallica_20260516,2025-07-03,36,9678,7200,1935600,48.39,316
real_metallica_20260516,2025-07-02,18,9696,3600,1939200,48.48,317
real_metallica_20260516,2025-07-01,68,9764,13600,1952800,48.82,318
real_metallica_20260516,2025-06-30,98,9862,19600,1972400,49.31,319
real_metallica_20260516,2025-06-29,144,10006,28800,2001200,50.03,320
real_metallica_20260516,2025-06-28,130,10136,26000,2027200,50.68,321
real_metallica_20260516,2025-06-27,107,10243,21400,2048600,51.21,322
real_metallica_20260516,2025-06-26,80,10323,16000,2064600,51.62,323
real_metallica_20260516,2025-06-25,222,10545,44400,2109000,52.73,324
real_metallica_20260516,2025-06-24,63,10608,12600,2121600,53.04,325
real_metallica_20260516,2025-06-23,15,10623,3000,2124600,53.12,326
real_metallica_20260516,2025-06-22,175,10798,35000,2159600,53.99,327
real_metallica_20260516,2025-06-21,16,10814,3200,2162800,54.07,328
real_metallica_20260516,2025-06-20,22,10836,4400,2167200,54.18,329
real_metallica_20260516,2025-06-19,85,10921,17000,2184200,54.61,330
real_metallica_20260516,2025-06-18,37,10958,7400,2191600,54.79,331
real_metallica_20260516,2025-06-17,57,11015,11400,2203000,55.07,332
real_metallica_20260516,2025-06-16,25,11040,5000,2208000,55.2,333
real_metallica_20260516,2025-06-15,56,11096,11200,2219200,55.48,334
real_metallica_20260516,2025-06-14,26,11122,5200,2224400,55.61,335
real_metallica_20260516,2025-06-13,31,11153,6200,2230600,55.77,336
real_metallica_20260516,2025-06-12,93,11246,18600,2249200,56.23,337
real_metallica_20260516,2025-06-11,150,11396,30000,2279200,56.98,338
real_metallica_20260516,2025-06-10,125,11521,25000,2304200,57.6,339
real_metallica_20260516,2025-06-09,44,11565,8800,2313000,57.83,340
real_metallica_20260516,2025-06-08,72,11637,14400,2327400,58.18,341
real_metallica_20260516,2025-06-07,155,11792,31000,2358400,58.96,342
real_metallica_20260516,2025-06-06,6,11798,1200,2359600,58.99,343
real_metallica_20260516,2025-06-05,96,11894,19200,2378800,59.47,344
real_metallica_20260516,2025-06-04,88,11982,17600,2396400,59.91,345
real_metallica_20260516,2025-06-03,173,12155,34600,2431000,60.77,346
real_metallica_20260516,2025-06-02,136,12291,27200,2458200,61.46,347
real_metallica_20260516,2025-06-01,103,12394,20600,2478800,61.97,348
real_metallica_20260516,2025-05-31,32,12426,6400,2485200,62.13,349
real_metallica_20260516,2025-05-30,131,12557,26200,2511400,62.79,350
real_metallica_20260516,2025-05-29,168,12725,33600,2545000,63.62,351
real_metallica_20260516,2025-05-28,48,12773,9600,2554600,63.87,352
real_metallica_20260516,2025-05-27,68,12841,13600,2568200,64.2,353
real_metallica_20260516,2025-05-26,92,12933,18400,2586600,64.66,354
real_metallica_20260516,2025-05-25,94,13027,18800,2605400,65.14,355
real_metallica_20260516,2025-05-24,63,13090,12600,2618000,65.45,356
real_metallica_20260516,2025-05-23,107,13197,21400,2639400,65.98,357
real_metallica_20260516,2025-05-22,46,13243,9200,2648600,66.22,358
real_metallica_20260516,2025-05-21,90,13333,18000,2666600,66.66,359
real_metallica_20260516,2025-05-20,128,13461,25600,2692200,67.31,360
real_metallica_20260516,2025-05-19,109,13570,21800,2714000,67.85,361
real_metallica_20260516,2025-05-18,58,13628,11600,2725600,68.14,362
real_metallica_20260516,2025-05-17,22,13650,4400,2730000,68.25,363
real_metallica_20260516,2025-05-16,104,13754,20800,2750800,68.77,364
real_metallica_20260516,2025-05-15,216,13970,43200,2794000,69.85,365
real_metallica_20260516,2025-05-14,5,13975,1000,2795000,69.88,366
real_metallica_20260516,2025-05-13,15,13990,3000,2798000,69.95,367
real_metallica_20260516,2025-05-12,21,14011,4200,2802200,70.06,368
real_metallica_20260516,2025-05-11,5,14016,1000,2803200,70.08,369
real_metallica_20260516,2025-05-10,70,14086,14000,2817200,70.43,370
real_metallica_20260516,2025-05-09,1,14087,200,2817400,70.44,371
real_metallica_20260516,2025-05-08,54,14141,10800,2828200,70.7,372
real_metallica_20260516,2025-05-07,17,14158,3400,2831600,70.79,373
real_metallica_20260516,2025-05-06,32,14190,6400,2838000,70.95,374
real_metallica_20260516,2025-05-05,68,14258,13600,2851600,71.29,375
real_metallica_20260516,2025-05-04,51,14309,10200,2861800,71.55,376
real_metallica_20260516,2025-05-03,6,14315,1200,2863000,71.58,377
real_metallica_20260516,2025-05-01,68,14383,13600,2876600,71.91,379
real_metallica_20260516,2025-04-30,31,14414,6200,2882800,72.07,380
real_metallica_20260516,2025-04-29,84,14498,16800,2899600,72.49,381
real_metallica_20260516,2025-04-28,67,14565,13400,2913000,72.82,382
real_metallica_20260516,2025-04-27,5,14570,1000,2914000,72.85,383
real_metallica_20260516,2025-04-26,21,14591,4200,2918200,72.95,384
real_metallica_20260516,2025-04-25,67,14658,13400,2931600,73.29,385
real_metallica_20260516,2025-04-24,22,14680,4400,2936000,73.4,386
real_metallica_20260516,2025-04-23,8,14688,1600,2937600,73.44,387
real_metallica_20260516,2025-04-22,3,14691,600,2938200,73.45,388
real_metallica_20260516,2025-04-21,24,14715,4800,2943000,73.58,389
real_metallica_20260516,2025-04-20,7,14722,1400,2944400,73.61,390
real_metallica_20260516,2025-04-19,43,14765,8600,2953000,73.83,391
real_metallica_20260516,2025-04-18,34,14799,6800,2959800,74.0,392
real_metallica_20260516,2025-04-17,15,14814,3000,2962800,74.07,393
real_metallica_20260516,2025-04-16,30,14844,6000,2968800,74.22,394
real_metallica_20260516,2025-04-15,13,14857,2600,2971400,74.28,395
real_metallica_20260516,2025-04-14,20,14877,4000,2975400,74.39,396
real_metallica_20260516,2025-04-13,13,14890,2600,2978000,74.45,397
real_metallica_20260516,2025-04-12,65,14955,13000,2991000,74.78,398
real_metallica_20260516,2025-04-11,4,14959,800,2991800,74.8,399
real_metallica_20260516,2025-04-10,79,15038,15800,3007600,75.19,400
real_metallica_20260516,2025-04-09,7,15045,1400,3009000,75.22,401
real_metallica_20260516,2025-04-08,39,15084,7800,3016800,75.42,402
real_metallica_20260516,2025-04-07,19,15103,3800,3020600,75.52,403
real_metallica_20260516,2025-04-05,46,15149,9200,3029800,75.74,405
real_metallica_20260516,2025-04-04,22,15171,4400,3034200,75.85,406
real_metallica_20260517,2025-10-23,55,55,11000,11000,0.27,205
real_metallica_20260517,2025-10-22,21,76,4200,15200,0.38,206
real_metallica_20260517,2025-10-21,39,115,7800,23000,0.57,207
real_metallica_20260517,2025-10-20,124,239,24800,47800,1.2,208
real_metallica_20260517,2025-10-19,84,323,16800,64600,1.62,209
real_metallica_20260517,2025-10-18,120,443,24000,88600,2.21,210
real_metallica_20260517,2025-10-17,76,519,15200,103800,2.6,211
real_metallica_20260517,2025-10-16,46,565,9200,113000,2.83,212
real_metallica_20260517,2025-10-15,68,633,13600,126600,3.16,213
real_metallica_20260517,2025-10-14,56,689,11200,137800,3.45,214
real_metallica_20260517,2025-10-13,112,801,22400,160200,4.0,215
real_metallica_20260517,2025-10-12,45,846,9000,169200,4.23,216
real_metallica_20260517,2025-10-11,1,847,200,169400,4.23,217
real_metallica_20260517,2025-10-10,50,897,10000,179400,4.49,218
real_metallica_20260517,2025-10-09,36,933,7200,186600,4.67,219
real_metallica_20260517,2025-10-08,50,983,10000,196600,4.92,220
real_metallica_20260517,2025-10-07,84,1067,16800,213400,5.33,221
real_metallica_20260517,2025-10-06,41,1108,8200,221600,5.54,222
real_metallica_20260517,2025-10-05,122,1230,24400,246000,6.15,223
real_metallica_20260517,2025-10-04,251,1481,50200,296200,7.41,224
real_metallica_20260517,2025-10-03,107,1588,21400,317600,7.94,225
real_metallica_20260517,2025-10-02,126,1714,25200,342800,8.57,226
real_metallica_20260517,2025-10-01,182,1896,36400,379200,9.48,227
real_metallica_20260517,2025-09-30,96,1992,19200,398400,9.96,228
real_metallica_20260517,2025-09-29,102,2094,20400,418800,10.47,229
real_metallica_20260517,2025-09-28,99,2193,19800,438600,10.96,230
real_metallica_20260517,2025-09-27,13,2206,2600,441200,11.03,231
real_metallica_20260517,2025-09-26,32,2238,6400,447600,11.19,232
real_metallica_20260517,2025-09-25,64,2302,12800,460400,11.51,233
real_metallica_20260517,2025-09-24,87,2389,17400,477800,11.95,234
real_metallica_20260517,2025-09-23,87,2476,17400,495200,12.38,235
real_metallica_20260517,2025-09-22,152,2628,30400,525600,13.14,236
real_metallica_20260517,2025-09-21,111,2739,22200,547800,13.69,237
real_metallica_20260517,2025-09-20,72,2811,14400,562200,14.06,238
real_metallica_20260517,2025-09-19,109,2920,21800,584000,14.6,239
real_metallica_20260517,2025-09-18,39,2959,7800,591800,14.79,240
real_metallica_20260517,2025-09-17,47,3006,9400,601200,15.03,241
real_metallica_20260517,2025-09-16,29,3035,5800,607000,15.17,242
real_metallica_20260517,2025-09-15,179,3214,35800,642800,16.07,243
real_metallica_20260517,2025-09-14,109,3323,21800,664600,16.61,244
real_metallica_20260517,2025-09-13,90,3413,18000,682600,17.07,245
real_metallica_20260517,2025-09-12,26,3439,5200,687800,17.2,246
real_metallica_20260517,2025-09-11,128,3567,25600,713400,17.84,247
real_metallica_20260517,2025-09-10,48,3615,9600,723000,18.07,248
real_metallica_20260517,2025-09-09,76,3691,15200,738200,18.45,249
real_metallica_20260517,2025-09-08,16,3707,3200,741400,18.54,250
real_metallica_20260517,2025-09-07,70,3777,14000,755400,18.88,251
real_metallica_20260517,2025-09-06,74,3851,14800,770200,19.25,252
real_metallica_20260517,2025-09-05,157,4008,31400,801600,20.04,253
real_metallica_20260517,2025-09-04,110,4118,22000,823600,20.59,254
real_metallica_20260517,2025-09-03,52,4170,10400,834000,20.85,255
real_metallica_20260517,2025-09-02,162,4332,32400,866400,21.66,256
real_metallica_20260517,2025-09-01,113,4445,22600,889000,22.23,257
real_metallica_20260517,2025-08-31,122,4567,24400,913400,22.84,258
real_metallica_20260517,2025-08-30,54,4621,10800,924200,23.11,259
real_metallica_20260517,2025-08-29,77,4698,15400,939600,23.49,260
real_metallica_20260517,2025-08-28,46,4744,9200,948800,23.72,261
real_metallica_20260517,2025-08-27,89,4833,17800,966600,24.16,262
real_metallica_20260517,2025-08-26,63,4896,12600,979200,24.48,263
real_metallica_20260517,2025-08-25,12,4908,2400,981600,24.54,264
real_metallica_20260517,2025-08-23,95,5003,19000,1000600,25.01,266
real_metallica_20260517,2025-08-22,73,5076,14600,1015200,25.38,267
real_metallica_20260517,2025-08-21,155,5231,31000,1046200,26.16,268
real_metallica_20260517,2025-08-20,23,5254,4600,1050800,26.27,269
real_metallica_20260517,2025-08-19,125,5379,25000,1075800,26.9,270
real_metallica_20260517,2025-08-18,77,5456,15400,1091200,27.28,271
real_metallica_20260517,2025-08-17,85,5541,17000,1108200,27.71,272
real_metallica_20260517,2025-08-16,70,5611,14000,1122200,28.06,273
real_metallica_20260517,2025-08-15,33,5644,6600,1128800,28.22,274
real_metallica_20260517,2025-08-14,92,5736,18400,1147200,28.68,275
real_metallica_20260517,2025-08-13,150,5886,30000,1177200,29.43,276
real_metallica_20260517,2025-08-12,95,5981,19000,1196200,29.9,277
real_metallica_20260517,2025-08-11,70,6051,14000,1210200,30.25,278
real_metallica_20260517,2025-08-10,49,6100,9800,1220000,30.5,279
real_metallica_20260517,2025-08-09,13,6113,2600,1222600,30.56,280
real_metallica_20260517,2025-08-08,95,6208,19000,1241600,31.04,281
real_metallica_20260517,2025-08-07,10,6218,2000,1243600,31.09,282
real_metallica_20260517,2025-08-06,167,6385,33400,1277000,31.92,283
real_metallica_20260517,2025-08-05,49,6434,9800,1286800,32.17,284
real_metallica_20260517,2025-08-04,25,6459,5000,1291800,32.3,285
real_metallica_20260517,2025-08-03,69,6528,13800,1305600,32.64,286
real_metallica_20260517,2025-08-02,77,6605,15400,1321000,33.02,287
real_metallica_20260517,2025-08-01,194,6799,38800,1359800,33.99,288
real_metallica_20260517,2025-07-31,92,6891,18400,1378200,34.46,289
real_metallica_20260517,2025-07-30,16,6907,3200,1381400,34.53,290
real_metallica_20260517,2025-07-29,70,6977,14000,1395400,34.88,291
real_metallica_20260517,2025-07-28,194,7171,38800,1434200,35.85,292
real_metallica_20260517,2025-07-27,232,7403,46400,1480600,37.02,293
real_metallica_20260517,2025-07-26,88,7491,17600,1498200,37.45,294
real_metallica_20260517,2025-07-25,114,7605,22800,1521000,38.02,295
real_metallica_20260517,2025-07-24,30,7635,6000,1527000,38.17,296
real_metallica_20260517,2025-07-23,17,7652,3400,1530400,38.26,297
real_metallica_20260517,2025-07-22,134,7786,26800,1557200,38.93,298
real_metallica_20260517,2025-07-21,128,7914,25600,1582800,39.57,299
real_metallica_20260517,2025-07-20,42,7956,8400,1591200,39.78,300
real_metallica_20260517,2025-07-19,178,8134,35600,1626800,40.67,301
real_metallica_20260517,2025-07-18,74,8208,14800,1641600,41.04,302
real_metallica_20260517,2025-07-17,72,8280,14400,1656000,41.4,303
real_metallica_20260517,2025-07-16,88,8368,17600,1673600,41.84,304
real_metallica_20260517,2025-07-15,104,8472,20800,1694400,42.36,305
real_metallica_20260517,2025-07-14,136,8608,27200,1721600,43.04,306
real_metallica_20260517,2025-07-13,19,8627,3800,1725400,43.13,307
real_metallica_20260517,2025-07-12,96,8723,19200,1744600,43.61,308
real_metallica_20260517,2025-07-11,143,8866,28600,1773200,44.33,309
real_metallica_20260517,2025-07-10,102,8968,20400,1793600,44.84,310
real_metallica_20260517,2025-07-09,52,9020,10400,1804000,45.1,311
real_metallica_20260517,2025-07-08,20,9040,4000,1808000,45.2,312
real_metallica_20260517,2025-07-07,151,9191,30200,1838200,45.95,313
real_metallica_20260517,2025-07-06,202,9393,40400,1878600,46.97,314
real_metallica_20260517,2025-07-05,128,9521,25600,1904200,47.6,315
real_metallica_20260517,2025-07-04,134,9655,26800,1931000,48.27,316
real_metallica_20260517,2025-07-03,56,9711,11200,1942200,48.55,317
real_metallica_20260517,2025-07-02,68,9779,13600,1955800,48.89,318
real_metallica_20260517,2025-07-01,43,9822,8600,1964400,49.11,319
real_metallica_20260517,2025-06-30,68,9890,13600,1978000,49.45,320
real_metallica_20260517,2025-06-29,10,9900,2000,1980000,49.5,321
real_metallica_20260517,2025-06-28,71,9971,14200,1994200,49.85,322
real_metallica_20260517,2025-06-27,69,10040,13800,2008000,50.2,323
real_metallica_20260517,2025-06-26,13,10053,2600,2010600,50.27,324
real_metallica_20260517,2025-06-25,63,10116,12600,2023200,50.58,325
real_metallica_20260517,2025-06-24,107,10223,21400,2044600,51.12,326
real_metallica_20260517,2025-06-22,161,10384,32200,2076800,51.92,328
real_metallica_20260517,2025-06-21,94,10478,18800,2095600,52.39,329
real_metallica_20260517,2025-06-20,140,10618,28000,2123600,53.09,330
real_metallica_20260517,2025-06-19,34,10652,6800,2130400,53.26,331
real_metallica_20260517,2025-06-18,156,10808,31200,2161600,54.04,332
real_metallica_20260517,2025-06-17,14,10822,2800,2164400,54.11,333
real_metallica_20260517,2025-06-16,2,10824,400,2164800,54.12,334
real_metallica_20260517,2025-06-15,56,10880,11200,2176000,54.4,335
real_metallica_20260517,2025-06-14,71,10951,14200,2190200,54.75,336
real_metallica_20260517,2025-06-13,2,10953,400,2190600,54.77,337
real_metallica_20260517,2025-06-12,149,11102,29800,2220400,55.51,338
real_metallica_20260517,2025-06-11,95,11197,19000,2239400,55.98,339
real_metallica_20260517,2025-06-10,167,11364,33400,2272800,56.82,340
real_metallica_20260517,2025-06-09,52,11416,10400,2283200,57.08,341
real_metallica_20260517,2025-06-08,56,11472,11200,2294400,57.36,342
real_metallica_20260517,2025-06-07,52,11524,10400,2304800,57.62,343
real_metallica_20260517,2025-06-06,101,11625,20200,2325000,58.13,344
real_metallica_20260517,2025-06-05,29,11654,5800,2330800,58.27,345
real_metallica_20260517,2025-06-04,111,11765,22200,2353000,58.83,346
real_metallica_20260517,2025-06-03,122,11887,24400,2377400,59.44,347
real_metallica_20260517,2025-06-02,23,11910,4600,2382000,59.55,348
real_metallica_20260517,2025-06-01,45,11955,9000,2391000,59.77,349
real_metallica_20260517,2025-05-31,62,12017,12400,2403400,60.09,350
real_metallica_20260517,2025-05-30,46,12063,9200,2412600,60.31,351
real_metallica_20260517,2025-05-29,5,12068,1000,2413600,60.34,352
real_metallica_20260517,2025-05-28,45,12113,9000,2422600,60.57,353
real_metallica_20260517,2025-05-27,175,12288,35000,2457600,61.44,354
real_metallica_20260517,2025-05-26,17,12305,3400,2461000,61.52,355
real_metallica_20260517,2025-05-25,54,12359,10800,2471800,61.8,356
real_metallica_20260517,2025-05-24,103,12462,20600,2492400,62.31,357
real_metallica_20260517,2025-05-23,67,12529,13400,2505800,62.64,358
real_metallica_20260517,2025-05-22,96,12625,19200,2525000,63.12,359
real_metallica_20260517,2025-05-21,154,12779,30800,2555800,63.9,360
real_metallica_20260517,2025-05-20,49,12828,9800,2565600,64.14,361
real_metallica_20260517,2025-05-19,1,12829,200,2565800,64.14,362
real_metallica_20260517,2025-05-18,164,12993,32800,2598600,64.96,363
real_metallica_20260517,2025-05-17,33,13026,6600,2605200,65.13,364
real_metallica_20260517,2025-05-16,21,13047,4200,2609400,65.23,365
real_metallica_20260517,2025-05-15,40,13087,8000,2617400,65.44,366
real_metallica_20260517,2025-05-14,1,13088,200,2617600,65.44,367
real_metallica_20260517,2025-05-13,13,13101,2600,2620200,65.5,368
real_metallica_20260517,2025-05-12,52,13153,10400,2630600,65.77,369
real_metallica_20260517,2025-05-11,45,13198,9000,2639600,65.99,370
real_metallica_20260517,2025-05-10,8,13206,1600,2641200,66.03,371
real_metallica_20260517,2025-05-09,36,13242,7200,2648400,66.21,372
real_metallica_20260517,2025-05-08,20,13262,4000,2652400,66.31,373
real_metallica_20260517,2025-05-07,30,13292,6000,2658400,66.46,374
real_metallica_20260517,2025-05-06,3,13295,600,2659000,66.47,375
real_metallica_20260517,2025-05-05,17,13312,3400,2662400,66.56,376
real_metallica_20260517,2025-05-04,15,13327,3000,2665400,66.64,377
real_metallica_20260517,2025-05-03,1,13328,200,2665600,66.64,378
real_metallica_20260517,2025-05-02,18,13346,3600,2669200,66.73,379
real_metallica_20260517,2025-05-01,26,13372,5200,2674400,66.86,380
real_metallica_20260517,2025-04-30,14,13386,2800,2677200,66.93,381
real_metallica_20260517,2025-04-29,13,13399,2600,2679800,67.0,382
real_metallica_20260517,2025-04-28,22,13421,4400,2684200,67.11,383
real_metallica_20260517,2025-04-27,28,13449,5600,2689800,67.25,384
real_metallica_20260517,2025-04-26,49,13498,9800,2699600,67.49,385
real_metallica_20260517,2025-04-25,14,13512,2800,2702400,67.56,386
real_metallica_20260517,2025-04-24,7,13519,1400,2703800,67.59,387
real_metallica_20260517,2025-04-23,18,13537,3600,2707400,67.69,388
real_metallica_20260517,2025-04-22,39,13576,7800,2715200,67.88,389
real_metallica_20260517,2025-04-21,23,13599,4600,2719800,68.0,390
real_metallica_20260517,2025-04-20,10,13609,2000,2721800,68.05,391
real_metallica_20260517,2025-04-19,77,13686,15400,2737200,68.43,392
real_metallica_20260517,2025-04-18,27,13713,5400,2742600,68.56,393
real_metallica_20260517,2025-04-17,38,13751,7600,2750200,68.75,394
real_metallica_20260517,2025-04-16,27,13778,5400,2755600,68.89,395
real_metallica_20260517,2025-04-15,19,13797,3800,2759400,68.98,396
real_metallica_20260517,2025-04-14,36,13833,7200,2766600,69.16,397
real_metallica_20260517,2025-04-13,6,13839,1200,2767800,69.19,398
real_metallica_20260517,2025-04-12,31,13870,6200,2774000,69.35,399
real_metallica_20260517,2025-04-11,33,13903,6600,2780600,69.52,400
real_metallica_20260517,2025-04-10,9,13912,1800,2782400,69.56,401
real_metallica_20260517,2025-04-09,19,13931,3800,2786200,69.66,402
real_metallica_20260517,2025-04-08,18,13949,3600,2789800,69.75,403
real_metallica_20260517,2025-04-07,24,13973,4800,2794600,69.86,404
real_metallica_20260517,2025-04-06,50,14023,10000,2804600,70.12,405
real_metallica_20260517,2025-04-05,61,14084,12200,2816800,70.42,406
real_metallica_20260517,2025-04-04,14,14098,2800,2819600,70.49,407
real_metallica_20260517,2025-04-03,61,14159,12200,2831800,70.8,408
real_metallica_20260523,2025-10-23,37,37,7400,7400,0.18,211
real_metallica_20260523,2025-10-22,16,53,3200,10600,0.27,212
real_metallica_20260523,2025-10-21,49,102,9800,20400,0.51,213
real_metallica_20260523,2025-10-20,126,228,25200,45600,1.14,214
real_metallica_20260523,2025-10-19,105,333,21000,66600,1.67,215
real_metallica_20260523,2025-10-18,162,495,32400,99000,2.48,216
real_metallica_20260523,2025-10-17,62,557,12400,111400,2.79,217
real_metallica_20260523,2025-10-16,140,697,28000,139400,3.48,218
real_metallica_20260523,2025-10-15,136,833,27200,166600,4.17,219
real_metallica_20260523,2025-10-14,137,970,27400,194000,4.85,220
real_metallica_20260523,2025-10-13,98,1068,19600,213600,5.34,221
real_metallica_20260523,2025-10-12,91,1159,18200,231800,5.79,222
real_metallica_20260523,2025-10-11,147,1306,29400,261200,6.53,223
real_metallica_20260523,2025-10-10,207,1513,41400,302600,7.56,224
real_metallica_20260523,2025-10-09,179,1692,35800,338400,8.46,225
real_metallica_20260523,2025-10-08,46,1738,9200,347600,8.69,226
real_metallica_20260523,2025-10-07,2,1740,400,348000,8.7,227
real_metallica_20260523,2025-10-06,121,1861,24200,372200,9.3,228
real_metallica_20260523,2025-10-05,235,2096,47000,419200,10.48,229
real_metallica_20260523,2025-10-04,44,2140,8800,428000,10.7,230
real_metallica_20260523,2025-10-03,35,2175,7000,435000,10.88,231
real_metallica_20260523,2025-10-02,36,2211,7200,442200,11.05,232
real_metallica_20260523,2025-10-01,141,2352,28200,470400,11.76,233
real_metallica_20260523,2025-09-30,233,2585,46600,517000,12.93,234
real_metallica_20260523,2025-09-29,53,2638,10600,527600,13.19,235
real_metallica_20260523,2025-09-28,14,2652,2800,530400,13.26,236
real_metallica_20260523,2025-09-27,30,2682,6000,536400,13.41,237
real_metallica_20260523,2025-09-26,180,2862,36000,572400,14.31,238
real_metallica_20260523,2025-09-25,93,2955,18600,591000,14.77,239
real_metallica_20260523,2025-09-24,54,3009,10800,601800,15.04,240
real_metallica_20260523,2025-09-23,27,3036,5400,607200,15.18,241
real_metallica_20260523,2025-09-22,18,3054,3600,610800,15.27,242
real_metallica_20260523,2025-09-21,152,3206,30400,641200,16.03,243
real_metallica_20260523,2025-09-20,7,3213,1400,642600,16.06,244
real_metallica_20260523,2025-09-19,18,3231,3600,646200,16.16,245
real_metallica_20260523,2025-09-18,9,3240,1800,648000,16.2,246
real_metallica_20260523,2025-09-17,53,3293,10600,658600,16.46,247
real_metallica_20260523,2025-09-16,23,3316,4600,663200,16.58,248
real_metallica_20260523,2025-09-15,35,3351,7000,670200,16.75,249
real_metallica_20260523,2025-09-14,178,3529,35600,705800,17.64,250
real_metallica_20260523,2025-09-13,120,3649,24000,729800,18.25,251
real_metallica_20260523,2025-09-12,86,3735,17200,747000,18.68,252
real_metallica_20260523,2025-09-11,3,3738,600,747600,18.69,253
real_metallica_20260523,2025-09-10,39,3777,7800,755400,18.88,254
real_metallica_20260523,2025-09-09,82,3859,16400,771800,19.3,255
real_metallica_20260523,2025-09-08,22,3881,4400,776200,19.41,256
real_metallica_20260523,2025-09-07,2,3883,400,776600,19.41,257
real_metallica_20260523,2025-09-06,108,3991,21600,798200,19.96,258
real_metallica_20260523,2025-09-05,116,4107,23200,821400,20.54,259
real_metallica_20260523,2025-09-04,66,4173,13200,834600,20.87,260
real_metallica_20260523,2025-09-03,128,4301,25600,860200,21.5,261
real_metallica_20260523,2025-09-02,58,4359,11600,871800,21.8,262
real_metallica_20260523,2025-09-01,40,4399,8000,879800,22.0,263
real_metallica_20260523,2025-08-31,23,4422,4600,884400,22.11,264
real_metallica_20260523,2025-08-30,32,4454,6400,890800,22.27,265
real_metallica_20260523,2025-08-29,102,4556,20400,911200,22.78,266
real_metallica_20260523,2025-08-28,56,4612,11200,922400,23.06,267
real_metallica_20260523,2025-08-27,143,4755,28600,951000,23.77,268
real_metallica_20260523,2025-08-26,19,4774,3800,954800,23.87,269
real_metallica_20260523,2025-08-25,119,4893,23800,978600,24.46,270
real_metallica_20260523,2025-08-24,167,5060,33400,1012000,25.3,271
real_metallica_20260523,2025-08-23,97,5157,19400,1031400,25.79,272
real_metallica_20260523,2025-08-22,102,5259,20400,1051800,26.3,273
real_metallica_20260523,2025-08-21,108,5367,21600,1073400,26.83,274
real_metallica_20260523,2025-08-20,13,5380,2600,1076000,26.9,275
real_metallica_20260523,2025-08-19,46,5426,9200,1085200,27.13,276
real_metallica_20260523,2025-08-18,85,5511,17000,1102200,27.56,277
real_metallica_20260523,2025-08-17,36,5547,7200,1109400,27.73,278
real_metallica_20260523,2025-08-16,13,5560,2600,1112000,27.8,279
real_metallica_20260523,2025-08-15,76,5636,15200,1127200,28.18,280
real_metallica_20260523,2025-08-14,39,5675,7800,1135000,28.38,281
real_metallica_20260523,2025-08-13,25,5700,5000,1140000,28.5,282
real_metallica_20260523,2025-08-12,8,5708,1600,1141600,28.54,283
real_metallica_20260523,2025-08-11,21,5729,4200,1145800,28.64,284
real_metallica_20260523,2025-08-10,22,5751,4400,1150200,28.75,285
real_metallica_20260523,2025-08-09,123,5874,24600,1174800,29.37,286
real_metallica_20260523,2025-08-08,40,5914,8000,1182800,29.57,287
real_metallica_20260523,2025-08-07,39,5953,7800,1190600,29.77,288
real_metallica_20260523,2025-08-06,45,5998,9000,1199600,29.99,289
real_metallica_20260523,2025-08-05,101,6099,20200,1219800,30.5,290
real_metallica_20260523,2025-08-04,80,6179,16000,1235800,30.89,291
real_metallica_20260523,2025-08-03,185,6364,37000,1272800,31.82,292
real_metallica_20260523,2025-08-02,33,6397,6600,1279400,31.99,293
real_metallica_20260523,2025-08-01,24,6421,4800,1284200,32.1,294
real_metallica_20260523,2025-07-31,128,6549,25600,1309800,32.75,295
real_metallica_20260523,2025-07-30,103,6652,20600,1330400,33.26,296
real_metallica_20260523,2025-07-29,6,6658,1200,1331600,33.29,297
real_metallica_20260523,2025-07-28,97,6755,19400,1351000,33.77,298
real_metallica_20260523,2025-07-27,9,6764,1800,1352800,33.82,299
real_metallica_20260523,2025-07-26,38,6802,7600,1360400,34.01,300
real_metallica_20260523,2025-07-25,20,6822,4000,1364400,34.11,301
real_metallica_20260523,2025-07-24,23,6845,4600,1369000,34.23,302
real_metallica_20260523,2025-07-23,59,6904,11800,1380800,34.52,303
real_metallica_20260523,2025-07-22,206,7110,41200,1422000,35.55,304
real_metallica_20260523,2025-07-21,36,7146,7200,1429200,35.73,305
real_metallica_20260523,2025-07-20,41,7187,8200,1437400,35.94,306
real_metallica_20260523,2025-07-19,256,7443,51200,1488600,37.21,307
real_metallica_20260523,2025-07-18,155,7598,31000,1519600,37.99,308
real_metallica_20260523,2025-07-17,196,7794,39200,1558800,38.97,309
real_metallica_20260523,2025-07-16,33,7827,6600,1565400,39.13,310
real_metallica_20260523,2025-07-15,92,7919,18400,1583800,39.59,311
real_metallica_20260523,2025-07-14,110,8029,22000,1605800,40.14,312
real_metallica_20260523,2025-07-13,91,8120,18200,1624000,40.6,313
real_metallica_20260523,2025-07-12,99,8219,19800,1643800,41.09,314
real_metallica_20260523,2025-07-11,19,8238,3800,1647600,41.19,315
real_metallica_20260523,2025-07-10,145,8383,29000,1676600,41.91,316
real_metallica_20260523,2025-07-09,127,8510,25400,1702000,42.55,317
real_metallica_20260523,2025-07-08,1,8511,200,1702200,42.55,318
real_metallica_20260523,2025-07-07,111,8622,22200,1724400,43.11,319
real_metallica_20260523,2025-07-06,22,8644,4400,1728800,43.22,320
real_metallica_20260523,2025-07-05,116,8760,23200,1752000,43.8,321
real_metallica_20260523,2025-07-04,75,8835,15000,1767000,44.17,322
real_metallica_20260523,2025-07-03,35,8870,7000,1774000,44.35,323
real_metallica_20260523,2025-07-02,90,8960,18000,1792000,44.8,324
real_metallica_20260523,2025-07-01,22,8982,4400,1796400,44.91,325
real_metallica_20260523,2025-06-30,117,9099,23400,1819800,45.5,326
real_metallica_20260523,2025-06-29,121,9220,24200,1844000,46.1,327
real_metallica_20260523,2025-06-28,226,9446,45200,1889200,47.23,328
real_metallica_20260523,2025-06-27,35,9481,7000,1896200,47.41,329
real_metallica_20260523,2025-06-26,248,9729,49600,1945800,48.64,330
real_metallica_20260523,2025-06-25,10,9739,2000,1947800,48.7,331
real_metallica_20260523,2025-06-24,73,9812,14600,1962400,49.06,332
real_metallica_20260523,2025-06-23,33,9845,6600,1969000,49.23,333
real_metallica_20260523,2025-06-22,131,9976,26200,1995200,49.88,334
real_metallica_20260523,2025-06-21,80,10056,16000,2011200,50.28,335
real_metallica_20260523,2025-06-20,105,10161,21000,2032200,50.8,336
real_metallica_20260523,2025-06-19,67,10228,13400,2045600,51.14,337
real_metallica_20260523,2025-06-18,174,10402,34800,2080400,52.01,338
real_metallica_20260523,2025-06-17,82,10484,16400,2096800,52.42,339
real_metallica_20260523,2025-06-16,31,10515,6200,2103000,52.58,340
real_metallica_20260523,2025-06-15,143,10658,28600,2131600,53.29,341
real_metallica_20260523,2025-06-14,13,10671,2600,2134200,53.35,342
real_metallica_20260523,2025-06-13,40,10711,8000,2142200,53.55,343
real_metallica_20260523,2025-06-12,18,10729,3600,2145800,53.64,344
real_metallica_20260523,2025-06-11,111,10840,22200,2168000,54.2,345
real_metallica_20260523,2025-06-10,23,10863,4600,2172600,54.32,346
real_metallica_20260523,2025-06-09,119,10982,23800,2196400,54.91,347
real_metallica_20260523,2025-06-08,119,11101,23800,2220200,55.51,348
real_metallica_20260523,2025-06-07,23,11124,4600,2224800,55.62,349
real_metallica_20260523,2025-06-06,101,11225,20200,2245000,56.12,350
real_metallica_20260523,2025-06-05,51,11276,10200,2255200,56.38,351
real_metallica_20260523,2025-06-04,16,11292,3200,2258400,56.46,352
real_metallica_20260523,2025-06-03,124,11416,24800,2283200,57.08,353
real_metallica_20260523,2025-06-02,94,11510,18800,2302000,57.55,354
real_metallica_20260523,2025-06-01,71,11581,14200,2316200,57.9,355
real_metallica_20260523,2025-05-31,139,11720,27800,2344000,58.6,356
real_metallica_20260523,2025-05-30,60,11780,12000,2356000,58.9,357
real_metallica_20260523,2025-05-29,27,11807,5400,2361400,59.04,358
real_metallica_20260523,2025-05-28,8,11815,1600,2363000,59.08,359
real_metallica_20260523,2025-05-27,194,12009,38800,2401800,60.05,360
real_metallica_20260523,2025-05-26,46,12055,9200,2411000,60.27,361
real_metallica_20260523,2025-05-25,121,12176,24200,2435200,60.88,362
real_metallica_20260523,2025-05-24,27,12203,5400,2440600,61.02,363
real_metallica_20260523,2025-05-23,194,12397,38800,2479400,61.98,364
real_metallica_20260523,2025-05-22,69,12466,13800,2493200,62.33,365
real_metallica_20260523,2025-05-21,11,12477,2200,2495400,62.39,366
real_metallica_20260523,2025-05-20,4,12481,800,2496200,62.41,367
real_metallica_20260523,2025-05-19,5,12486,1000,2497200,62.43,368
real_metallica_20260523,2025-05-18,45,12531,9000,2506200,62.66,369
real_metallica_20260523,2025-05-17,26,12557,5200,2511400,62.79,370
real_metallica_20260523,2025-05-16,42,12599,8400,2519800,63.0,371
real_metallica_20260523,2025-05-15,23,12622,4600,2524400,63.11,372
real_metallica_20260523,2025-05-14,11,12633,2200,2526600,63.17,373
real_metallica_20260523,2025-05-13,54,12687,10800,2537400,63.43,374
real_metallica_20260523,2025-05-12,48,12735,9600,2547000,63.68,375
real_metallica_20260523,2025-05-11,12,12747,2400,2549400,63.73,376
real_metallica_20260523,2025-05-10,26,12773,5200,2554600,63.87,377
real_metallica_20260523,2025-05-09,34,12807,6800,2561400,64.03,378
real_metallica_20260523,2025-05-08,20,12827,4000,2565400,64.13,379
real_metallica_20260523,2025-05-07,55,12882,11000,2576400,64.41,380
real_metallica_20260523,2025-05-06,44,12926,8800,2585200,64.63,381
real_metallica_20260523,2025-05-05,52,12978,10400,2595600,64.89,382
real_metallica_20260523,2025-05-04,25,13003,5000,2600600,65.02,383
real_metallica_20260523,2025-05-03,25,13028,5000,2605600,65.14,384
real_metallica_20260523,2025-05-02,9,13037,1800,2607400,65.19,385
real_metallica_20260523,2025-05-01,46,13083,9200,2616600,65.42,386
real_metallica_20260523,2025-04-30,40,13123,8000,2624600,65.61,387
real_metallica_20260523,2025-04-29,28,13151,5600,2630200,65.75,388
real_metallica_20260523,2025-04-28,9,13160,1800,2632000,65.8,389
real_metallica_20260523,2025-04-27,20,13180,4000,2636000,65.9,390
real_metallica_20260523,2025-04-26,26,13206,5200,2641200,66.03,391
real_metallica_20260523,2025-04-24,16,13222,3200,2644400,66.11,393
real_metallica_20260523,2025-04-23,12,13234,2400,2646800,66.17,394
real_metallica_20260523,2025-04-22,23,13257,4600,2651400,66.29,395
real_metallica_20260523,2025-04-21,53,13310,10600,2662000,66.55,396
real_metallica_20260523,2025-04-20,21,13331,4200,2666200,66.66,397
real_metallica_20260523,2025-04-19,27,13358,5400,2671600,66.79,398
real_metallica_20260523,2025-04-18,12,13370,2400,2674000,66.85,399
real_metallica_20260523,2025-04-17,73,13443,14600,2688600,67.22,400
real_metallica_20260523,2025-04-16,47,13490,9400,2698000,67.45,401
real_metallica_20260523,2025-04-15,2,13492,400,2698400,67.46,402
real_metallica_20260523,2025-04-14,19,13511,3800,2702200,67.55,403
real_metallica_20260523,2025-04-13,55,13566,11000,2713200,67.83,404
real_metallica_20260523,2025-04-12,31,13597,6200,2719400,67.98,405
real_metallica_20260523,2025-04-11,58,13655,11600,2731000,68.27,406
real_metallica_20260523,2025-04-10,22,13677,4400,2735400,68.38,407
real_metallica_20260523,2025-04-09,34,13711,6800,2742200,68.55,408
real_metallica_20260523,2025-04-08,48,13759,9600,2751800,68.8,409
real_metallica_20260523,2025-04-07,11,13770,2200,2754000,68.85,410
real_metallica_20260523,2025-04-06,23,13793,4600,2758600,68.97,411
real_metallica_20260523,2025-04-05,38,13831,7600,2766200,69.16,412
real_metallica_20260523,2025-04-04,27,13858,5400,2771600,69.29,413
real_metallica_20260523,2025-04-03,42,13900,8400,2780000,69.5,414
real_metallica_20260523,2025-04-02,55,13955,11000,2791000,69.77,415
real_metallica_20260523,2025-04-01,12,13967,2400,2793400,69.84,416
real_metallica_20260523,2025-03-31,13,13980,2600,2796000,69.9,417
real_metallica_20260523,2025-03-30,1,13981,200,2796200,69.91,418
real_metallica_20260523,2025-03-29,52,14033,10400,2806600,70.17,419
real_metallica_20260523,2025-03-28,34,14067,6800,2813400,70.34,420
real_metallica_20260524,2025-10-23,56,56,11200,11200,0.28,212
real_metallica_20260524,2025-10-22,8,64,1600,12800,0.32,213
real_metallica_20260524,2025-10-21,107,171,21400,34200,0.85,214
real_metallica_20260524,2025-10-20,99,270,19800,54000,1.35,215
real_metallica_20260524,2025-10-19,97,367,19400,73400,1.84,216
real_metallica_20260524,2025-10-18,60,427,12000,85400,2.14,217
real_metallica_20260524,2025-10-17,89,516,17800,103200,2.58,218
real_metallica_20260524,2025-10-16,233,749,46600,149800,3.74,219
real_metallica_20260524,2025-10-15,165,914,33000,182800,4.57,220
real_metallica_20260524,2025-10-14,189,1103,37800,220600,5.51,221
real_metallica_20260524,2025-10-13,95,1198,19000,239600,5.99,222
real_metallica_20260524,2025-10-12,129,1327,25800,265400,6.64,223
real_metallica_20260524,2025-10-11,67,1394,13400,278800,6.97,224
real_metallica_20260524,2025-10-10,106,1500,21200,300000,7.5,225
real_metallica_20260524,2025-10-09,1,1501,200,300200,7.51,226
real_metallica_20260524,2025-10-08,106,1607,21200,321400,8.04,227
real_metallica_20260524,2025-10-07,3,1610,600,322000,8.05,228
real_metallica_20260524,2025-10-06,47,1657,9400,331400,8.29,229
real_metallica_20260524,2025-10-05,132,1789,26400,357800,8.95,230
real_metallica_20260524,2025-10-04,153,1942,30600,388400,9.71,231
real_metallica_20260524,2025-10-03,43,1985,8600,397000,9.93,232
real_metallica_20260524,2025-10-02,110,2095,22000,419000,10.47,233
real_metallica_20260524,2025-10-01,100,2195,20000,439000,10.97,234
real_metallica_20260524,2025-09-30,82,2277,16400,455400,11.39,235
real_metallica_20260524,2025-09-29,13,2290,2600,458000,11.45,236
real_metallica_20260524,2025-09-28,147,2437,29400,487400,12.19,237
real_metallica_20260524,2025-09-27,99,2536,19800,507200,12.68,238
real_metallica_20260524,2025-09-26,88,2624,17600,524800,13.12,239
real_metallica_20260524,2025-09-25,81,2705,16200,541000,13.53,240
real_metallica_20260524,2025-09-24,111,2816,22200,563200,14.08,241
real_metallica_20260524,2025-09-23,90,2906,18000,581200,14.53,242
real_metallica_20260524,2025-09-22,129,3035,25800,607000,15.17,243
real_metallica_20260524,2025-09-21,73,3108,14600,621600,15.54,244
real_metallica_20260524,2025-09-20,215,3323,43000,664600,16.61,245
real_metallica_20260524,2025-09-19,66,3389,13200,677800,16.95,246
real_metallica_20260524,2025-09-18,40,3429,8000,685800,17.14,247
real_metallica_20260524,2025-09-17,52,3481,10400,696200,17.41,248
real_metallica_20260524,2025-09-16,3,3484,600,696800,17.42,249
real_metallica_20260524,2025-09-15,160,3644,32000,728800,18.22,250
real_metallica_20260524,2025-09-14,39,3683,7800,736600,18.41,251
real_metallica_20260524,2025-09-13,90,3773,18000,754600,18.87,252
real_metallica_20260524,2025-09-12,20,3793,4000,758600,18.96,253
real_metallica_20260524,2025-09-11,6,3799,1200,759800,19.0,254
real_metallica_20260524,2025-09-10,33,3832,6600,766400,19.16,255
real_metallica_20260524,2025-09-09,183,4015,36600,803000,20.08,256
real_metallica_20260524,2025-09-08,83,4098,16600,819600,20.49,257
real_metallica_20260524,2025-09-07,76,4174,15200,834800,20.87,258
real_metallica_20260524,2025-09-06,107,4281,21400,856200,21.4,259
real_metallica_20260524,2025-09-05,96,4377,19200,875400,21.88,260
real_metallica_20260524,2025-09-04,168,4545,33600,909000,22.73,261
real_metallica_20260524,2025-09-03,10,4555,2000,911000,22.78,262
real_metallica_20260524,2025-09-02,160,4715,32000,943000,23.57,263
real_metallica_20260524,2025-09-01,74,4789,14800,957800,23.95,264
real_metallica_20260524,2025-08-31,28,4817,5600,963400,24.09,265
real_metallica_20260524,2025-08-30,152,4969,30400,993800,24.84,266
real_metallica_20260524,2025-08-29,18,4987,3600,997400,24.93,267
real_metallica_20260524,2025-08-28,46,5033,9200,1006600,25.16,268
real_metallica_20260524,2025-08-27,63,5096,12600,1019200,25.48,269
real_metallica_20260524,2025-08-26,214,5310,42800,1062000,26.55,270
real_metallica_20260524,2025-08-25,12,5322,2400,1064400,26.61,271
real_metallica_20260524,2025-08-24,5,5327,1000,1065400,26.63,272
real_metallica_20260524,2025-08-23,124,5451,24800,1090200,27.26,273
real_metallica_20260524,2025-08-22,19,5470,3800,1094000,27.35,274
real_metallica_20260524,2025-08-21,53,5523,10600,1104600,27.62,275
real_metallica_20260524,2025-08-20,80,5603,16000,1120600,28.02,276
real_metallica_20260524,2025-08-19,115,5718,23000,1143600,28.59,277
real_metallica_20260524,2025-08-18,46,5764,9200,1152800,28.82,278
real_metallica_20260524,2025-08-17,45,5809,9000,1161800,29.04,279
real_metallica_20260524,2025-08-16,161,5970,32200,1194000,29.85,280
real_metallica_20260524,2025-08-15,8,5978,1600,1195600,29.89,281
real_metallica_20260524,2025-08-14,43,6021,8600,1204200,30.1,282
real_metallica_20260524,2025-08-13,247,6268,49400,1253600,31.34,283
real_metallica_20260524,2025-08-12,2,6270,400,1254000,31.35,284
real_metallica_20260524,2025-08-11,94,6364,18800,1272800,31.82,285
real_metallica_20260524,2025-08-10,31,6395,6200,1279000,31.97,286
real_metallica_20260524,2025-08-09,3,6398,600,1279600,31.99,287
real_metallica_20260524,2025-08-08,132,6530,26400,1306000,32.65,288
real_metallica_20260524,2025-08-07,39,6569,7800,1313800,32.84,289
real_metallica_20260524,2025-08-06,46,6615,9200,1323000,33.07,290
real_metallica_20260524,2025-08-05,27,6642,5400,1328400,33.21,291
real_metallica_20260524,2025-08-04,17,6659,3400,1331800,33.3,292
real_metallica_20260524,2025-08-03,93,6752,18600,1350400,33.76,293
real_metallica_20260524,2025-08-02,32,6784,6400,1356800,33.92,294
real_metallica_20260524,2025-08-01,123,6907,24600,1381400,34.53,295
real_metallica_20260524,2025-07-31,11,6918,2200,1383600,34.59,296
real_metallica_20260524,2025-07-30,141,7059,28200,1411800,35.3,297
real_metallica_20260524,2025-07-29,119,7178,23800,1435600,35.89,298
real_metallica_20260524,2025-07-28,126,7304,25200,1460800,36.52,299
real_metallica_20260524,2025-07-27,102,7406,20400,1481200,37.03,300
real_metallica_20260524,2025-07-26,64,7470,12800,1494000,37.35,301
real_metallica_20260524,2025-07-25,87,7557,17400,1511400,37.79,302
real_metallica_20260524,2025-07-24,183,7740,36600,1548000,38.7,303
real_metallica_20260524,2025-07-23,100,7840,20000,1568000,39.2,304
real_metallica_20260524,2025-07-22,101,7941,20200,1588200,39.7,305
real_metallica_20260524,2025-07-21,79,8020,15800,1604000,40.1,306
real_metallica_20260524,2025-07-20,26,8046,5200,1609200,40.23,307
real_metallica_20260524,2025-07-19,124,8170,24800,1634000,40.85,308
real_metallica_20260524,2025-07-18,114,8284,22800,1656800,41.42,309
real_metallica_20260524,2025-07-17,69,8353,13800,1670600,41.77,310
real_metallica_20260524,2025-07-16,159,8512,31800,1702400,42.56,311
real_metallica_20260524,2025-07-15,49,8561,9800,1712200,42.8,312
real_metallica_20260524,2025-07-14,145,8706,29000,1741200,43.53,313
real_metallica_20260524,2025-07-13,16,8722,3200,1744400,43.61,314
real_metallica_20260524,2025-07-12,8,8730,1600,1746000,43.65,315
real_metallica_20260524,2025-07-11,64,8794,12800,1758800,43.97,316
real_metallica_20260524,2025-07-10,75,8869,15000,1773800,44.34,317
real_metallica_20260524,2025-07-09,165,9034,33000,1806800,45.17,318
real_metallica_20260524,2025-07-08,135,9169,27000,1833800,45.84,319
real_metallica_20260524,2025-07-07,7,9176,1400,1835200,45.88,320
real_metallica_20260524,2025-07-06,103,9279,20600,1855800,46.39,321
real_metallica_20260524,2025-07-05,47,9326,9400,1865200,46.63,322
real_metallica_20260524,2025-07-04,18,9344,3600,1868800,46.72,323
real_metallica_20260524,2025-07-03,47,9391,9400,1878200,46.96,324
real_metallica_20260524,2025-07-02,80,9471,16000,1894200,47.36,325
real_metallica_20260524,2025-07-01,40,9511,8000,1902200,47.55,326
real_metallica_20260524,2025-06-30,183,9694,36600,1938800,48.47,327
real_metallica_20260524,2025-06-29,119,9813,23800,1962600,49.06,328
real_metallica_20260524,2025-06-28,82,9895,16400,1979000,49.48,329
real_metallica_20260524,2025-06-27,143,10038,28600,2007600,50.19,330
real_metallica_20260524,2025-06-26,36,10074,7200,2014800,50.37,331
real_metallica_20260524,2025-06-25,134,10208,26800,2041600,51.04,332
real_metallica_20260524,2025-06-24,71,10279,14200,2055800,51.4,333
real_metallica_20260524,2025-06-23,19,10298,3800,2059600,51.49,334
real_metallica_20260524,2025-06-22,165,10463,33000,2092600,52.31,335
real_metallica_20260524,2025-06-21,111,10574,22200,2114800,52.87,336
real_metallica_20260524,2025-06-20,81,10655,16200,2131000,53.27,337
real_metallica_20260524,2025-06-19,6,10661,1200,2132200,53.3,338
real_metallica_20260524,2025-06-18,127,10788,25400,2157600,53.94,339
real_metallica_20260524,2025-06-17,35,10823,7000,2164600,54.12,340
real_metallica_20260524,2025-06-16,31,10854,6200,2170800,54.27,341
real_metallica_20260524,2025-06-15,153,11007,30600,2201400,55.04,342
real_metallica_20260524,2025-06-14,98,11105,19600,2221000,55.53,343
real_metallica_20260524,2025-06-13,5,11110,1000,2222000,55.55,344
real_metallica_20260524,2025-06-12,1,11111,200,2222200,55.55,345
real_metallica_20260524,2025-06-11,72,11183,14400,2236600,55.92,346
real_metallica_20260524,2025-06-10,51,11234,10200,2246800,56.17,347
real_metallica_20260524,2025-06-09,68,11302,13600,2260400,56.51,348
real_metallica_20260524,2025-06-08,10,11312,2000,2262400,56.56,349
real_metallica_20260524,2025-06-07,4,11316,800,2263200,56.58,350
real_metallica_20260524,2025-06-06,12,11328,2400,2265600,56.64,351
real_metallica_20260524,2025-06-05,106,11434,21200,2286800,57.17,352
real_metallica_20260524,2025-06-04,70,11504,14000,2300800,57.52,353
real_metallica_20260524,2025-06-03,88,11592,17600,2318400,57.96,354
real_metallica_20260524,2025-06-02,142,11734,28400,2346800,58.67,355
real_metallica_20260524,2025-06-01,126,11860,25200,2372000,59.3,356
real_metallica_20260524,2025-05-31,100,11960,20000,2392000,59.8,357
real_metallica_20260524,2025-05-30,116,12076,23200,2415200,60.38,358
real_metallica_20260524,2025-05-29,164,12240,32800,2448000,61.2,359
real_metallica_20260524,2025-05-28,31,12271,6200,2454200,61.36,360
real_metallica_20260524,2025-05-27,158,12429,31600,2485800,62.14,361
real_metallica_20260524,2025-05-26,28,12457,5600,2491400,62.29,362
real_metallica_20260524,2025-05-25,1,12458,200,2491600,62.29,363
real_metallica_20260524,2025-05-24,41,12499,8200,2499800,62.49,364
real_metallica_20260524,2025-05-23,185,12684,37000,2536800,63.42,365
real_metallica_20260524,2025-05-22,10,12694,2000,2538800,63.47,366
real_metallica_20260524,2025-05-21,23,12717,4600,2543400,63.59,367
real_metallica_20260524,2025-05-20,68,12785,13600,2557000,63.92,368
real_metallica_20260524,2025-05-19,6,12791,1200,2558200,63.95,369
real_metallica_20260524,2025-05-18,2,12793,400,2558600,63.97,370
real_metallica_20260524,2025-05-17,19,12812,3800,2562400,64.06,371
real_metallica_20260524,2025-05-16,21,12833,4200,2566600,64.17,372
real_metallica_20260524,2025-05-15,48,12881,9600,2576200,64.41,373
real_metallica_20260524,2025-05-14,10,12891,2000,2578200,64.45,374
real_metallica_20260524,2025-05-13,74,12965,14800,2593000,64.83,375
real_metallica_20260524,2025-05-12,8,12973,1600,2594600,64.86,376
real_metallica_20260524,2025-05-11,9,12982,1800,2596400,64.91,377
real_metallica_20260524,2025-05-10,52,13034,10400,2606800,65.17,378
real_metallica_20260524,2025-05-09,15,13049,3000,2609800,65.25,379
real_metallica_20260524,2025-05-08,15,13064,3000,2612800,65.32,380
real_metallica_20260524,2025-05-07,42,13106,8400,2621200,65.53,381
real_metallica_20260524,2025-05-06,17,13123,3400,2624600,65.61,382
real_metallica_20260524,2025-05-05,46,13169,9200,2633800,65.84,383
real_metallica_20260524,2025-05-04,5,13174,1000,2634800,65.87,384
real_metallica_20260524,2025-05-03,18,13192,3600,2638400,65.96,385
real_metallica_20260524,2025-05-02,45,13237,9000,2647400,66.19,386
real_metallica_20260524,2025-05-01,55,13292,11000,2658400,66.46,387
real_metallica_20260524,2025-04-30,41,13333,8200,2666600,66.66,388
real_metallica_20260524,2025-04-29,26,13359,5200,2671800,66.8,389
real_metallica_20260524,2025-04-28,9,13368,1800,2673600,66.84,390
real_metallica_20260524,2025-04-27,7,13375,1400,2675000,66.88,391
real_metallica_20260524,2025-04-26,13,13388,2600,2677600,66.94,392
real_metallica_20260524,2025-04-25,24,13412,4800,2682400,67.06,393
real_metallica_20260524,2025-04-24,6,13418,1200,2683600,67.09,394
real_metallica_20260524,2025-04-23,37,13455,7400,2691000,67.27,395
real_metallica_20260524,2025-04-22,65,13520,13000,2704000,67.6,396
real_metallica_20260524,2025-04-21,39,13559,7800,2711800,67.8,397
real_metallica_20260524,2025-04-20,19,13578,3800,2715600,67.89,398
real_metallica_20260524,2025-04-19,13,13591,2600,2718200,67.95,399
real_metallica_20260524,2025-04-18,28,13619,5600,2723800,68.09,400
real_metallica_20260524,2025-04-17,49,13668,9800,2733600,68.34,401
real_metallica_20260524,2025-04-16,79,13747,15800,2749400,68.73,402
real_metallica_20260524,2025-04-15,49,13796,9800,2759200,68.98,403
real_metallica_20260524,2025-04-14,4,13800,800,2760000,69.0,404
real_metallica_20260524,2025-04-13,10,13810,2000,2762000,69.05,405
real_metallica_20260524,2025-04-12,13,13823,2600,2764600,69.12,406
real_metallica_20260524,2025-04-11,6,13829,1200,2765800,69.14,407
real_metallica_20260524,2025-04-10,30,13859,6000,2771800,69.3,408
real_metallica_20260524,2025-04-09,14,13873,2800,2774600,69.36,409
real_metallica_20260524,2025-04-08,1,13874,200,2774800,69.37,410
real_metallica_20260524,2025-04-07,33,13907,6600,2781400,69.53,411
real_metallica_20260524,2025-04-06,16,13923,3200,2784600,69.62,412
real_metallica_20260524,2025-04-05,35,13958,7000,2791600,69.79,413
real_metallica_20260524,2025-04-04,27,13985,5400,2797000,69.92,414
real_metallica_20260524,2025-04-03,25,14010,5000,2802000,70.05,415
real_metallica_20260524,2025-04-02,32,14042,6400,2808400,70.21,416
real_metallica_20260524,2025-04-01,28,14070,5600,2814000,70.35,417
real_metallica_20260524,2025-03-31,6,14076,1200,2815200,70.38,418
real_metallica_20260524,2025-03-30,24,14100,4800,2820000,70.5,419
real_metallica_20260524,2025-03-29,54,14154,10800,2830800,70.77,420
real_metallica_20260524,2025-03-28,12,14166,2400,2833200,70.83,421
real_metallica_20260524,2025-03-27,38,14204,7600,2840800,71.02,422
real_metallica_20260530,2025-10-23,126,126,25200,25200,0.63,218
real_metallica_20260530,2025-10-22,27,153,5400,30600,0.77,219
real_metallica_20260530,2025-10-21,165,318,33000,63600,1.59,220
real_metallica_20260530,2025-10-20,28,346,5600,69200,1.73,221
real_metallica_20260530,2025-10-19,6,352,1200,70400,1.76,222
real_metallica_20260530,2025-10-18,147,499,29400,99800,2.5,223
real_metallica_20260530,2025-10-17,16,515,3200,103000,2.57,224
real_metallica_20260530,2025-10-16,70,585,14000,117000,2.93,225
real_metallica_20260530,2025-10-15,79,664,15800,132800,3.32,226
real_metallica_20260530,2025-10-14,103,767,20600,153400,3.84,227
real_metallica_20260530,2025-10-13,25,792,5000,158400,3.96,228
real_metallica_20260530,2025-10-12,105,897,21000,179400,4.49,229
real_metallica_20260530,2025-10-11,68,965,13600,193000,4.83,230
real_metallica_20260530,2025-10-10,43,1008,8600,201600,5.04,231
real_metallica_20260530,2025-10-09,88,1096,17600,219200,5.48,232
real_metallica_20260530,2025-10-08,180,1276,36000,255200,6.38,233
real_metallica_20260530,2025-10-07,187,1463,37400,292600,7.32,234
real_metallica_20260530,2025-10-06,23,1486,4600,297200,7.43,235
real_metallica_20260530,2025-10-05,159,1645,31800,329000,8.22,236
real_metallica_20260530,2025-10-04,78,1723,15600,344600,8.62,237
real_metallica_20260530,2025-10-03,176,1899,35200,379800,9.5,238
real_metallica_20260530,2025-10-02,80,1979,16000,395800,9.89,239
real_metallica_20260530,2025-10-01,42,2021,8400,404200,10.11,240
real_metallica_20260530,2025-09-30,115,2136,23000,427200,10.68,241
real_metallica_20260530,2025-09-29,3,2139,600,427800,10.7,242
real_metallica_20260530,2025-09-28,109,2248,21800,449600,11.24,243
real_metallica_20260530,2025-09-27,45,2293,9000,458600,11.46,244
real_metallica_20260530,2025-09-26,225,2518,45000,503600,12.59,245
real_metallica_20260530,2025-09-25,86,2604,17200,520800,13.02,246
real_metallica_20260530,2025-09-24,2,2606,400,521200,13.03,247
real_metallica_20260530,2025-09-23,121,2727,24200,545400,13.63,248
real_metallica_20260530,2025-09-22,125,2852,25000,570400,14.26,249
real_metallica_20260530,2025-09-21,120,2972,24000,594400,14.86,250
real_metallica_20260530,2025-09-20,104,3076,20800,615200,15.38,251
real_metallica_20260530,2025-09-19,87,3163,17400,632600,15.82,252
real_metallica_20260530,2025-09-18,116,3279,23200,655800,16.39,253
real_metallica_20260530,2025-09-17,42,3321,8400,664200,16.61,254
real_metallica_20260530,2025-09-16,198,3519,39600,703800,17.59,255
real_metallica_20260530,2025-09-15,38,3557,7600,711400,17.79,256
real_metallica_20260530,2025-09-14,85,3642,17000,728400,18.21,257
real_metallica_20260530,2025-09-13,89,3731,17800,746200,18.66,258
real_metallica_20260530,2025-09-12,131,3862,26200,772400,19.31,259
real_metallica_20260530,2025-09-11,64,3926,12800,785200,19.63,260
real_metallica_20260530,2025-09-10,3,3929,600,785800,19.65,261
real_metallica_20260530,2025-09-09,77,4006,15400,801200,20.03,262
real_metallica_20260530,2025-09-08,132,4138,26400,827600,20.69,263
real_metallica_20260530,2025-09-07,219,4357,43800,871400,21.79,264
real_metallica_20260530,2025-09-06,215,4572,43000,914400,22.86,265
real_metallica_20260530,2025-09-05,28,4600,5600,920000,23.0,266
real_metallica_20260530,2025-09-04,132,4732,26400,946400,23.66,267
real_metallica_20260530,2025-09-03,5,4737,1000,947400,23.69,268
real_metallica_20260530,2025-09-02,52,4789,10400,957800,23.95,269
real_metallica_20260530,2025-09-01,168,4957,33600,991400,24.79,270
real_metallica_20260530,2025-08-31,182,5139,36400,1027800,25.7,271
real_metallica_20260530,2025-08-30,62,5201,12400,1040200,26.0,272
real_metallica_20260530,2025-08-29,178,5379,35600,1075800,26.9,273
real_metallica_20260530,2025-08-28,92,5471,18400,1094200,27.36,274
real_metallica_20260530,2025-08-27,11,5482,2200,1096400,27.41,275
real_metallica_20260530,2025-08-26,48,5530,9600,1106000,27.65,276
real_metallica_20260530,2025-08-25,70,5600,14000,1120000,28.0,277
real_metallica_20260530,2025-08-24,173,5773,34600,1154600,28.87,278
real_metallica_20260530,2025-08-23,115,5888,23000,1177600,29.44,279
real_metallica_20260530,2025-08-22,89,5977,17800,1195400,29.89,280
real_metallica_20260530,2025-08-21,89,6066,17800,1213200,30.33,281
real_metallica_20260530,2025-08-20,100,6166,20000,1233200,30.83,282
real_metallica_20260530,2025-08-19,70,6236,14000,1247200,31.18,283
real_metallica_20260530,2025-08-18,10,6246,2000,1249200,31.23,284
real_metallica_20260530,2025-08-17,179,6425,35800,1285000,32.12,285
real_metallica_20260530,2025-08-16,31,6456,6200,1291200,32.28,286
real_metallica_20260530,2025-08-15,116,6572,23200,1314400,32.86,287
real_metallica_20260530,2025-08-14,88,6660,17600,1332000,33.3,288
real_metallica_20260530,2025-08-13,2,6662,400,1332400,33.31,289
real_metallica_20260530,2025-08-12,37,6699,7400,1339800,33.5,290
real_metallica_20260530,2025-08-11,38,6737,7600,1347400,33.68,291
real_metallica_20260530,2025-08-10,74,6811,14800,1362200,34.05,292
real_metallica_20260530,2025-08-09,170,6981,34000,1396200,34.91,293
real_metallica_20260530,2025-08-08,62,7043,12400,1408600,35.22,294
real_metallica_20260530,2025-08-07,75,7118,15000,1423600,35.59,295
real_metallica_20260530,2025-08-06,5,7123,1000,1424600,35.62,296
real_metallica_20260530,2025-08-05,105,7228,21000,1445600,36.14,297
real_metallica_20260530,2025-08-04,13,7241,2600,1448200,36.2,298
real_metallica_20260530,2025-08-03,1,7242,200,1448400,36.21,299
real_metallica_20260530,2025-08-01,17,7259,3400,1451800,36.3,301
real_metallica_20260530,2025-07-31,72,7331,14400,1466200,36.66,302
real_metallica_20260530,2025-07-30,128,7459,25600,1491800,37.3,303
real_metallica_20260530,2025-07-29,196,7655,39200,1531000,38.27,304
real_metallica_20260530,2025-07-28,22,7677,4400,1535400,38.39,305
real_metallica_20260530,2025-07-27,36,7713,7200,1542600,38.56,306
real_metallica_20260530,2025-07-26,100,7813,20000,1562600,39.06,307
real_metallica_20260530,2025-07-25,20,7833,4000,1566600,39.16,308
real_metallica_20260530,2025-07-24,8,7841,1600,1568200,39.2,309
real_metallica_20260530,2025-07-23,90,7931,18000,1586200,39.66,310
real_metallica_20260530,2025-07-22,98,8029,19600,1605800,40.14,311
real_metallica_20260530,2025-07-21,25,8054,5000,1610800,40.27,312
real_metallica_20260530,2025-07-20,235,8289,47000,1657800,41.45,313
real_metallica_20260530,2025-07-19,79,8368,15800,1673600,41.84,314
real_metallica_20260530,2025-07-18,55,8423,11000,1684600,42.12,315
real_metallica_20260530,2025-07-17,82,8505,16400,1701000,42.52,316
real_metallica_20260530,2025-07-16,35,8540,7000,1708000,42.7,317
real_metallica_20260530,2025-07-15,51,8591,10200,1718200,42.95,318
real_metallica_20260530,2025-07-14,106,8697,21200,1739400,43.48,319
real_metallica_20260530,2025-07-13,77,8774,15400,1754800,43.87,320
real_metallica_20260530,2025-07-12,76,8850,15200,1770000,44.25,321
real_metallica_20260530,2025-07-11,160,9010,32000,1802000,45.05,322
real_metallica_20260530,2025-07-10,46,9056,9200,1811200,45.28,323
real_metallica_20260530,2025-07-09,111,9167,22200,1833400,45.84,324
real_metallica_20260530,2025-07-08,67,9234,13400,1846800,46.17,325
real_metallica_20260530,2025-07-07,80,9314,16000,1862800,46.57,326
real_metallica_20260530,2025-07-06,91,9405,18200,1881000,47.02,327
real_metallica_20260530,2025-07-05,109,9514,21800,1902800,47.57,328
real_metallica_20260530,2025-07-04,105,9619,21000,1923800,48.09,329
real_metallica_20260530,2025-07-03,143,9762,28600,1952400,48.81,330
real_metallica_20260530,2025-07-02,53,9815,10600,1963000,49.08,331
real_metallica_20260530,2025-07-01,17,9832,3400,1966400,49.16,332
real_metallica_20260530,2025-06-30,77,9909,15400,1981800,49.55,333
real_metallica_20260530,2025-06-29,148,10057,29600,2011400,50.29,334
real_metallica_20260530,2025-06-28,32,10089,6400,2017800,50.44,335
real_metallica_20260530,2025-06-27,144,10233,28800,2046600,51.17,336
real_metallica_20260530,2025-06-26,13,10246,2600,2049200,51.23,337
real_metallica_20260530,2025-06-25,100,10346,20000,2069200,51.73,338
real_metallica_20260530,2025-06-24,85,10431,17000,2086200,52.15,339
real_metallica_20260530,2025-06-23,66,10497,13200,2099400,52.49,340
real_metallica_20260530,2025-06-22,13,10510,2600,2102000,52.55,341
real_metallica_20260530,2025-06-21,34,10544,6800,2108800,52.72,342
real_metallica_20260530,2025-06-20,166,10710,33200,2142000,53.55,343
real_metallica_20260530,2025-06-19,76,10786,15200,2157200,53.93,344
real_metallica_20260530,2025-06-18,37,10823,7400,2164600,54.12,345
real_metallica_20260530,2025-06-17,176,10999,35200,2199800,55.0,346
real_metallica_20260530,2025-06-16,15,11014,3000,2202800,55.07,347
real_metallica_20260530,2025-06-15,74,11088,14800,2217600,55.44,348
real_metallica_20260530,2025-06-14,189,11277,37800,2255400,56.38,349
real_metallica_20260530,2025-06-13,179,11456,35800,2291200,57.28,350
real_metallica_20260530,2025-06-12,18,11474,3600,2294800,57.37,351
real_metallica_20260530,2025-06-11,126,11600,25200,2320000,58.0,352
real_metallica_20260530,2025-06-10,86,11686,17200,2337200,58.43,353
real_metallica_20260530,2025-06-09,39,11725,7800,2345000,58.63,354
real_metallica_20260530,2025-06-08,79,11804,15800,2360800,59.02,355
real_metallica_20260530,2025-06-07,1,11805,200,2361000,59.03,356
real_metallica_20260530,2025-06-06,159,11964,31800,2392800,59.82,357
real_metallica_20260530,2025-06-05,29,11993,5800,2398600,59.97,358
real_metallica_20260530,2025-06-04,19,12012,3800,2402400,60.06,359
real_metallica_20260530,2025-06-03,30,12042,6000,2408400,60.21,360
real_metallica_20260530,2025-06-02,63,12105,12600,2421000,60.52,361
real_metallica_20260530,2025-06-01,60,12165,12000,2433000,60.82,362
real_metallica_20260530,2025-05-31,64,12229,12800,2445800,61.15,363
real_metallica_20260530,2025-05-30,14,12243,2800,2448600,61.21,364
real_metallica_20260530,2025-05-29,76,12319,15200,2463800,61.59,365
real_metallica_20260530,2025-05-28,11,12330,2200,2466000,61.65,366
real_metallica_20260530,2025-05-27,69,12399,13800,2479800,61.99,367
real_metallica_20260530,2025-05-26,39,12438,7800,2487600,62.19,368
real_metallica_20260530,2025-05-25,15,12453,3000,2490600,62.27,369
real_metallica_20260530,2025-05-24,40,12493,8000,2498600,62.47,370
real_metallica_20260530,2025-05-23,4,12497,800,2499400,62.48,371
real_metallica_20260530,2025-05-22,30,12527,6000,2505400,62.63,372
real_metallica_20260530,2025-05-21,34,12561,6800,2512200,62.8,373
real_metallica_20260530,2025-05-20,30,12591,6000,2518200,62.96,374
real_metallica_20260530,2025-05-19,42,12633,8400,2526600,63.17,375
real_metallica_20260530,2025-05-18,31,12664,6200,2532800,63.32,376
real_metallica_20260530,2025-05-17,17,12681,3400,2536200,63.41,377
real_metallica_20260530,2025-05-16,44,12725,8800,2545000,63.62,378
real_metallica_20260530,2025-05-15,59,12784,11800,2556800,63.92,379
real_metallica_20260530,2025-05-14,27,12811,5400,2562200,64.05,380
real_metallica_20260530,2025-05-13,18,12829,3600,2565800,64.14,381
real_metallica_20260530,2025-05-12,36,12865,7200,2573000,64.33,382
real_metallica_20260530,2025-05-11,37,12902,7400,2580400,64.51,383
real_metallica_20260530,2025-05-10,41,12943,8200,2588600,64.72,384
real_metallica_20260530,2025-05-09,56,12999,11200,2599800,65.0,385
real_metallica_20260530,2025-05-08,22,13021,4400,2604200,65.11,386
real_metallica_20260530,2025-05-07,59,13080,11800,2616000,65.4,387
real_metallica_20260530,2025-05-06,58,13138,11600,2627600,65.69,388
real_metallica_20260530,2025-05-05,10,13148,2000,2629600,65.74,389
real_metallica_20260530,2025-05-04,32,13180,6400,2636000,65.9,390
real_metallica_20260530,2025-05-03,33,13213,6600,2642600,66.06,391
real_metallica_20260530,2025-05-02,4,13217,800,2643400,66.09,392
real_metallica_20260530,2025-05-01,9,13226,1800,2645200,66.13,393
real_metallica_20260530,2025-04-30,46,13272,9200,2654400,66.36,394
real_metallica_20260530,2025-04-29,29,13301,5800,2660200,66.51,395
real_metallica_20260530,2025-04-28,17,13318,3400,2663600,66.59,396
real_metallica_20260530,2025-04-27,42,13360,8400,2672000,66.8,397
real_metallica_20260530,2025-04-26,25,13385,5000,2677000,66.92,398
real_metallica_20260530,2025-04-25,30,13415,6000,2683000,67.07,399
real_metallica_20260530,2025-04-24,30,13445,6000,2689000,67.22,400
real_metallica_20260530,2025-04-23,23,13468,4600,2693600,67.34,401
real_metallica_20260530,2025-04-22,59,13527,11800,2705400,67.64,402
real_metallica_20260530,2025-04-21,42,13569,8400,2713800,67.84,403
real_metallica_20260530,2025-04-20,8,13577,1600,2715400,67.88,404
real_metallica_20260530,2025-04-19,44,13621,8800,2724200,68.11,405
real_metallica_20260530,2025-04-18,53,13674,10600,2734800,68.37,406
real_metallica_20260530,2025-04-17,2,13676,400,2735200,68.38,407
real_metallica_20260530,2025-04-16,23,13699,4600,2739800,68.49,408
real_metallica_20260530,2025-04-15,6,13705,1200,2741000,68.53,409
real_metallica_20260530,2025-04-14,63,13768,12600,2753600,68.84,410
real_metallica_20260530,2025-04-13,60,13828,12000,2765600,69.14,411
real_metallica_20260530,2025-04-12,14,13842,2800,2768400,69.21,412
real_metallica_20260530,2025-04-11,30,13872,6000,2774400,69.36,413
real_metallica_20260530,2025-04-10,11,13883,2200,2776600,69.42,414
real_metallica_20260530,2025-04-09,49,13932,9800,2786400,69.66,415
real_metallica_20260530,2025-04-08,53,13985,10600,2797000,69.92,416
real_metallica_20260530,2025-04-07,7,13992,1400,2798400,69.96,417
real_metallica_20260530,2025-04-06,14,14006,2800,2801200,70.03,418
real_metallica_20260530,2025-04-05,23,14029,4600,2805800,70.14,419
real_metallica_20260530,2025-04-04,23,14052,4600,2810400,70.26,420
real_metallica_20260530,2025-04-03,3,14055,600,2811000,70.28,421
real_metallica_20260530,2025-04-02,41,14096,8200,2819200,70.48,422
real_metallica_20260530,2025-04-01,28,14124,5600,2824800,70.62,423
real_metallica_20260530,2025-03-31,40,14164,8000,2832800,70.82,424
real_metallica_20260530,2025-03-30,12,14176,2400,2835200,70.88,425
real_metallica_20260530,2025-03-29,31,14207,6200,2841400,71.03,426
real_metallica_20260530,2025-03-28,18,14225,3600,2845000,71.12,427
real_metallica_20260530,2025-03-27,10,14235,2000,2847000,71.17,428
real_metallica_20260530,2025-03-26,33,14268,6600,2853600,71.34,429
real_metallica_20260530,2025-03-25,24,14292,4800,2858400,71.46,430
real_metallica_20260530,2025-03-24,1,14293,200,2858600,71.47,431
real_metallica_20260530,2025-03-23,12,14305,2400,2861000,71.53,432
real_metallica_20260530,2025-03-22,8,14313,1600,2862600,71.56,433
real_metallica_20260530,2025-03-21,46,14359,9200,2871800,71.8,434
real_metallica_20260531,2025-10-23,145,145,29000,29000,0.73,219
real_metallica_20260531,2025-10-22,18,163,3600,32600,0.81,220
real_metallica_20260531,2025-10-21,135,298,27000,59600,1.49,221
real_metallica_20260531,2025-10-20,53,351,10600,70200,1.75,222
real_metallica_20260531,2025-10-19,121,472,24200,94400,2.36,223
real_metallica_20260531,2025-10-18,91,563,18200,112600,2.81,224
real_metallica_20260531,2025-10-17,143,706,28600,141200,3.53,225
real_metallica_20260531,2025-10-16,205,911,41000,182200,4.55,226
real_metallica_20260531,2025-10-15,54,965,10800,193000,4.83,227
real_metallica_20260531,2025-10-14,18,983,3600,196600,4.92,228
real_metallica_20260531,2025-10-13,32,1015,6400,203000,5.08,229
real_metallica_20260531,2025-10-12,76,1091,15200,218200,5.46,230
real_metallica_20260531,2025-10-11,63,1154,12600,230800,5.77,231
real_metallica_20260531,2025-10-10,76,1230,15200,246000,6.15,232
real_metallica_20260531,2025-10-09,5,1235,1000,247000,6.17,233
real_metallica_20260531,2025-10-08,120,1355,24000,271000,6.78,234
real_metallica_20260531,2025-10-07,64,1419,12800,283800,7.09,235
real_metallica_20260531,2025-10-06,91,1510,18200,302000,7.55,236
real_metallica_20260531,2025-10-05,20,1530,4000,306000,7.65,237
real_metallica_20260531,2025-10-04,19,1549,3800,309800,7.75,238
real_metallica_20260531,2025-10-03,61,1610,12200,322000,8.05,239
real_metallica_20260531,2025-10-02,156,1766,31200,353200,8.83,240
real_metallica_20260531,2025-10-01,102,1868,20400,373600,9.34,241
real_metallica_20260531,2025-09-30,139,2007,27800,401400,10.04,242
real_metallica_20260531,2025-09-29,28,2035,5600,407000,10.17,243
real_metallica_20260531,2025-09-28,67,2102,13400,420400,10.51,244
real_metallica_20260531,2025-09-27,8,2110,1600,422000,10.55,245
real_metallica_20260531,2025-09-26,66,2176,13200,435200,10.88,246
real_metallica_20260531,2025-09-25,113,2289,22600,457800,11.45,247
real_metallica_20260531,2025-09-24,35,2324,7000,464800,11.62,248
real_metallica_20260531,2025-09-23,104,2428,20800,485600,12.14,249
real_metallica_20260531,2025-09-22,193,2621,38600,524200,13.11,250
real_metallica_20260531,2025-09-21,15,2636,3000,527200,13.18,251
real_metallica_20260531,2025-09-20,18,2654,3600,530800,13.27,252
real_metallica_20260531,2025-09-19,144,2798,28800,559600,13.99,253
real_metallica_20260531,2025-09-18,179,2977,35800,595400,14.89,254
real_metallica_20260531,2025-09-17,206,3183,41200,636600,15.92,255
real_metallica_20260531,2025-09-16,9,3192,1800,638400,15.96,256
real_metallica_20260531,2025-09-15,153,3345,30600,669000,16.73,257
real_metallica_20260531,2025-09-14,20,3365,4000,673000,16.83,258
real_metallica_20260531,2025-09-13,122,3487,24400,697400,17.44,259
real_metallica_20260531,2025-09-12,69,3556,13800,711200,17.78,260
real_metallica_20260531,2025-09-11,26,3582,5200,716400,17.91,261
real_metallica_20260531,2025-09-10,64,3646,12800,729200,18.23,262
real_metallica_20260531,2025-09-09,44,3690,8800,738000,18.45,263
real_metallica_20260531,2025-09-08,77,3767,15400,753400,18.83,264
real_metallica_20260531,2025-09-07,58,3825,11600,765000,19.12,265
real_metallica_20260531,2025-09-06,7,3832,1400,766400,19.16,266
real_metallica_20260531,2025-09-05,25,3857,5000,771400,19.29,267
real_metallica_20260531,2025-09-04,97,3954,19400,790800,19.77,268
real_metallica_20260531,2025-09-03,188,4142,37600,828400,20.71,269
real_metallica_20260531,2025-09-02,61,4203,12200,840600,21.02,270
real_metallica_20260531,2025-09-01,48,4251,9600,850200,21.25,271
real_metallica_20260531,2025-08-31,110,4361,22000,872200,21.8,272
real_metallica_20260531,2025-08-30,140,4501,28000,900200,22.5,273
real_metallica_20260531,2025-08-29,56,4557,11200,911400,22.79,274
real_metallica_20260531,2025-08-28,78,4635,15600,927000,23.18,275
real_metallica_20260531,2025-08-27,188,4823,37600,964600,24.12,276
real_metallica_20260531,2025-08-26,87,4910,17400,982000,24.55,277
real_metallica_20260531,2025-08-25,14,4924,2800,984800,24.62,278
real_metallica_20260531,2025-08-24,23,4947,4600,989400,24.73,279
real_metallica_20260531,2025-08-23,58,5005,11600,1001000,25.02,280
real_metallica_20260531,2025-08-22,137,5142,27400,1028400,25.71,281
real_metallica_20260531,2025-08-21,3,5145,600,1029000,25.72,282
real_metallica_20260531,2025-08-20,63,5208,12600,1041600,26.04,283
real_metallica_20260531,2025-08-19,19,5227,3800,1045400,26.14,284
real_metallica_20260531,2025-08-18,56,5283,11200,1056600,26.41,285
real_metallica_20260531,2025-08-17,5,5288,1000,1057600,26.44,286
real_metallica_20260531,2025-08-16,62,5350,12400,1070000,26.75,287
real_metallica_20260531,2025-08-15,66,5416,13200,1083200,27.08,288
real_metallica_20260531,2025-08-14,122,5538,24400,1107600,27.69,289
real_metallica_20260531,2025-08-13,168,5706,33600,1141200,28.53,290
real_metallica_20260531,2025-08-12,32,5738,6400,1147600,28.69,291
real_metallica_20260531,2025-08-11,52,5790,10400,1158000,28.95,292
real_metallica_20260531,2025-08-10,91,5881,18200,1176200,29.4,293
real_metallica_20260531,2025-08-09,219,6100,43800,1220000,30.5,294
real_metallica_20260531,2025-08-08,91,6191,18200,1238200,30.95,295
real_metallica_20260531,2025-08-07,93,6284,18600,1256800,31.42,296
real_metallica_20260531,2025-08-06,74,6358,14800,1271600,31.79,297
real_metallica_20260531,2025-08-05,62,6420,12400,1284000,32.1,298
real_metallica_20260531,2025-08-04,68,6488,13600,1297600,32.44,299
real_metallica_20260531,2025-08-03,138,6626,27600,1325200,33.13,300
real_metallica_20260531,2025-08-02,13,6639,2600,1327800,33.2,301
real_metallica_20260531,2025-08-01,105,6744,21000,1348800,33.72,302
real_metallica_20260531,2025-07-31,159,6903,31800,1380600,34.52,303
real_metallica_20260531,2025-07-30,20,6923,4000,1384600,34.62,304
real_metallica_20260531,2025-07-29,17,6940,3400,1388000,34.7,305
real_metallica_20260531,2025-07-28,133,7073,26600,1414600,35.37,306
real_metallica_20260531,2025-07-27,94,7167,18800,1433400,35.84,307
real_metallica_20260531,2025-07-26,31,7198,6200,1439600,35.99,308
real_metallica_20260531,2025-07-25,36,7234,7200,1446800,36.17,309
real_metallica_20260531,2025-07-24,30,7264,6000,1452800,36.32,310
real_metallica_20260531,2025-07-23,166,7430,33200,1486000,37.15,311
real_metallica_20260531,2025-07-22,29,7459,5800,1491800,37.3,312
real_metallica_20260531,2025-07-21,4,7463,800,1492600,37.31,313
real_metallica_20260531,2025-07-20,98,7561,19600,1512200,37.8,314
real_metallica_20260531,2025-07-19,21,7582,4200,1516400,37.91,315
real_metallica_20260531,2025-07-18,78,7660,15600,1532000,38.3,316
real_metallica_20260531,2025-07-17,4,7664,800,1532800,38.32,317
real_metallica_20260531,2025-07-16,98,7762,19600,1552400,38.81,318
real_metallica_20260531,2025-07-15,57,7819,11400,1563800,39.09,319
real_metallica_20260531,2025-07-14,23,7842,4600,1568400,39.21,320
real_metallica_20260531,2025-07-13,136,7978,27200,1595600,39.89,321
real_metallica_20260531,2025-07-12,39,8017,7800,1603400,40.09,322
real_metallica_20260531,2025-07-11,44,8061,8800,1612200,40.3,323
real_metallica_20260531,2025-07-10,232,8293,46400,1658600,41.47,324
real_metallica_20260531,2025-07-09,86,8379,17200,1675800,41.89,325
real_metallica_20260531,2025-07-08,232,8611,46400,1722200,43.05,326
real_metallica_20260531,2025-07-07,55,8666,11000,1733200,43.33,327
real_metallica_20260531,2025-07-06,87,8753,17400,1750600,43.77,328
real_metallica_20260531,2025-07-05,159,8912,31800,1782400,44.56,329
real_metallica_20260531,2025-07-04,109,9021,21800,1804200,45.11,330
real_metallica_20260531,2025-07-03,188,9209,37600,1841800,46.05,331
real_metallica_20260531,2025-07-02,206,9415,41200,1883000,47.08,332
real_metallica_20260531,2025-07-01,49,9464,9800,1892800,47.32,333
real_metallica_20260531,2025-06-30,238,9702,47600,1940400,48.51,334
real_metallica_20260531,2025-06-29,136,9838,27200,1967600,49.19,335
real_metallica_20260531,2025-06-28,146,9984,29200,1996800,49.92,336
real_metallica_20260531,2025-06-27,196,10180,39200,2036000,50.9,337
real_metallica_20260531,2025-06-26,41,10221,8200,2044200,51.11,338
real_metallica_20260531,2025-06-25,119,10340,23800,2068000,51.7,339
real_metallica_20260531,2025-06-24,60,10400,12000,2080000,52.0,340
real_metallica_20260531,2025-06-23,1,10401,200,2080200,52.01,341
real_metallica_20260531,2025-06-22,70,10471,14000,2094200,52.35,342
real_metallica_20260531,2025-06-21,31,10502,6200,2100400,52.51,343
real_metallica_20260531,2025-06-20,75,10577,15000,2115400,52.89,344
real_metallica_20260531,2025-06-19,101,10678,20200,2135600,53.39,345
real_metallica_20260531,2025-06-18,35,10713,7000,2142600,53.56,346
real_metallica_20260531,2025-06-17,64,10777,12800,2155400,53.89,347
real_metallica_20260531,2025-06-16,207,10984,41400,2196800,54.92,348
real_metallica_20260531,2025-06-15,3,10987,600,2197400,54.94,349
real_metallica_20260531,2025-06-14,72,11059,14400,2211800,55.3,350
real_metallica_20260531,2025-06-13,67,11126,13400,2225200,55.63,351
real_metallica_20260531,2025-06-12,113,11239,22600,2247800,56.19,352
real_metallica_20260531,2025-06-11,112,11351,22400,2270200,56.76,353
real_metallica_20260531,2025-06-10,4,11355,800,2271000,56.77,354
real_metallica_20260531,2025-06-09,122,11477,24400,2295400,57.38,355
real_metallica_20260531,2025-06-08,142,11619,28400,2323800,58.09,356
real_metallica_20260531,2025-06-07,7,11626,1400,2325200,58.13,357
real_metallica_20260531,2025-06-06,20,11646,4000,2329200,58.23,358
real_metallica_20260531,2025-06-05,80,11726,16000,2345200,58.63,359
real_metallica_20260531,2025-06-04,112,11838,22400,2367600,59.19,360
real_metallica_20260531,2025-06-03,98,11936,19600,2387200,59.68,361
real_metallica_20260531,2025-06-02,66,12002,13200,2400400,60.01,362
real_metallica_20260531,2025-06-01,32,12034,6400,2406800,60.17,363
real_metallica_20260531,2025-05-31,22,12056,4400,2411200,60.28,364
real_metallica_20260531,2025-05-30,79,12135,15800,2427000,60.68,365
real_metallica_20260531,2025-05-29,29,12164,5800,2432800,60.82,366
real_metallica_20260531,2025-05-28,2,12166,400,2433200,60.83,367
real_metallica_20260531,2025-05-27,32,12198,6400,2439600,60.99,368
real_metallica_20260531,2025-05-26,74,12272,14800,2454400,61.36,369
real_metallica_20260531,2025-05-25,35,12307,7000,2461400,61.53,370
real_metallica_20260531,2025-05-24,7,12314,1400,2462800,61.57,371
real_metallica_20260531,2025-05-23,33,12347,6600,2469400,61.73,372
real_metallica_20260531,2025-05-22,2,12349,400,2469800,61.75,373
real_metallica_20260531,2025-05-21,45,12394,9000,2478800,61.97,374
real_metallica_20260531,2025-05-20,2,12396,400,2479200,61.98,375
real_metallica_20260531,2025-05-19,44,12440,8800,2488000,62.2,376
real_metallica_20260531,2025-05-18,32,12472,6400,2494400,62.36,377
real_metallica_20260531,2025-05-17,32,12504,6400,2500800,62.52,378
real_metallica_20260531,2025-05-16,13,12517,2600,2503400,62.59,379
real_metallica_20260531,2025-05-15,23,12540,4600,2508000,62.7,380
real_metallica_20260531,2025-05-14,53,12593,10600,2518600,62.97,381
real_metallica_20260531,2025-05-13,27,12620,5400,2524000,63.1,382
real_metallica_20260531,2025-05-12,18,12638,3600,2527600,63.19,383
real_metallica_20260531,2025-05-11,19,12657,3800,2531400,63.29,384
real_metallica_20260531,2025-05-10,42,12699,8400,2539800,63.5,385
real_metallica_20260531,2025-05-09,83,12782,16600,2556400,63.91,386
real_metallica_20260531,2025-05-08,18,12800,3600,2560000,64.0,387
real_metallica_20260531,2025-05-07,20,12820,4000,2564000,64.1,388
real_metallica_20260531,2025-05-06,18,12838,3600,2567600,64.19,389
real_metallica_20260531,2025-05-05,75,12913,15000,2582600,64.56,390
real_metallica_20260531,2025-05-04,19,12932,3800,2586400,64.66,391
real_metallica_20260531,2025-05-03,20,12952,4000,2590400,64.76,392
real_metallica_20260531,2025-05-02,49,13001,9800,2600200,65.0,393
real_metallica_20260531,2025-05-01,44,13045,8800,2609000,65.22,394
real_metallica_20260531,2025-04-30,48,13093,9600,2618600,65.46,395
real_metallica_20260531,2025-04-29,4,13097,800,2619400,65.48,396
real_metallica_20260531,2025-04-28,19,13116,3800,2623200,65.58,397
real_metallica_20260531,2025-04-27,41,13157,8200,2631400,65.79,398
real_metallica_20260531,2025-04-26,4,13161,800,2632200,65.81,399
real_metallica_20260531,2025-04-25,28,13189,5600,2637800,65.94,400
real_metallica_20260531,2025-04-24,36,13225,7200,2645000,66.12,401
real_metallica_20260531,2025-04-23,53,13278,10600,2655600,66.39,402
real_metallica_20260531,2025-04-22,7,13285,1400,2657000,66.42,403
real_metallica_20260531,2025-04-21,67,13352,13400,2670400,66.76,404
real_metallica_20260531,2025-04-20,60,13412,12000,2682400,67.06,405
real_metallica_20260531,2025-04-19,66,13478,13200,2695600,67.39,406
real_metallica_20260531,2025-04-18,17,13495,3400,2699000,67.47,407
real_metallica_20260531,2025-04-17,36,13531,7200,2706200,67.66,408
real_metallica_20260531,2025-04-16,15,13546,3000,2709200,67.73,409
real_metallica_20260531,2025-04-15,23,13569,4600,2713800,67.84,410
real_metallica_20260531,2025-04-14,20,13589,4000,2717800,67.94,411
real_metallica_20260531,2025-04-13,14,13603,2800,2720600,68.02,412
real_metallica_20260531,2025-04-12,56,13659,11200,2731800,68.29,413
real_metallica_20260531,2025-04-11,52,13711,10400,2742200,68.55,414
real_metallica_20260531,2025-04-10,22,13733,4400,2746600,68.66,415
real_metallica_20260531,2025-04-09,4,13737,800,2747400,68.69,416
real_metallica_20260531,2025-04-08,61,13798,12200,2759600,68.99,417
real_metallica_20260531,2025-04-07,57,13855,11400,2771000,69.27,418
real_metallica_20260531,2025-04-06,29,13884,5800,2776800,69.42,419
real_metallica_20260531,2025-04-05,52,13936,10400,2787200,69.68,420
real_metallica_20260531,2025-04-04,68,14004,13600,2800800,70.02,421
real_metallica_20260531,2025-04-03,26,14030,5200,2806000,70.15,422
real_metallica_20260531,2025-04-02,17,14047,3400,2809400,70.23,423
real_metallica_20260531,2025-04-01,36,14083,7200,2816600,70.42,424
real_metallica_20260531,2025-03-31,7,14090,1400,2818000,70.45,425
real_metallica_20260531,2025-03-30,26,14116,5200,2823200,70.58,426
real_metallica_20260531,2025-03-29,9,14125,1800,2825000,70.62,427
real_metallica_20260531,2025-03-28,40,14165,8000,2833000,70.83,428
real_metallica_20260531,2025-03-27,25,14190,5000,2838000,70.95,429
real_metallica_20260531,2025-03-26,58,14248,11600,2849600,71.24,430
real_metallica_20260531,2025-03-25,3,14251,600,2850200,71.25,431
real_metallica_20260531,2025-03-24,48,14299,9600,2859800,71.5,432
real_metallica_20260531,2025-03-23,59,14358,11800,2871600,71.79,433
real_metallica_20260531,2025-03-22,6,14364,1200,2872800,71.82,434
real_metallica_20260531,2025-03-21,2,14366,400,2873200,71.83,435
real_metallica_20260531,2025-03-20,3,14369,600,2873800,71.84,436
real_metallica_20260606,2025-10-23,18,18,3600,3600,0.09,225
real_metallica_20260606,2025-10-22,67,85,13400,17000,0.43,226
real_metallica_20260606,2025-10-21,231,316,46200,63200,1.58,227
real_metallica_20260606,2025-10-20,32,348,6400,69600,1.74,228
real_metallica_20260606,2025-10-19,142,490,28400,98000,2.45,229
real_metallica_20260606,2025-10-18,75,565,15000,113000,2.83,230
real_metallica_20260606,2025-10-17,105,670,21000,134000,3.35,231
real_metallica_20260606,2025-10-16,151,821,30200,164200,4.11,232
real_metallica_20260606,2025-10-15,27,848,5400,169600,4.24,233
real_metallica_20260606,2025-10-14,23,871,4600,174200,4.35,234
real_metallica_20260606,2025-10-13,45,916,9000,183200,4.58,235
real_metallica_20260606,2025-10-12,233,1149,46600,229800,5.75,236
real_metallica_20260606,2025-10-11,115,1264,23000,252800,6.32,237
real_metallica_20260606,2025-10-10,111,1375,22200,275000,6.88,238
real_metallica_20260606,2025-10-09,122,1497,24400,299400,7.49,239
real_metallica_20260606,2025-10-08,187,1684,37400,336800,8.42,240
real_metallica_20260606,2025-10-07,98,1782,19600,356400,8.91,241
real_metallica_20260606,2025-10-06,130,1912,26000,382400,9.56,242
real_metallica_20260606,2025-10-04,94,2006,18800,401200,10.03,244
real_metallica_20260606,2025-10-03,116,2122,23200,424400,10.61,245
real_metallica_20260606,2025-10-02,112,2234,22400,446800,11.17,246
real_metallica_20260606,2025-10-01,92,2326,18400,465200,11.63,247
real_metallica_20260606,2025-09-30,24,2350,4800,470000,11.75,248
real_metallica_20260606,2025-09-29,63,2413,12600,482600,12.06,249
real_metallica_20260606,2025-09-28,144,2557,28800,511400,12.78,250
real_metallica_20260606,2025-09-27,134,2691,26800,538200,13.46,251
real_metallica_20260606,2025-09-26,109,2800,21800,560000,14.0,252
real_metallica_20260606,2025-09-25,98,2898,19600,579600,14.49,253
real_metallica_20260606,2025-09-24,45,2943,9000,588600,14.71,254
real_metallica_20260606,2025-09-23,10,2953,2000,590600,14.77,255
real_metallica_20260606,2025-09-22,188,3141,37600,628200,15.71,256
real_metallica_20260606,2025-09-21,187,3328,37400,665600,16.64,257
real_metallica_20260606,2025-09-20,66,3394,13200,678800,16.97,258
real_metallica_20260606,2025-09-19,80,3474,16000,694800,17.37,259
real_metallica_20260606,2025-09-18,36,3510,7200,702000,17.55,260
real_metallica_20260606,2025-09-17,36,3546,7200,709200,17.73,261
real_metallica_20260606,2025-09-16,112,3658,22400,731600,18.29,262
real_metallica_20260606,2025-09-15,21,3679,4200,735800,18.39,263
real_metallica_20260606,2025-09-14,66,3745,13200,749000,18.73,264
real_metallica_20260606,2025-09-13,54,3799,10800,759800,19.0,265
real_metallica_20260606,2025-09-12,170,3969,34000,793800,19.84,266
real_metallica_20260606,2025-09-11,24,3993,4800,798600,19.96,267
real_metallica_20260606,2025-09-10,107,4100,21400,820000,20.5,268
real_metallica_20260606,2025-09-09,43,4143,8600,828600,20.71,269
real_metallica_20260606,2025-09-08,5,4148,1000,829600,20.74,270
real_metallica_20260606,2025-09-07,138,4286,27600,857200,21.43,271
real_metallica_20260606,2025-09-06,49,4335,9800,867000,21.68,272
real_metallica_20260606,2025-09-05,3,4338,600,867600,21.69,273
real_metallica_20260606,2025-09-04,72,4410,14400,882000,22.05,274
real_metallica_20260606,2025-09-03,146,4556,29200,911200,22.78,275
real_metallica_20260606,2025-09-02,113,4669,22600,933800,23.34,276
real_metallica_20260606,2025-09-01,116,4785,23200,957000,23.93,277
real_metallica_20260606,2025-08-31,28,4813,5600,962600,24.07,278
real_metallica_20260606,2025-08-30,30,4843,6000,968600,24.21,279
real_metallica_20260606,2025-08-29,110,4953,22000,990600,24.77,280
real_metallica_20260606,2025-08-28,22,4975,4400,995000,24.88,281
real_metallica_20260606,2025-08-27,71,5046,14200,1009200,25.23,282
real_metallica_20260606,2025-08-26,29,5075,5800,1015000,25.37,283
real_metallica_20260606,2025-08-25,205,5280,41000,1056000,26.4,284
real_metallica_20260606,2025-08-24,28,5308,5600,1061600,26.54,285
real_metallica_20260606,2025-08-23,83,5391,16600,1078200,26.96,286
real_metallica_20260606,2025-08-22,42,5433,8400,1086600,27.16,287
real_metallica_20260606,2025-08-21,131,5564,26200,1112800,27.82,288
real_metallica_20260606,2025-08-20,18,5582,3600,1116400,27.91,289
real_metallica_20260606,2025-08-19,80,5662,16000,1132400,28.31,290
real_metallica_20260606,2025-08-18,9,5671,1800,1134200,28.36,291
real_metallica_20260606,2025-08-17,133,5804,26600,1160800,29.02,292
real_metallica_20260606,2025-08-16,9,5813,1800,1162600,29.07,293
real_metallica_20260606,2025-08-15,160,5973,32000,1194600,29.87,294
real_metallica_20260606,2025-08-14,17,5990,3400,1198000,29.95,295
real_metallica_20260606,2025-08-13,56,6046,11200,1209200,30.23,296
real_metallica_20260606,2025-08-12,67,6113,13400,1222600,30.56,297
real_metallica_20260606,2025-08-11,124,6237,24800,1247400,31.19,298
real_metallica_20260606,2025-08-10,187,6424,37400,1284800,32.12,299
real_metallica_20260606,2025-08-09,33,6457,6600,1291400,32.29,300
real_metallica_20260606,2025-08-08,112,6569,22400,1313800,32.84,301
real_metallica_20260606,2025-08-07,66,6635,13200,1327000,33.17,302
real_metallica_20260606,2025-08-06,191,6826,38200,1365200,34.13,303
real_metallica_20260606,2025-08-05,55,6881,11000,1376200,34.41,304
real_metallica_20260606,2025-08-04,71,6952,14200,1390400,34.76,305
real_metallica_20260606,2025-08-03,181,7133,36200,1426600,35.66,306
real_metallica_20260606,2025-08-02,53,7186,10600,1437200,35.93,307
real_metallica_20260606,2025-08-01,157,7343,31400,1468600,36.71,308
real_metallica_20260606,2025-07-31,149,7492,29800,1498400,37.46,309
real_metallica_20260606,2025-07-30,44,7536,8800,1507200,37.68,310
real_metallica_20260606,2025-07-29,168,7704,33600,1540800,38.52,311
real_metallica_20260606,2025-07-28,224,7928,44800,1585600,39.64,312
real_metallica_20260606,2025-07-27,59,7987,11800,1597400,39.93,313
real_metallica_20260606,2025-07-26,171,8158,34200,1631600,40.79,314
real_metallica_20260606,2025-07-25,161,8319,32200,1663800,41.59,315
real_metallica_20260606,2025-07-24,91,8410,18200,1682000,42.05,316
real_metallica_20260606,2025-07-23,75,8485,15000,1697000,42.43,317
real_metallica_20260606,2025-07-22,14,8499,2800,1699800,42.49,318
real_metallica_20260606,2025-07-21,229,8728,45800,1745600,43.64,319
real_metallica_20260606,2025-07-20,73,8801,14600,1760200,44.01,320
real_metallica_20260606,2025-07-19,114,8915,22800,1783000,44.57,321
real_metallica_20260606,2025-07-18,108,9023,21600,1804600,45.12,322
real_metallica_20260606,2025-07-17,59,9082,11800,1816400,45.41,323
real_metallica_20260606,2025-07-16,169,9251,33800,1850200,46.26,324
real_metallica_20260606,2025-07-15,89,9340,17800,1868000,46.7,325
real_metallica_20260606,2025-07-14,32,9372,6400,1874400,46.86,326
real_metallica_20260606,2025-07-13,123,9495,24600,1899000,47.48,327
real_metallica_20260606,2025-07-12,221,9716,44200,1943200,48.58,328
real_metallica_20260606,2025-07-11,105,9821,21000,1964200,49.1,329
real_metallica_20260606,2025-07-10,7,9828,1400,1965600,49.14,330
real_metallica_20260606,2025-07-09,129,9957,25800,1991400,49.79,331
real_metallica_20260606,2025-07-08,108,10065,21600,2013000,50.32,332
real_metallica_20260606,2025-07-07,15,10080,3000,2016000,50.4,333
real_metallica_20260606,2025-07-06,82,10162,16400,2032400,50.81,334
real_metallica_20260606,2025-07-05,81,10243,16200,2048600,51.21,335
real_metallica_20260606,2025-07-04,113,10356,22600,2071200,51.78,336
real_metallica_20260606,2025-07-03,66,10422,13200,2084400,52.11,337
real_metallica_20260606,2025-07-02,68,10490,13600,2098000,52.45,338
real_metallica_20260606,2025-07-01,56,10546,11200,2109200,52.73,339
real_metallica_20260606,2025-06-30,11,10557,2200,2111400,52.79,340
real_metallica_20260606,2025-06-29,104,10661,20800,2132200,53.3,341
real_metallica_20260606,2025-06-28,112,10773,22400,2154600,53.86,342
real_metallica_20260606,2025-06-27,26,10799,5200,2159800,54.0,343
real_metallica_20260606,2025-06-26,28,10827,5600,2165400,54.13,344
real_metallica_20260606,2025-06-25,157,10984,31400,2196800,54.92,345
real_metallica_20260606,2025-06-24,33,11017,6600,2203400,55.08,346
real_metallica_20260606,2025-06-23,5,11022,1000,2204400,55.11,347
real_metallica_20260606,2025-06-22,5,11027,1000,2205400,55.13,348
real_metallica_20260606,2025-06-21,23,11050,4600,2210000,55.25,349
real_metallica_20260606,2025-06-20,85,11135,17000,2227000,55.67,350
real_metallica_20260606,2025-06-19,196,11331,39200,2266200,56.66,351
real_metallica_20260606,2025-06-18,16,11347,3200,2269400,56.73,352
real_metallica_20260606,2025-06-17,132,11479,26400,2295800,57.39,353
real_metallica_20260606,2025-06-16,68,11547,13600,2309400,57.73,354
real_metallica_20260606,2025-06-15,20,11567,4000,2313400,57.84,355
real_metallica_20260606,2025-06-14,101,11668,20200,2333600,58.34,356
real_metallica_20260606,2025-06-13,58,11726,11600,2345200,58.63,357
real_metallica_20260606,2025-06-12,41,11767,8200,2353400,58.84,358
real_metallica_20260606,2025-06-11,84,11851,16800,2370200,59.26,359
real_metallica_20260606,2025-06-10,141,11992,28200,2398400,59.96,360
real_metallica_20260606,2025-06-09,3,11995,600,2399000,59.98,361
real_metallica_20260606,2025-06-08,2,11997,400,2399400,59.98,362
real_metallica_20260606,2025-06-07,134,12131,26800,2426200,60.66,363
real_metallica_20260606,2025-06-06,50,12181,10000,2436200,60.91,364
real_metallica_20260606,2025-06-05,10,12191,2000,2438200,60.96,365
real_metallica_20260606,2025-06-04,19,12210,3800,2442000,61.05,366
real_metallica_20260606,2025-06-03,20,12230,4000,2446000,61.15,367
real_metallica_20260606,2025-06-02,31,12261,6200,2452200,61.3,368
real_metallica_20260606,2025-06-01,23,12284,4600,2456800,61.42,369
real_metallica_20260606,2025-05-31,24,12308,4800,2461600,61.54,370
real_metallica_20260606,2025-05-30,16,12324,3200,2464800,61.62,371
real_metallica_20260606,2025-05-29,34,12358,6800,2471600,61.79,372
real_metallica_20260606,2025-05-28,9,12367,1800,2473400,61.83,373
real_metallica_20260606,2025-05-27,26,12393,5200,2478600,61.97,374
real_metallica_20260606,2025-05-26,23,12416,4600,2483200,62.08,375
real_metallica_20260606,2025-05-25,19,12435,3800,2487000,62.18,376
real_metallica_20260606,2025-05-24,25,12460,5000,2492000,62.3,377
real_metallica_20260606,2025-05-23,38,12498,7600,2499600,62.49,378
real_metallica_20260606,2025-05-22,41,12539,8200,2507800,62.7,379
real_metallica_20260606,2025-05-21,47,12586,9400,2517200,62.93,380
real_metallica_20260606,2025-05-20,8,12594,1600,2518800,62.97,381
real_metallica_20260606,2025-05-19,6,12600,1200,2520000,63.0,382
real_metallica_20260606,2025-05-18,41,12641,8200,2528200,63.2,383
real_metallica_20260606,2025-05-17,24,12665,4800,2533000,63.32,384
real_metallica_20260606,2025-05-16,5,12670,1000,2534000,63.35,385
real_metallica_20260606,2025-05-15,26,12696,5200,2539200,63.48,386
real_metallica_20260606,2025-05-14,30,12726,6000,2545200,63.63,387
real_metallica_20260606,2025-05-13,44,12770,8800,2554000,63.85,388
real_metallica_20260606,2025-05-12,15,12785,3000,2557000,63.92,389
real_metallica_20260606,2025-05-11,31,12816,6200,2563200,64.08,390
real_metallica_20260606,2025-05-10,47,12863,9400,2572600,64.31,391
real_metallica_20260606,2025-05-09,13,12876,2600,2575200,64.38,392
real_metallica_20260606,2025-05-08,36,12912,7200,2582400,64.56,393
real_metallica_20260606,2025-05-07,50,12962,10000,2592400,64.81,394
real_metallica_20260606,2025-05-06,57,13019,11400,2603800,65.09,395
real_metallica_20260606,2025-05-05,36,13055,7200,2611000,65.28,396
real_metallica_20260606,2025-05-04,19,13074,3800,2614800,65.37,397
real_metallica_20260606,2025-05-03,40,13114,8000,2622800,65.57,398
real_metallica_20260606,2025-05-02,12,13126,2400,2625200,65.63,399
real_metallica_20260606,2025-05-01,13,13139,2600,2627800,65.7,400
real_metallica_20260606,2025-04-30,62,13201,12400,2640200,66.0,401
real_metallica_20260606,2025-04-29,5,13206,1000,2641200,66.03,402
real_metallica_20260606,2025-04-28,30,13236,6000,2647200,66.18,403
real_metallica_20260606,2025-04-27,53,13289,10600,2657800,66.44,404
real_metallica_20260606,2025-04-26,14,13303,2800,2660600,66.52,405
real_metallica_20260606,2025-04-25,31,13334,6200,2666800,66.67,406
real_metallica_20260606,2025-04-24,19,13353,3800,2670600,66.77,407
real_metallica_20260606,2025-04-23,19,13372,3800,2674400,66.86,408
real_metallica_20260606,2025-04-22,22,13394,4400,2678800,66.97,409
real_metallica_20260606,2025-04-21,26,13420,5200,2684000,67.1,410
real_metallica_20260606,2025-04-20,34,13454,6800,2690800,67.27,411
real_metallica_20260606,2025-04-19,62,13516,12400,2703200,67.58,412
real_metallica_20260606,2025-04-18,20,13536,4000,2707200,67.68,413
real_metallica_20260606,2025-04-17,30,13566,6000,2713200,67.83,414
real_metallica_20260606,2025-04-16,45,13611,9000,2722200,68.05,415
real_metallica_20260606,2025-04-15,35,13646,7000,2729200,68.23,416
real_metallica_20260606,2025-04-14,10,13656,2000,2731200,68.28,417
real_metallica_20260606,2025-04-13,54,13710,10800,2742000,68.55,418
real_metallica_20260606,2025-04-12,48,13758,9600,2751600,68.79,419
real_metallica_20260606,2025-04-10,7,13765,1400,2753000,68.83,421
real_metallica_20260606,2025-04-09,28,13793,5600,2758600,68.97,422
real_metallica_20260606,2025-04-08,14,13807,2800,2761400,69.03,423
real_metallica_20260606,2025-04-07,27,13834,5400,2766800,69.17,424
real_metallica_20260606,2025-04-06,40,13874,8000,2774800,69.37,425
real_metallica_20260606,2025-04-05,62,13936,12400,2787200,69.68,426
real_metallica_20260606,2025-04-04,35,13971,7000,2794200,69.86,427
real_metallica_20260606,2025-04-02,27,13998,5400,2799600,69.99,429
real_metallica_20260606,2025-04-01,86,14084,17200,2816800,70.42,430
real_metallica_20260606,2025-03-31,20,14104,4000,2820800,70.52,431
real_metallica_20260606,2025-03-30,47,14151,9400,2830200,70.75,432
real_metallica_20260606,2025-03-29,10,14161,2000,2832200,70.8,433
real_metallica_20260606,2025-03-28,33,14194,6600,2838800,70.97,434
real_metallica_20260606,2025-03-27,47,14241,9400,2848200,71.2,435
real_metallica_20260606,2025-03-26,16,14257,3200,2851400,71.28,436
real_metallica_20260606,2025-03-25,13,14270,2600,2854000,71.35,437
real_metallica_20260606,2025-03-24,17,14287,3400,2857400,71.44,438
real_metallica_20260606,2025-03-23,30,14317,6000,2863400,71.58,439
real_metallica_20260606,2025-03-22,13,14330,2600,2866000,71.65,440
real_metallica_20260606,2025-03-21,30,14360,6000,2872000,71.8,441
real_metallica_20260606,2025-03-19,12,14372,2400,2874400,71.86,443
real_metallica_20260606,2025-03-18,6,14378,1200,2875600,71.89,444
real_metallica_20260606,2025-03-17,21,14399,4200,2879800,72.0,445
real_metallica_20260606,2025-03-16,29,14428,5800,2885600,72.14,446
real_metallica_20260606,2025-03-15,8,14436,1600,2887200,72.18,447
real_metallica_20260606,2025-03-14,35,14471,7000,2894200,72.36,448
real_metallica_20260607,2025-10-23,88,88,17600,17600,0.44,226
real_metallica_20260607,2025-10-22,49,137,9800,27400,0.69,227
real_metallica_20260607,2025-10-21,109,246,21800,49200,1.23,228
real_metallica_20260607,2025-10-20,78,324,15600,64800,1.62,229
real_metallica_20260607,2025-10-19,103,427,20600,85400,2.14,230
real_metallica_20260607,2025-10-18,143,570,28600,114000,2.85,231
real_metallica_20260607,2025-10-17,168,738,33600,147600,3.69,232
real_metallica_20260607,2025-10-16,75,813,15000,162600,4.06,233
real_metallica_20260607,2025-10-15,93,906,18600,181200,4.53,234
real_metallica_20260607,2025-10-14,22,928,4400,185600,4.64,235
real_metallica_20260607,2025-10-13,26,954,5200,190800,4.77,236
real_metallica_20260607,2025-10-12,66,1020,13200,204000,5.1,237
real_metallica_20260607,2025-10-11,98,1118,19600,223600,5.59,238
real_metallica_20260607,2025-10-10,70,1188,14000,237600,5.94,239
real_metallica_20260607,2025-10-09,188,1376,37600,275200,6.88,240
real_metallica_20260607,2025-10-08,171,1547,34200,309400,7.74,241
real_metallica_20260607,2025-10-07,53,1600,10600,320000,8.0,242
real_metallica_20260607,2025-10-06,100,1700,20000,340000,8.5,243
real_metallica_20260607,2025-10-05,27,1727,5400,345400,8.63,244
real_metallica_20260607,2025-10-04,102,1829,20400,365800,9.14,245
real_metallica_20260607,2025-10-03,36,1865,7200,373000,9.32,246
real_metallica_20260607,2025-10-02,111,1976,22200,395200,9.88,247
real_metallica_20260607,2025-10-01,9,1985,1800,397000,9.93,248
real_metallica_20260607,2025-09-30,13,1998,2600,399600,9.99,249
real_metallica_20260607,2025-09-29,103,2101,20600,420200,10.51,250
real_metallica_20260607,2025-09-28,120,2221,24000,444200,11.11,251
real_metallica_20260607,2025-09-27,128,2349,25600,469800,11.74,252
real_metallica_20260607,2025-09-26,61,2410,12200,482000,12.05,253
real_metallica_20260607,2025-09-25,96,2506,19200,501200,12.53,254
real_metallica_20260607,2025-09-24,180,2686,36000,537200,13.43,255
real_metallica_20260607,2025-09-23,79,2765,15800,553000,13.83,256
real_metallica_20260607,2025-09-22,81,2846,16200,569200,14.23,257
real_metallica_20260607,2025-09-21,154,3000,30800,600000,15.0,258
real_metallica_20260607,2025-09-20,42,3042,8400,608400,15.21,259
real_metallica_20260607,2025-09-19,213,3255,42600,651000,16.28,260
real_metallica_20260607,2025-09-18,36,3291,7200,658200,16.46,261
real_metallica_20260607,2025-09-17,143,3434,28600,686800,17.17,262
real_metallica_20260607,2025-09-16,64,3498,12800,699600,17.49,263
real_metallica_20260607,2025-09-15,142,3640,28400,728000,18.2,264
real_metallica_20260607,2025-09-14,166,3806,33200,761200,19.03,265
real_metallica_20260607,2025-09-13,6,3812,1200,762400,19.06,266
real_metallica_20260607,2025-09-12,218,4030,43600,806000,20.15,267
real_metallica_20260607,2025-09-11,88,4118,17600,823600,20.59,268
real_metallica_20260607,2025-09-10,54,4172,10800,834400,20.86,269
real_metallica_20260607,2025-09-09,48,4220,9600,844000,21.1,270
real_metallica_20260607,2025-09-08,45,4265,9000,853000,21.32,271
real_metallica_20260607,2025-09-07,2,4267,400,853400,21.34,272
real_metallica_20260607,2025-09-06,46,4313,9200,862600,21.57,273
real_metallica_20260607,2025-09-05,1,4314,200,862800,21.57,274
real_metallica_20260607,2025-09-04,84,4398,16800,879600,21.99,275
real_metallica_20260607,2025-09-03,47,4445,9400,889000,22.23,276
real_metallica_20260607,2025-09-02,128,4573,25600,914600,22.86,277
real_metallica_20260607,2025-09-01,155,4728,31000,945600,23.64,278
real_metallica_20260607,2025-08-31,70,4798,14000,959600,23.99,279
real_metallica_20260607,2025-08-30,101,4899,20200,979800,24.5,280
real_metallica_20260607,2025-08-29,89,4988,17800,997600,24.94,281
real_metallica_20260607,2025-08-28,70,5058,14000,1011600,25.29,282
real_metallica_20260607,2025-08-27,146,5204,29200,1040800,26.02,283
real_metallica_20260607,2025-08-26,220,5424,44000,1084800,27.12,284
real_metallica_20260607,2025-08-25,120,5544,24000,1108800,27.72,285
real_metallica_20260607,2025-08-24,232,5776,46400,1155200,28.88,286
real_metallica_20260607,2025-08-23,121,5897,24200,1179400,29.48,287
real_metallica_20260607,2025-08-22,165,6062,33000,1212400,30.31,288
real_metallica_20260607,2025-08-21,206,6268,41200,1253600,31.34,289
real_metallica_20260607,2025-08-20,47,6315,9400,1263000,31.57,290
real_metallica_20260607,2025-08-19,91,6406,18200,1281200,32.03,291
real_metallica_20260607,2025-08-18,94,6500,18800,1300000,32.5,292
real_metallica_20260607,2025-08-17,108,6608,21600,1321600,33.04,293
real_metallica_20260607,2025-08-16,53,6661,10600,1332200,33.3,294
real_metallica_20260607,2025-08-15,30,6691,6000,1338200,33.45,295
real_metallica_20260607,2025-08-14,81,6772,16200,1354400,33.86,296
real_metallica_20260607,2025-08-13,80,6852,16000,1370400,34.26,297
real_metallica_20260607,2025-08-12,69,6921,13800,1384200,34.61,298
real_metallica_20260607,2025-08-11,49,6970,9800,1394000,34.85,299
real_metallica_20260607,2025-08-10,188,7158,37600,1431600,35.79,300
real_metallica_20260607,2025-08-09,86,7244,17200,1448800,36.22,301
real_metallica_20260607,2025-08-08,81,7325,16200,1465000,36.62,302
real_metallica_20260607,2025-08-07,43,7368,8600,1473600,36.84,303
real_metallica_20260607,2025-08-06,150,7518,30000,1503600,37.59,304
real_metallica_20260607,2025-08-05,93,7611,18600,1522200,38.05,305
real_metallica_20260607,2025-08-04,170,7781,34000,1556200,38.91,306
real_metallica_20260607,2025-08-03,15,7796,3000,1559200,38.98,307
real_metallica_20260607,2025-08-02,97,7893,19400,1578600,39.47,308
real_metallica_20260607,2025-08-01,68,7961,13600,1592200,39.8,309
real_metallica_20260607,2025-07-31,56,8017,11200,1603400,40.09,310
real_metallica_20260607,2025-07-30,77,8094,15400,1618800,40.47,311
real_metallica_20260607,2025-07-29,64,8158,12800,1631600,40.79,312
real_metallica_20260607,2025-07-27,89,8247,17800,1649400,41.23,314
real_metallica_20260607,2025-07-26,59,8306,11800,1661200,41.53,315
real_metallica_20260607,2025-07-25,178,8484,35600,1696800,42.42,316
real_metallica_20260607,2025-07-24,59,8543,11800,1708600,42.71,317
real_metallica_20260607,2025-07-23,11,8554,2200,1710800,42.77,318
real_metallica_20260607,2025-07-22,11,8565,2200,1713000,42.83,319
real_metallica_20260607,2025-07-21,75,8640,15000,1728000,43.2,320
real_metallica_20260607,2025-07-20,5,8645,1000,1729000,43.23,321
real_metallica_20260607,2025-07-19,201,8846,40200,1769200,44.23,322
real_metallica_20260607,2025-07-18,81,8927,16200,1785400,44.64,323
real_metallica_20260607,2025-07-17,20,8947,4000,1789400,44.73,324
real_metallica_20260607,2025-07-16,63,9010,12600,1802000,45.05,325
real_metallica_20260607,2025-07-15,48,9058,9600,1811600,45.29,326
real_metallica_20260607,2025-07-14,188,9246,37600,1849200,46.23,327
real_metallica_20260607,2025-07-13,6,9252,1200,1850400,46.26,328
real_metallica_20260607,2025-07-12,73,9325,14600,1865000,46.62,329
real_metallica_20260607,2025-07-11,17,9342,3400,1868400,46.71,330
real_metallica_20260607,2025-07-10,105,9447,21000,1889400,47.23,331
real_metallica_20260607,2025-07-09,24,9471,4800,1894200,47.36,332
real_metallica_20260607,2025-07-08,51,9522,10200,1904400,47.61,333
real_metallica_20260607,2025-07-07,37,9559,7400,1911800,47.8,334
real_metallica_20260607,2025-07-06,112,9671,22400,1934200,48.35,335
real_metallica_20260607,2025-07-05,125,9796,25000,1959200,48.98,336
real_metallica_20260607,2025-07-04,93,9889,18600,1977800,49.45,337
real_metallica_20260607,2025-07-03,133,10022,26600,2004400,50.11,338
real_metallica_20260607,2025-07-02,161,10183,32200,2036600,50.91,339
real_metallica_20260607,2025-07-01,43,10226,8600,2045200,51.13,340
real_metallica_20260607,2025-06-30,74,10300,14800,2060000,51.5,341
real_metallica_20260607,2025-06-29,137,10437,27400,2087400,52.19,342
real_metallica_20260607,2025-06-28,179,10616,35800,2123200,53.08,343
real_metallica_20260607,2025-06-27,73,10689,14600,2137800,53.45,344
real_metallica_20260607,2025-06-26,89,10778,17800,2155600,53.89,345
real_metallica_20260607,2025-06-25,141,10919,28200,2183800,54.6,346
real_metallica_20260607,2025-06-24,203,11122,40600,2224400,55.61,347
real_metallica_20260607,2025-06-23,131,11253,26200,2250600,56.27,348
real_metallica_20260607,2025-06-22,66,11319,13200,2263800,56.59,349
real_metallica_20260607,2025-06-21,33,11352,6600,2270400,56.76,350
real_metallica_20260607,2025-06-20,14,11366,2800,2273200,56.83,351
real_metallica_20260607,2025-06-19,161,11527,32200,2305400,57.64,352
real_metallica_20260607,2025-06-18,17,11544,3400,2308800,57.72,353
real_metallica_20260607,2025-06-17,82,11626,16400,2325200,58.13,354
real_metallica_20260607,2025-06-16,96,11722,19200,2344400,58.61,355
real_metallica_20260607,2025-06-15,8,11730,1600,2346000,58.65,356
real_metallica_20260607,2025-06-14,26,11756,5200,2351200,58.78,357
real_metallica_20260607,2025-06-13,2,11758,400,2351600,58.79,358
real_metallica_20260607,2025-06-12,60,11818,12000,2363600,59.09,359
real_metallica_20260607,2025-06-11,25,11843,5000,2368600,59.21,360
real_metallica_20260607,2025-06-10,45,11888,9000,2377600,59.44,361
real_metallica_20260607,2025-06-09,119,12007,23800,2401400,60.04,362
real_metallica_20260607,2025-06-08,5,12012,1000,2402400,60.06,363
real_metallica_20260607,2025-06-07,157,12169,31400,2433800,60.85,364
real_metallica_20260607,2025-06-06,147,12316,29400,2463200,61.58,365
real_metallica_20260607,2025-06-05,51,12367,10200,2473400,61.83,366
real_metallica_20260607,2025-06-04,15,12382,3000,2476400,61.91,367
real_metallica_20260607,2025-06-03,23,12405,4600,2481000,62.02,368
real_metallica_20260607,2025-06-02,61,12466,12200,2493200,62.33,369
real_metallica_20260607,2025-06-01,38,12504,7600,2500800,62.52,370
real_metallica_20260607,2025-05-31,14,12518,2800,2503600,62.59,371
real_metallica_20260607,2025-05-30,64,12582,12800,2516400,62.91,372
real_metallica_20260607,2025-05-29,27,12609,5400,2521800,63.04,373
real_metallica_20260607,2025-05-28,73,12682,14600,2536400,63.41,374
real_metallica_20260607,2025-05-27,1,12683,200,2536600,63.41,375
real_metallica_20260607,2025-05-26,10,12693,2000,2538600,63.47,376
real_metallica_20260607,2025-05-25,76,12769,15200,2553800,63.84,377
real_metallica_20260607,2025-05-24,67,12836,13400,2567200,64.18,378
real_metallica_20260607,2025-05-23,36,12872,7200,2574400,64.36,379
real_metallica_20260607,2025-05-22,16,12888,3200,2577600,64.44,380
real_metallica_20260607,2025-05-21,6,12894,1200,2578800,64.47,381
real_metallica_20260607,2025-05-20,39,12933,7800,2586600,64.66,382
real_metallica_20260607,2025-05-19,18,12951,3600,2590200,64.75,383
real_metallica_20260607,2025-05-18,58,13009,11600,2601800,65.05,384
real_metallica_20260607,2025-05-17,29,13038,5800,2607600,65.19,385
real_metallica_20260607,2025-05-16,4,13042,800,2608400,65.21,386
real_metallica_20260607,2025-05-15,11,13053,2200,2610600,65.27,387
real_metallica_20260607,2025-05-14,5,13058,1000,2611600,65.29,388
real_metallica_20260607,2025-05-13,13,13071,2600,2614200,65.35,389
real_metallica_20260607,2025-05-12,46,13117,9200,2623400,65.59,390
real_metallica_20260607,2025-05-11,35,13152,7000,2630400,65.76,391
real_metallica_20260607,2025-05-10,47,13199,9400,2639800,66.0,392
real_metallica_20260607,2025-05-09,5,13204,1000,2640800,66.02,393
real_metallica_20260607,2025-05-08,30,13234,6000,2646800,66.17,394
real_metallica_20260607,2025-05-07,25,13259,5000,2651800,66.3,395
real_metallica_20260607,2025-05-06,60,13319,12000,2663800,66.59,396
real_metallica_20260607,2025-05-05,59,13378,11800,2675600,66.89,397
real_metallica_20260607,2025-05-04,12,13390,2400,2678000,66.95,398
real_metallica_20260607,2025-05-03,20,13410,4000,2682000,67.05,399
real_metallica_20260607,2025-05-02,17,13427,3400,2685400,67.14,400
real_metallica_20260607,2025-05-01,20,13447,4000,2689400,67.23,401
real_metallica_20260607,2025-04-30,54,13501,10800,2700200,67.51,402
real_metallica_20260607,2025-04-29,9,13510,1800,2702000,67.55,403
real_metallica_20260607,2025-04-28,42,13552,8400,2710400,67.76,404
real_metallica_20260607,2025-04-27,3,13555,600,2711000,67.77,405
real_metallica_20260607,2025-04-26,38,13593,7600,2718600,67.97,406
real_metallica_20260607,2025-04-25,15,13608,3000,2721600,68.04,407
real_metallica_20260607,2025-04-24,21,13629,4200,2725800,68.14,408
real_metallica_20260607,2025-04-22,50,13679,10000,2735800,68.39,410
real_metallica_20260607,2025-04-21,29,13708,5800,2741600,68.54,411
real_metallica_20260607,2025-04-20,12,13720,2400,2744000,68.6,412
real_metallica_20260607,2025-04-19,19,13739,3800,2747800,68.69,413
real_metallica_20260607,2025-04-18,21,13760,4200,2752000,68.8,414
real_metallica_20260607,2025-04-17,11,13771,2200,2754200,68.86,415
real_metallica_20260607,2025-04-16,18,13789,3600,2757800,68.95,416
real_metallica_20260607,2025-04-15,43,13832,8600,2766400,69.16,417
real_metallica_20260607,2025-04-14,4,13836,800,2767200,69.18,418
real_metallica_20260607,2025-04-13,26,13862,5200,2772400,69.31,419
real_metallica_20260607,2025-04-12,25,13887,5000,2777400,69.44,420
real_metallica_20260607,2025-04-11,13,13900,2600,2780000,69.5,421
real_metallica_20260607,2025-04-10,5,13905,1000,2781000,69.53,422
real_metallica_20260607,2025-04-09,46,13951,9200,2790200,69.75,423
real_metallica_20260607,2025-04-08,25,13976,5000,2795200,69.88,424
real_metallica_20260607,2025-04-07,1,13977,200,2795400,69.88,425
real_metallica_20260607,2025-04-06,8,13985,1600,2797000,69.92,426
real_metallica_20260607,2025-04-05,24,14009,4800,2801800,70.05,427
real_metallica_20260607,2025-04-04,1,14010,200,2802000,70.05,428
real_metallica_20260607,2025-04-03,42,14052,8400,2810400,70.26,429
real_metallica_20260607,2025-04-02,49,14101,9800,2820200,70.5,430
real_metallica_20260607,2025-04-01,27,14128,5400,2825600,70.64,431
real_metallica_20260607,2025-03-31,40,14168,8000,2833600,70.84,432
real_metallica_20260607,2025-03-30,28,14196,5600,2839200,70.98,433
real_metallica_20260607,2025-03-29,49,14245,9800,2849000,71.23,434
real_metallica_20260607,2025-03-28,21,14266,4200,2853200,71.33,435
real_metallica_20260607,2025-03-27,46,14312,9200,2862400,71.56,436
real_metallica_20260607,2025-03-26,11,14323,2200,2864600,71.61,437
real_metallica_20260607,2025-03-25,68,14391,13600,2878200,71.95,438
real_metallica_20260607,2025-03-24,10,14401,2000,2880200,72.0,439
real_metallica_20260607,2025-03-23,21,14422,4200,2884400,72.11,440
real_metallica_20260607,2025-03-22,75,14497,15000,2899400,72.48,441
real_metallica_20260607,2025-03-21,32,14529,6400,2905800,72.65,442
real_metallica_20260607,2025-03-20,58,14587,11600,2917400,72.94,443
real_metallica_20260607,2025-03-19,29,14616,5800,2923200,73.08,444
real_metallica_20260607,2025-03-18,7,14623,1400,2924600,73.11,445
real_metallica_20260607,2025-03-17,58,14681,11600,2936200,73.41,446
real_metallica_20260607,2025-03-16,38,14719,7600,2943800,73.59,447
real_metallica_20260607,2025-03-15,32,14751,6400,2950200,73.76,448
real_metallica_20260607,2025-03-14,43,14794,8600,2958800,73.97,449
real_metallica_20260607,2025-03-13,1,14795,200,2959000,73.98,450
real_metallica_20260613,2025-10-23,45,45,9000,9000,0.22,232
real_metallica_20260613,2025-10-22,106,151,21200,30200,0.76,233
real_metallica_20260613,2025-10-21,41,192,8200,38400,0.96,234
real_metallica_20260613,2025-10-20,9,201,1800,40200,1.0,235
real_metallica_20260613,2025-10-19,91,292,18200,58400,1.46,236
real_metallica_20260613,2025-10-18,136,428,27200,85600,2.14,237
real_metallica_20260613,2025-10-17,63,491,12600,98200,2.46,238
real_metallica_20260613,2025-10-16,68,559,13600,111800,2.79,239
real_metallica_20260613,2025-10-15,93,652,18600,130400,3.26,240
real_metallica_20260613,2025-10-14,63,715,12600,143000,3.57,241
real_metallica_20260613,2025-10-13,70,785,14000,157000,3.92,242
real_metallica_20260613,2025-10-12,117,902,23400,180400,4.51,243
real_metallica_20260613,2025-10-11,62,964,12400,192800,4.82,244
real_metallica_20260613,2025-10-10,231,1195,46200,239000,5.97,245
real_metallica_20260613,2025-10-09,187,1382,37400,276400,6.91,246
real_metallica_20260613,2025-10-08,145,1527,29000,305400,7.63,247
real_metallica_20260613,2025-10-07,19,1546,3800,309200,7.73,248
real_metallica_20260613,2025-10-06,9,1555,1800,311000,7.78,249
real_metallica_20260613,2025-10-05,92,1647,18400,329400,8.24,250
real_metallica_20260613,2025-10-04,25,1672,5000,334400,8.36,251
real_metallica_20260613,2025-10-03,20,1692,4000,338400,8.46,252
real_metallica_20260613,2025-10-02,77,1769,15400,353800,8.85,253
real_metallica_20260613,2025-10-01,5,1774,1000,354800,8.87,254
real_metallica_20260613,2025-09-30,95,1869,19000,373800,9.35,255
real_metallica_20260613,2025-09-29,20,1889,4000,377800,9.45,256
real_metallica_20260613,2025-09-28,110,1999,22000,399800,9.99,257
real_metallica_20260613,2025-09-27,203,2202,40600,440400,11.01,258
real_metallica_20260613,2025-09-26,33,2235,6600,447000,11.18,259
real_metallica_20260613,2025-09-25,124,2359,24800,471800,11.79,260
real_metallica_20260613,2025-09-24,12,2371,2400,474200,11.86,261
real_metallica_20260613,2025-09-23,121,2492,24200,498400,12.46,262
real_metallica_20260613,2025-09-22,119,2611,23800,522200,13.05,263
real_metallica_20260613,2025-09-21,47,2658,9400,531600,13.29,264
real_metallica_20260613,2025-09-20,11,2669,2200,533800,13.35,265
real_metallica_20260613,2025-09-19,46,2715,9200,543000,13.58,266
real_metallica_20260613,2025-09-18,69,2784,13800,556800,13.92,267
real_metallica_20260613,2025-09-17,26,2810,5200,562000,14.05,268
real_metallica_20260613,2025-09-16,53,2863,10600,572600,14.31,269
real_metallica_20260613,2025-09-15,70,2933,14000,586600,14.67,270
real_metallica_20260613,2025-09-14,81,3014,16200,602800,15.07,271
real_metallica_20260613,2025-09-13,28,3042,5600,608400,15.21,272
real_metallica_20260613,2025-09-12,41,3083,8200,616600,15.42,273
real_metallica_20260613,2025-09-11,78,3161,15600,632200,15.8,274
real_metallica_20260613,2025-09-10,117,3278,23400,655600,16.39,275
real_metallica_20260613,2025-09-09,162,3440,32400,688000,17.2,276
real_metallica_20260613,2025-09-08,138,3578,27600,715600,17.89,277
real_metallica_20260613,2025-09-07,142,3720,28400,744000,18.6,278
real_metallica_20260613,2025-09-06,43,3763,8600,752600,18.82,279
real_metallica_20260613,2025-09-05,113,3876,22600,775200,19.38,280
real_metallica_20260613,2025-09-04,109,3985,21800,797000,19.93,281
real_metallica_20260613,2025-09-03,53,4038,10600,807600,20.19,282
real_metallica_20260613,2025-09-02,43,4081,8600,816200,20.41,283
real_metallica_20260613,2025-09-01,65,4146,13000,829200,20.73,284
real_metallica_20260613,2025-08-31,146,4292,29200,858400,21.46,285
real_metallica_20260613,2025-08-30,161,4453,32200,890600,22.26,286
real_metallica_20260613,2025-08-29,88,4541,17600,908200,22.71,287
real_metallica_20260613,2025-08-28,95,4636,19000,927200,23.18,288
real_metallica_20260613,2025-08-27,189,4825,37800,965000,24.12,289
real_metallica_20260613,2025-08-26,80,4905,16000,981000,24.52,290
real_metallica_20260613,2025-08-25,119,5024,23800,1004800,25.12,291
real_metallica_20260613,2025-08-24,79,5103,15800,1020600,25.52,292
real_metallica_20260613,2025-08-23,159,5262,31800,1052400,26.31,293
real_metallica_20260613,2025-08-22,110,5372,22000,1074400,26.86,294
real_metallica_20260613,2025-08-21,5,5377,1000,1075400,26.88,295
real_metallica_20260613,2025-08-20,72,5449,14400,1089800,27.25,296
real_metallica_20260613,2025-08-19,125,5574,25000,1114800,27.87,297
real_metallica_20260613,2025-08-18,192,5766,38400,1153200,28.83,298
real_metallica_20260613,2025-08-17,33,5799,6600,1159800,28.99,299
real_metallica_20260613,2025-08-16,31,5830,6200,1166000,29.15,300
real_metallica_20260613,2025-08-15,27,5857,5400,1171400,29.29,301
real_metallica_20260613,2025-08-14,14,5871,2800,1174200,29.35,302
real_metallica_20260613,2025-08-13,45,5916,9000,1183200,29.58,303
real_metallica_20260613,2025-08-12,196,6112,39200,1222400,30.56,304
real_metallica_20260613,2025-08-11,188,6300,37600,1260000,31.5,305
real_metallica_20260613,2025-08-10,209,6509,41800,1301800,32.55,306
real_metallica_20260613,2025-08-09,55,6564,11000,1312800,32.82,307
real_metallica_20260613,2025-08-08,153,6717,30600,1343400,33.59,308
real_metallica_20260613,2025-08-07,92,6809,18400,1361800,34.04,309
real_metallica_20260613,2025-08-06,170,6979,34000,1395800,34.89,310
real_metallica_20260613,2025-08-05,162,7141,32400,1428200,35.7,311
real_metallica_20260613,2025-08-04,81,7222,16200,1444400,36.11,312
real_metallica_20260613,2025-08-03,136,7358,27200,1471600,36.79,313
real_metallica_20260613,2025-08-02,103,7461,20600,1492200,37.3,314
real_metallica_20260613,2025-08-01,118,7579,23600,1515800,37.9,315
real_metallica_20260613,2025-07-31,115,7694,23000,1538800,38.47,316
real_metallica_20260613,2025-07-30,111,7805,22200,1561000,39.02,317
real_metallica_20260613,2025-07-29,36,7841,7200,1568200,39.2,318
real_metallica_20260613,2025-07-28,42,7883,8400,1576600,39.41,319
real_metallica_20260613,2025-07-27,167,8050,33400,1610000,40.25,320
real_metallica_20260613,2025-07-26,116,8166,23200,1633200,40.83,321
real_metallica_20260613,2025-07-25,74,8240,14800,1648000,41.2,322
real_metallica_20260613,2025-07-24,107,8347,21400,1669400,41.73,323
real_metallica_20260613,2025-07-23,7,8354,1400,1670800,41.77,324
real_metallica_20260613,2025-07-22,35,8389,7000,1677800,41.95,325
real_metallica_20260613,2025-07-21,128,8517,25600,1703400,42.59,326
real_metallica_20260613,2025-07-20,209,8726,41800,1745200,43.63,327
real_metallica_20260613,2025-07-19,83,8809,16600,1761800,44.05,328
real_metallica_20260613,2025-07-18,42,8851,8400,1770200,44.26,329
real_metallica_20260613,2025-07-17,120,8971,24000,1794200,44.86,330
real_metallica_20260613,2025-07-16,94,9065,18800,1813000,45.32,331
real_metallica_20260613,2025-07-15,76,9141,15200,1828200,45.7,332
real_metallica_20260613,2025-07-14,167,9308,33400,1861600,46.54,333
real_metallica_20260613,2025-07-13,130,9438,26000,1887600,47.19,334
real_metallica_20260613,2025-07-12,217,9655,43400,1931000,48.27,335
real_metallica_20260613,2025-07-11,117,9772,23400,1954400,48.86,336
real_metallica_20260613,2025-07-10,61,9833,12200,1966600,49.16,337
real_metallica_20260613,2025-07-09,91,9924,18200,1984800,49.62,338
real_metallica_20260613,2025-07-08,82,10006,16400,2001200,50.03,339
real_metallica_20260613,2025-07-07,8,10014,1600,2002800,50.07,340
real_metallica_20260613,2025-07-06,52,10066,10400,2013200,50.33,341
real_metallica_20260613,2025-07-05,117,10183,23400,2036600,50.91,342
real_metallica_20260613,2025-07-04,113,10296,22600,2059200,51.48,343
real_metallica_20260613,2025-07-03,90,10386,18000,2077200,51.93,344
real_metallica_20260613,2025-07-02,128,10514,25600,2102800,52.57,345
real_metallica_20260613,2025-07-01,154,10668,30800,2133600,53.34,346
real_metallica_20260613,2025-06-30,223,10891,44600,2178200,54.45,347
real_metallica_20260613,2025-06-29,40,10931,8000,2186200,54.66,348
real_metallica_20260613,2025-06-28,17,10948,3400,2189600,54.74,349
real_metallica_20260613,2025-06-27,4,10952,800,2190400,54.76,350
real_metallica_20260613,2025-06-26,104,11056,20800,2211200,55.28,351
real_metallica_20260613,2025-06-25,120,11176,24000,2235200,55.88,352
real_metallica_20260613,2025-06-24,18,11194,3600,2238800,55.97,353
real_metallica_20260613,2025-06-23,66,11260,13200,2252000,56.3,354
real_metallica_20260613,2025-06-22,137,11397,27400,2279400,56.98,355
real_metallica_20260613,2025-06-21,99,11496,19800,2299200,57.48,356
real_metallica_20260613,2025-06-20,136,11632,27200,2326400,58.16,357
real_metallica_20260613,2025-06-19,112,11744,22400,2348800,58.72,358
real_metallica_20260613,2025-06-18,15,11759,3000,2351800,58.79,359
real_metallica_20260613,2025-06-17,101,11860,20200,2372000,59.3,360
real_metallica_20260613,2025-06-16,185,12045,37000,2409000,60.22,361
real_metallica_20260613,2025-06-15,93,12138,18600,2427600,60.69,362
real_metallica_20260613,2025-06-14,130,12268,26000,2453600,61.34,363
real_metallica_20260613,2025-06-13,112,12380,22400,2476000,61.9,364
real_metallica_20260613,2025-06-12,31,12411,6200,2482200,62.06,365
real_metallica_20260613,2025-06-11,16,12427,3200,2485400,62.13,366
real_metallica_20260613,2025-06-10,14,12441,2800,2488200,62.2,367
real_metallica_20260613,2025-06-09,46,12487,9200,2497400,62.43,368
real_metallica_20260613,2025-06-08,21,12508,4200,2501600,62.54,369
real_metallica_20260613,2025-06-07,15,12523,3000,2504600,62.61,370
real_metallica_20260613,2025-06-06,26,12549,5200,2509800,62.74,371
real_metallica_20260613,2025-06-05,21,12570,4200,2514000,62.85,372
real_metallica_20260613,2025-06-04,9,12579,1800,2515800,62.9,373
real_metallica_20260613,2025-06-03,45,12624,9000,2524800,63.12,374
real_metallica_20260613,2025-06-02,15,12639,3000,2527800,63.2,375
real_metallica_20260613,2025-06-01,43,12682,8600,2536400,63.41,376
real_metallica_20260613,2025-05-31,28,12710,5600,2542000,63.55,377
real_metallica_20260613,2025-05-30,28,12738,5600,2547600,63.69,378
real_metallica_20260613,2025-05-29,35,12773,7000,2554600,63.87,379
real_metallica_20260613,2025-05-28,17,12790,3400,2558000,63.95,380
real_metallica_20260613,2025-05-27,18,12808,3600,2561600,64.04,381
real_metallica_20260613,2025-05-26,28,12836,5600,2567200,64.18,382
real_metallica_20260613,2025-05-25,23,12859,4600,2571800,64.3,383
real_metallica_20260613,2025-05-24,39,12898,7800,2579600,64.49,384
real_metallica_20260613,2025-05-23,20,12918,4000,2583600,64.59,385
real_metallica_20260613,2025-05-22,19,12937,3800,2587400,64.69,386
real_metallica_20260613,2025-05-21,28,12965,5600,2593000,64.83,387
real_metallica_20260613,2025-05-20,19,12984,3800,2596800,64.92,388
real_metallica_20260613,2025-05-19,16,13000,3200,2600000,65.0,389
real_metallica_20260613,2025-05-18,18,13018,3600,2603600,65.09,390
real_metallica_20260613,2025-05-17,32,13050,6400,2610000,65.25,391
real_metallica_20260613,2025-05-16,3,13053,600,2610600,65.27,392
real_metallica_20260613,2025-05-15,74,13127,14800,2625400,65.64,393
real_metallica_20260613,2025-05-14,37,13164,7400,2632800,65.82,394
real_metallica_20260613,2025-05-13,11,13175,2200,2635000,65.88,395
real_metallica_20260613,2025-05-12,66,13241,13200,2648200,66.2,396
real_metallica_20260613,2025-05-11,39,13280,7800,2656000,66.4,397
real_metallica_20260613,2025-05-10,44,13324,8800,2664800,66.62,398
real_metallica_20260613,2025-05-09,64,13388,12800,2677600,66.94,399
real_metallica_20260613,2025-05-08,23,13411,4600,2682200,67.05,400
real_metallica_20260613,2025-05-07,31,13442,6200,2688400,67.21,401
real_metallica_20260613,2025-05-06,61,13503,12200,2700600,67.52,402
real_metallica_20260613,2025-05-05,24,13527,4800,2705400,67.64,403
real_metallica_20260613,2025-05-04,2,13529,400,2705800,67.64,404
real_metallica_20260613,2025-05-03,19,13548,3800,2709600,67.74,405
real_metallica_20260613,2025-05-02,9,13557,1800,2711400,67.78,406
real_metallica_20260613,2025-05-01,7,13564,1400,2712800,67.82,407
real_metallica_20260613,2025-04-30,45,13609,9000,2721800,68.05,408
real_metallica_20260613,2025-04-29,36,13645,7200,2729000,68.23,409
real_metallica_20260613,2025-04-28,1,13646,200,2729200,68.23,410
real_metallica_20260613,2025-04-27,67,13713,13400,2742600,68.56,411
real_metallica_20260613,2025-04-26,25,13738,5000,2747600,68.69,412
real_metallica_20260613,2025-04-25,2,13740,400,2748000,68.7,413
real_metallica_20260613,2025-04-24,6,13746,1200,2749200,68.73,414
real_metallica_20260613,2025-04-23,64,13810,12800,2762000,69.05,415
real_metallica_20260613,2025-04-22,5,13815,1000,2763000,69.08,416
real_metallica_20260613,2025-04-21,7,13822,1400,2764400,69.11,417
real_metallica_20260613,2025-04-20,33,13855,6600,2771000,69.27,418
real_metallica_20260613,2025-04-19,16,13871,3200,2774200,69.36,419
real_metallica_20260613,2025-04-18,23,13894,4600,2778800,69.47,420
real_metallica_20260613,2025-04-17,31,13925,6200,2785000,69.62,421
real_metallica_20260613,2025-04-16,29,13954,5800,2790800,69.77,422
real_metallica_20260613,2025-04-15,38,13992,7600,2798400,69.96,423
real_metallica_20260613,2025-04-14,17,14009,3400,2801800,70.05,424
real_metallica_20260613,2025-04-13,12,14021,2400,2804200,70.1,425
real_metallica_20260613,2025-04-12,8,14029,1600,2805800,70.14,426
real_metallica_20260613,2025-04-11,16,14045,3200,2809000,70.23,427
real_metallica_20260613,2025-04-10,3,14048,600,2809600,70.24,428
real_metallica_20260613,2025-04-09,15,14063,3000,2812600,70.32,429
real_metallica_20260613,2025-04-08,37,14100,7400,2820000,70.5,430
real_metallica_20260613,2025-04-07,6,14106,1200,2821200,70.53,431
real_metallica_20260613,2025-04-06,50,14156,10000,2831200,70.78,432
real_metallica_20260613,2025-04-05,4,14160,800,2832000,70.8,433
real_metallica_20260613,2025-04-04,7,14167,1400,2833400,70.84,434
real_metallica_20260613,2025-04-03,30,14197,6000,2839400,70.98,435
real_metallica_20260613,2025-04-02,34,14231,6800,2846200,71.16,436
real_metallica_20260613,2025-04-01,38,14269,7600,2853800,71.34,437
real_metallica_20260613,2025-03-31,36,14305,7200,2861000,71.53,438
real_metallica_20260613,2025-03-30,13,14318,2600,2863600,71.59,439
real_metallica_20260613,2025-03-29,14,14332,2800,2866400,71.66,440
real_metallica_20260613,2025-03-28,56,14388,11200,2877600,71.94,441
real_metallica_20260613,2025-03-27,24,14412,4800,2882400,72.06,442
real_metallica_20260613,2025-03-26,40,14452,8000,2890400,72.26,443
real_metallica_20260613,2025-03-25,58,14510,11600,2902000,72.55,444
real_metallica_20260613,2025-03-24,32,14542,6400,2908400,72.71,445
real_metallica_20260613,2025-03-23,34,14576,6800,2915200,72.88,446
real_metallica_20260613,2025-03-22,11,14587,2200,2917400,72.94,447
real_metallica_20260613,2025-03-21,30,14617,6000,2923400,73.08,448
real_metallica_20260613,2025-03-20,41,14658,8200,2931600,73.29,449
real_metallica_20260613,2025-03-19,34,14692,6800,2938400,73.46,450
real_metallica_20260613,2025-03-18,17,14709,3400,2941800,73.55,451
real_metallica_20260613,2025-03-17,64,14773,12800,2954600,73.87,452
real_metallica_20260613,2025-03-16,28,14801,5600,2960200,74.0,453
real_metallica_20260613,2025-03-15,11,14812,2200,2962400,74.06,454
real_metallica_20260613,2025-03-14,20,14832,4000,2966400,74.16,455
real_metallica_20260613,2025-03-13,65,14897,13000,2979400,74.48,456
real_metallica_20260613,2025-03-12,10,14907,2000,2981400,74.53,457
real_metallica_20260613,2025-03-11,27,14934,5400,2986800,74.67,458
real_metallica_20260613,2025-03-10,12,14946,2400,2989200,74.73,459
real_metallica_20260613,2025-03-09,56,15002,11200,3000400,75.01,460
real_metallica_20260613,2025-03-08,43,15045,8600,3009000,75.22,461
real_metallica_20260613,2025-03-07,11,15056,2200,3011200,75.28,462
real_metallica_20260614,2025-10-23,13,13,2600,2600,0.07,233
real_metallica_20260614,2025-10-22,54,67,10800,13400,0.34,234
real_metallica_20260614,2025-10-21,78,145,15600,29000,0.73,235
real_metallica_20260614,2025-10-20,135,280,27000,56000,1.4,236
real_metallica_20260614,2025-10-19,76,356,15200,71200,1.78,237
real_metallica_20260614,2025-10-18,53,409,10600,81800,2.04,238
real_metallica_20260614,2025-10-17,39,448,7800,89600,2.24,239
real_metallica_20260614,2025-10-16,49,497,9800,99400,2.48,240
real_metallica_20260614,2025-10-15,201,698,40200,139600,3.49,241
real_metallica_20260614,2025-10-14,20,718,4000,143600,3.59,242
real_metallica_20260614,2025-10-13,40,758,8000,151600,3.79,243
real_metallica_20260614,2025-10-12,132,890,26400,178000,4.45,244
real_metallica_20260614,2025-10-11,213,1103,42600,220600,5.51,245
real_metallica_20260614,2025-10-10,68,1171,13600,234200,5.85,246
real_metallica_20260614,2025-10-09,33,1204,6600,240800,6.02,247
real_metallica_20260614,2025-10-08,77,1281,15400,256200,6.4,248
real_metallica_20260614,2025-10-07,78,1359,15600,271800,6.79,249
real_metallica_20260614,2025-10-06,90,1449,18000,289800,7.25,250
real_metallica_20260614,2025-10-05,80,1529,16000,305800,7.65,251
real_metallica_20260614,2025-10-04,108,1637,21600,327400,8.19,252
real_metallica_20260614,2025-10-03,106,1743,21200,348600,8.71,253
real_metallica_20260614,2025-10-02,51,1794,10200,358800,8.97,254
real_metallica_20260614,2025-10-01,52,1846,10400,369200,9.23,255
real_metallica_20260614,2025-09-30,35,1881,7000,376200,9.4,256
real_metallica_20260614,2025-09-29,196,2077,39200,415400,10.38,257
real_metallica_20260614,2025-09-28,51,2128,10200,425600,10.64,258
real_metallica_20260614,2025-09-27,91,2219,18200,443800,11.09,259
real_metallica_20260614,2025-09-26,95,2314,19000,462800,11.57,260
real_metallica_20260614,2025-09-25,54,2368,10800,473600,11.84,261
real_metallica_20260614,2025-09-24,83,2451,16600,490200,12.26,262
real_metallica_20260614,2025-09-23,51,2502,10200,500400,12.51,263
real_metallica_20260614,2025-09-22,158,2660,31600,532000,13.3,264
real_metallica_20260614,2025-09-21,70,2730,14000,546000,13.65,265
real_metallica_20260614,2025-09-20,31,2761,6200,552200,13.8,266
real_metallica_20260614,2025-09-19,92,2853,18400,570600,14.27,267
real_metallica_20260614,2025-09-18,151,3004,30200,600800,15.02,268
real_metallica_20260614,2025-09-17,11,3015,2200,603000,15.07,269
real_metallica_20260614,2025-09-16,99,3114,19800,622800,15.57,270
real_metallica_20260614,2025-09-15,180,3294,36000,658800,16.47,271
real_metallica_20260614,2025-09-14,71,3365,14200,673000,16.83,272
real_metallica_20260614,2025-09-13,192,3557,38400,711400,17.79,273
real_metallica_20260614,2025-09-12,7,3564,1400,712800,17.82,274
real_metallica_20260614,2025-09-11,70,3634,14000,726800,18.17,275
real_metallica_20260614,2025-09-10,112,3746,22400,749200,18.73,276
real_metallica_20260614,2025-09-09,28,3774,5600,754800,18.87,277
real_metallica_20260614,2025-09-08,18,3792,3600,758400,18.96,278
real_metallica_20260614,2025-09-07,105,3897,21000,779400,19.48,279
real_metallica_20260614,2025-09-06,223,4120,44600,824000,20.6,280
real_metallica_20260614,2025-09-05,38,4158,7600,831600,20.79,281
real_metallica_20260614,2025-09-04,143,4301,28600,860200,21.5,282
real_metallica_20260614,2025-09-03,31,4332,6200,866400,21.66,283
real_metallica_20260614,2025-09-02,139,4471,27800,894200,22.36,284
real_metallica_20260614,2025-09-01,66,4537,13200,907400,22.68,285
real_metallica_20260614,2025-08-31,74,4611,14800,922200,23.05,286
real_metallica_20260614,2025-08-30,35,4646,7000,929200,23.23,287
real_metallica_20260614,2025-08-29,17,4663,3400,932600,23.32,288
real_metallica_20260614,2025-08-28,179,4842,35800,968400,24.21,289
real_metallica_20260614,2025-08-27,80,4922,16000,984400,24.61,290
real_metallica_20260614,2025-08-26,92,5014,18400,1002800,25.07,291
real_metallica_20260614,2025-08-25,114,5128,22800,1025600,25.64,292
real_metallica_20260614,2025-08-24,54,5182,10800,1036400,25.91,293
real_metallica_20260614,2025-08-23,59,5241,11800,1048200,26.21,294
real_metallica_20260614,2025-08-22,46,5287,9200,1057400,26.43,295
real_metallica_20260614,2025-08-21,66,5353,13200,1070600,26.77,296
real_metallica_20260614,2025-08-20,5,5358,1000,1071600,26.79,297
real_metallica_20260614,2025-08-19,82,5440,16400,1088000,27.2,298
real_metallica_20260614,2025-08-18,101,5541,20200,1108200,27.71,299
real_metallica_20260614,2025-08-17,204,5745,40800,1149000,28.73,300
real_metallica_20260614,2025-08-16,67,5812,13400,1162400,29.06,301
real_metallica_20260614,2025-08-15,65,5877,13000,1175400,29.39,302
real_metallica_20260614,2025-08-14,144,6021,28800,1204200,30.1,303
real_metallica_20260614,2025-08-13,8,6029,1600,1205800,30.14,304
real_metallica_20260614,2025-08-12,223,6252,44600,1250400,31.26,305
real_metallica_20260614,2025-08-11,202,6454,40400,1290800,32.27,306
real_metallica_20260614,2025-08-10,72,6526,14400,1305200,32.63,307
real_metallica_20260614,2025-08-09,162,6688,32400,1337600,33.44,308
real_metallica_20260614,2025-08-08,9,6697,1800,1339400,33.48,309
real_metallica_20260614,2025-08-07,142,6839,28400,1367800,34.2,310
real_metallica_20260614,2025-08-06,136,6975,27200,1395000,34.88,311
real_metallica_20260614,2025-08-05,65,7040,13000,1408000,35.2,312
real_metallica_20260614,2025-08-04,22,7062,4400,1412400,35.31,313
real_metallica_20260614,2025-08-03,119,7181,23800,1436200,35.91,314
real_metallica_20260614,2025-08-02,48,7229,9600,1445800,36.14,315
real_metallica_20260614,2025-08-01,196,7425,39200,1485000,37.12,316
real_metallica_20260614,2025-07-31,70,7495,14000,1499000,37.48,317
real_metallica_20260614,2025-07-30,38,7533,7600,1506600,37.66,318
real_metallica_20260614,2025-07-29,18,7551,3600,1510200,37.76,319
real_metallica_20260614,2025-07-28,73,7624,14600,1524800,38.12,320
real_metallica_20260614,2025-07-27,135,7759,27000,1551800,38.8,321
real_metallica_20260614,2025-07-26,189,7948,37800,1589600,39.74,322
real_metallica_20260614,2025-07-25,110,8058,22000,1611600,40.29,323
real_metallica_20260614,2025-07-24,102,8160,20400,1632000,40.8,324
real_metallica_20260614,2025-07-23,1,8161,200,1632200,40.8,325
real_metallica_20260614,2025-07-22,99,8260,19800,1652000,41.3,326
real_metallica_20260614,2025-07-21,28,8288,5600,1657600,41.44,327
real_metallica_20260614,2025-07-20,38,8326,7600,1665200,41.63,328
real_metallica_20260614,2025-07-19,57,8383,11400,1676600,41.91,329
real_metallica_20260614,2025-07-18,83,8466,16600,1693200,42.33,330
real_metallica_20260614,2025-07-17,167,8633,33400,1726600,43.16,331
real_metallica_20260614,2025-07-16,197,8830,39400,1766000,44.15,332
real_metallica_20260614,2025-07-15,90,8920,18000,1784000,44.6,333
real_metallica_20260614,2025-07-14,183,9103,36600,1820600,45.52,334
real_metallica_20260614,2025-07-13,39,9142,7800,1828400,45.71,335
real_metallica_20260614,2025-07-12,18,9160,3600,1832000,45.8,336
real_metallica_20260614,2025-07-11,23,9183,4600,1836600,45.91,337
real_metallica_20260614,2025-07-10,68,9251,13600,1850200,46.26,338
real_metallica_20260614,2025-07-09,10,9261,2000,1852200,46.3,339
real_metallica_20260614,2025-07-08,138,9399,27600,1879800,46.99,340
real_metallica_20260614,2025-07-07,17,9416,3400,1883200,47.08,341
real_metallica_20260614,2025-07-06,80,9496,16000,1899200,47.48,342
real_metallica_20260614,2025-07-05,168,9664,33600,1932800,48.32,343
real_metallica_20260614,2025-07-04,38,9702,7600,1940400,48.51,344
real_metallica_20260614,2025-07-03,34,9736,6800,1947200,48.68,345
real_metallica_20260614,2025-07-02,117,9853,23400,1970600,49.27,346
real_metallica_20260614,2025-07-01,45,9898,9000,1979600,49.49,347
real_metallica_20260614,2025-06-30,56,9954,11200,1990800,49.77,348
real_metallica_20260614,2025-06-29,48,10002,9600,2000400,50.01,349
real_metallica_20260614,2025-06-28,26,10028,5200,2005600,50.14,350
real_metallica_20260614,2025-06-27,114,10142,22800,2028400,50.71,351
real_metallica_20260614,2025-06-26,50,10192,10000,2038400,50.96,352
real_metallica_20260614,2025-06-25,48,10240,9600,2048000,51.2,353
real_metallica_20260614,2025-06-24,31,10271,6200,2054200,51.35,354
real_metallica_20260614,2025-06-23,22,10293,4400,2058600,51.47,355
real_metallica_20260614,2025-06-22,148,10441,29600,2088200,52.2,356
real_metallica_20260614,2025-06-21,31,10472,6200,2094400,52.36,357
real_metallica_20260614,2025-06-20,26,10498,5200,2099600,52.49,358
real_metallica_20260614,2025-06-19,62,10560,12400,2112000,52.8,359
real_metallica_20260614,2025-06-18,91,10651,18200,2130200,53.25,360
real_metallica_20260614,2025-06-17,81,10732,16200,2146400,53.66,361
real_metallica_20260614,2025-06-16,53,10785,10600,2157000,53.92,362
real_metallica_20260614,2025-06-15,184,10969,36800,2193800,54.84,363
real_metallica_20260614,2025-06-14,130,11099,26000,2219800,55.5,364
real_metallica_20260614,2025-06-13,58,11157,11600,2231400,55.78,365
real_metallica_20260614,2025-06-12,12,11169,2400,2233800,55.84,366
real_metallica_20260614,2025-06-11,51,11220,10200,2244000,56.1,367
real_metallica_20260614,2025-06-10,12,11232,2400,2246400,56.16,368
real_metallica_20260614,2025-06-09,19,11251,3800,2250200,56.26,369
real_metallica_20260614,2025-06-08,55,11306,11000,2261200,56.53,370
real_metallica_20260614,2025-06-07,83,11389,16600,2277800,56.95,371
real_metallica_20260614,2025-06-06,44,11433,8800,2286600,57.16,372
real_metallica_20260614,2025-06-05,24,11457,4800,2291400,57.28,373
real_metallica_20260614,2025-06-04,2,11459,400,2291800,57.29,374
real_metallica_20260614,2025-06-03,35,11494,7000,2298800,57.47,375
real_metallica_20260614,2025-06-02,41,11535,8200,2307000,57.67,376
real_metallica_20260614,2025-06-01,15,11550,3000,2310000,57.75,377
real_metallica_20260614,2025-05-30,9,11559,1800,2311800,57.79,379
real_metallica_20260614,2025-05-29,30,11589,6000,2317800,57.95,380
real_metallica_20260614,2025-05-28,7,11596,1400,2319200,57.98,381
real_metallica_20260614,2025-05-27,26,11622,5200,2324400,58.11,382
real_metallica_20260614,2025-05-26,37,11659,7400,2331800,58.29,383
real_metallica_20260614,2025-05-25,26,11685,5200,2337000,58.43,384
real_metallica_20260614,2025-05-24,53,11738,10600,2347600,58.69,385
real_metallica_20260614,2025-05-23,33,11771,6600,2354200,58.86,386
real_metallica_20260614,2025-05-22,23,11794,4600,2358800,58.97,387
real_metallica_20260614,2025-05-21,7,11801,1400,2360200,59.0,388
real_metallica_20260614,2025-05-20,3,11804,600,2360800,59.02,389
real_metallica_20260614,2025-05-19,19,11823,3800,2364600,59.11,390
real_metallica_20260614,2025-05-18,23,11846,4600,2369200,59.23,391
real_metallica_20260614,2025-05-17,33,11879,6600,2375800,59.39,392
real_metallica_20260614,2025-05-16,3,11882,600,2376400,59.41,393
real_metallica_20260614,2025-05-15,42,11924,8400,2384800,59.62,394
real_metallica_20260614,2025-05-14,15,11939,3000,2387800,59.7,395
real_metallica_20260614,2025-05-13,27,11966,5400,2393200,59.83,396
real_metallica_20260614,2025-05-12,26,11992,5200,2398400,59.96,397
real_metallica_20260614,2025-05-11,24,12016,4800,2403200,60.08,398
real_metallica_20260614,2025-05-10,67,12083,13400,2416600,60.41,399
real_metallica_20260614,2025-05-09,6,12089,1200,2417800,60.45,400
real_metallica_20260614,2025-05-08,28,12117,5600,2423400,60.59,401
real_metallica_20260614,2025-05-07,26,12143,5200,2428600,60.71,402
real_metallica_20260614,2025-05-06,14,12157,2800,2431400,60.78,403
real_metallica_20260614,2025-05-05,59,12216,11800,2443200,61.08,404
real_metallica_20260614,2025-05-04,68,12284,13600,2456800,61.42,405
real_metallica_20260614,2025-05-03,54,12338,10800,2467600,61.69,406
real_metallica_20260614,2025-05-01,30,12368,6000,2473600,61.84,408
real_metallica_20260614,2025-04-30,32,12400,6400,2480000,62.0,409
real_metallica_20260614,2025-04-29,34,12434,6800,2486800,62.17,410
real_metallica_20260614,2025-04-28,39,12473,7800,2494600,62.37,411
real_metallica_20260614,2025-04-27,12,12485,2400,2497000,62.42,412
real_metallica_20260614,2025-04-26,47,12532,9400,2506400,62.66,413
real_metallica_20260614,2025-04-25,73,12605,14600,2521000,63.02,414
real_metallica_20260614,2025-04-24,14,12619,2800,2523800,63.09,415
real_metallica_20260614,2025-04-23,51,12670,10200,2534000,63.35,416
real_metallica_20260614,2025-04-22,28,12698,5600,2539600,63.49,417
real_metallica_20260614,2025-04-21,12,12710,2400,2542000,63.55,418
real_metallica_20260614,2025-04-20,36,12746,7200,2549200,63.73,419
real_metallica_20260614,2025-04-19,13,12759,2600,2551800,63.8,420
real_metallica_20260614,2025-04-18,16,12775,3200,2555000,63.88,421
real_metallica_20260614,2025-04-17,19,12794,3800,2558800,63.97,422
real_metallica_20260614,2025-04-16,29,12823,5800,2564600,64.11,423
real_metallica_20260614,2025-04-15,66,12889,13200,2577800,64.44,424
real_metallica_20260614,2025-04-14,56,12945,11200,2589000,64.72,425
real_metallica_20260614,2025-04-13,8,12953,1600,2590600,64.77,426
real_metallica_20260614,2025-04-12,23,12976,4600,2595200,64.88,427
real_metallica_20260614,2025-04-11,4,12980,800,2596000,64.9,428
real_metallica_20260614,2025-04-10,49,13029,9800,2605800,65.14,429
real_metallica_20260614,2025-04-09,25,13054,5000,2610800,65.27,430
real_metallica_20260614,2025-04-08,1,13055,200,2611000,65.28,431
real_metallica_20260614,2025-04-07,2,13057,400,2611400,65.29,432
real_metallica_20260614,2025-04-06,30,13087,6000,2617400,65.44,433
real_metallica_20260614,2025-04-05,20,13107,4000,2621400,65.53,434
real_metallica_20260614,2025-04-04,15,13122,3000,2624400,65.61,435
real_metallica_20260614,2025-04-03,22,13144,4400,2628800,65.72,436
real_metallica_20260614,2025-04-02,36,13180,7200,2636000,65.9,437
real_metallica_20260614,2025-04-01,13,13193,2600,2638600,65.96,438
real_metallica_20260614,2025-03-31,16,13209,3200,2641800,66.05,439
real_metallica_20260614,2025-03-30,7,13216,1400,2643200,66.08,440
real_metallica_20260614,2025-03-29,65,13281,13000,2656200,66.41,441
real_metallica_20260614,2025-03-28,43,13324,8600,2664800,66.62,442
real_metallica_20260614,2025-03-27,23,13347,4600,2669400,66.73,443
real_metallica_20260614,2025-03-26,31,13378,6200,2675600,66.89,444
real_metallica_20260614,2025-03-25,58,13436,11600,2687200,67.18,445
real_metallica_20260614,2025-03-24,43,13479,8600,2695800,67.4,446
real_metallica_20260614,2025-03-23,33,13512,6600,2702400,67.56,447
real_metallica_20260614,2025-03-22,23,13535,4600,2707000,67.67,448
real_metallica_20260614,2025-03-21,1,13536,200,2707200,67.68,449
real_metallica_20260614,2025-03-20,16,13552,3200,2710400,67.76,450
real_metallica_20260614,2025-03-19,29,13581,5800,2716200,67.91,451
real_metallica_20260614,2025-03-18,15,13596,3000,2719200,67.98,452
real_metallica_20260614,2025-03-17,18,13614,3600,2722800,68.07,453
real_metallica_20260614,2025-03-16,22,13636,4400,2727200,68.18,454
real_metallica_20260614,2025-03-15,27,13663,5400,2732600,68.31,455
real_metallica_20260614,2025-03-14,60,13723,12000,2744600,68.62,456
real_metallica_20260614,2025-03-13,32,13755,6400,2751000,68.77,457
real_metallica_20260614,2025-03-12,32,13787,6400,2757400,68.94,458
real_metallica_20260614,2025-03-11,14,13801,2800,2760200,69.01,459
real_metallica_20260614,2025-03-10,25,13826,5000,2765200,69.13,460
real_metallica_20260614,2025-03-09,45,13871,9000,2774200,69.36,461
real_metallica_20260614,2025-03-08,49,13920,9800,2784000,69.6,462
real_metallica_20260614,2025-03-07,33,13953,6600,2790600,69.77,463
real_metallica_20260614,2025-03-06,51,14004,10200,2800800,70.02,464
real_metallica_20260620,2025-10-23,138,138,27600,27600,0.69,239
real_metallica_20260620,2025-10-22,121,259,24200,51800,1.29,240
real_metallica_20260620,2025-10-21,85,344,17000,68800,1.72,241
real_metallica_20260620,2025-10-20,25,369,5000,73800,1.85,242
real_metallica_20260620,2025-10-19,162,531,32400,106200,2.66,243
real_metallica_20260620,2025-10-18,158,689,31600,137800,3.45,244
real_metallica_20260620,2025-10-17,119,808,23800,161600,4.04,245
real_metallica_20260620,2025-10-16,38,846,7600,169200,4.23,246
real_metallica_20260620,2025-10-15,156,1002,31200,200400,5.01,247
real_metallica_20260620,2025-10-14,51,1053,10200,210600,5.27,248
real_metallica_20260620,2025-10-13,102,1155,20400,231000,5.78,249
real_metallica_20260620,2025-10-12,133,1288,26600,257600,6.44,250
real_metallica_20260620,2025-10-11,228,1516,45600,303200,7.58,251
real_metallica_20260620,2025-10-10,82,1598,16400,319600,7.99,252
real_metallica_20260620,2025-10-09,38,1636,7600,327200,8.18,253
real_metallica_20260620,2025-10-08,32,1668,6400,333600,8.34,254
real_metallica_20260620,2025-10-07,171,1839,34200,367800,9.2,255
real_metallica_20260620,2025-10-06,17,1856,3400,371200,9.28,256
real_metallica_20260620,2025-10-05,52,1908,10400,381600,9.54,257
real_metallica_20260620,2025-10-04,61,1969,12200,393800,9.84,258
real_metallica_20260620,2025-10-03,195,2164,39000,432800,10.82,259
real_metallica_20260620,2025-10-02,249,2413,49800,482600,12.06,260
real_metallica_20260620,2025-10-01,62,2475,12400,495000,12.38,261
real_metallica_20260620,2025-09-30,40,2515,8000,503000,12.57,262
real_metallica_20260620,2025-09-29,100,2615,20000,523000,13.08,263
real_metallica_20260620,2025-09-28,63,2678,12600,535600,13.39,264
real_metallica_20260620,2025-09-27,18,2696,3600,539200,13.48,265
real_metallica_20260620,2025-09-26,121,2817,24200,563400,14.09,266
real_metallica_20260620,2025-09-25,102,2919,20400,583800,14.59,267
real_metallica_20260620,2025-09-24,94,3013,18800,602600,15.07,268
real_metallica_20260620,2025-09-23,172,3185,34400,637000,15.93,269
real_metallica_20260620,2025-09-22,56,3241,11200,648200,16.2,270
real_metallica_20260620,2025-09-21,35,3276,7000,655200,16.38,271
real_metallica_20260620,2025-09-20,2,3278,400,655600,16.39,272
real_metallica_20260620,2025-09-19,133,3411,26600,682200,17.05,273
real_metallica_20260620,2025-09-18,26,3437,5200,687400,17.18,274
real_metallica_20260620,2025-09-17,153,3590,30600,718000,17.95,275
real_metallica_20260620,2025-09-16,112,3702,22400,740400,18.51,276
real_metallica_20260620,2025-09-15,31,3733,6200,746600,18.67,277
real_metallica_20260620,2025-09-14,156,3889,31200,777800,19.45,278
real_metallica_20260620,2025-09-13,18,3907,3600,781400,19.54,279
real_metallica_20260620,2025-09-12,193,4100,38600,820000,20.5,280
real_metallica_20260620,2025-09-11,87,4187,17400,837400,20.94,281
real_metallica_20260620,2025-09-10,10,4197,2000,839400,20.98,282
real_metallica_20260620,2025-09-09,65,4262,13000,852400,21.31,283
real_metallica_20260620,2025-09-08,59,4321,11800,864200,21.61,284
real_metallica_20260620,2025-09-07,43,4364,8600,872800,21.82,285
real_metallica_20260620,2025-09-06,177,4541,35400,908200,22.71,286
real_metallica_20260620,2025-09-05,124,4665,24800,933000,23.33,287
real_metallica_20260620,2025-09-04,57,4722,11400,944400,23.61,288
real_metallica_20260620,2025-09-03,22,4744,4400,948800,23.72,289
real_metallica_20260620,2025-09-02,185,4929,37000,985800,24.64,290
real_metallica_20260620,2025-09-01,126,5055,25200,1011000,25.27,291
real_metallica_20260620,2025-08-31,110,5165,22000,1033000,25.82,292
real_metallica_20260620,2025-08-30,26,5191,5200,1038200,25.96,293
real_metallica_20260620,2025-08-29,71,5262,14200,1052400,26.31,294
real_metallica_20260620,2025-08-28,187,5449,37400,1089800,27.25,295
real_metallica_20260620,2025-08-27,64,5513,12800,1102600,27.57,296
real_metallica_20260620,2025-08-26,84,5597,16800,1119400,27.98,297
real_metallica_20260620,2025-08-25,64,5661,12800,1132200,28.31,298
real_metallica_20260620,2025-08-24,42,5703,8400,1140600,28.52,299
real_metallica_20260620,2025-08-23,62,5765,12400,1153000,28.82,300
real_metallica_20260620,2025-08-22,126,5891,25200,1178200,29.45,301
real_metallica_20260620,2025-08-21,55,5946,11000,1189200,29.73,302
real_metallica_20260620,2025-08-20,26,5972,5200,1194400,29.86,303
real_metallica_20260620,2025-08-19,249,6221,49800,1244200,31.11,304
real_metallica_20260620,2025-08-18,144,6365,28800,1273000,31.82,305
real_metallica_20260620,2025-08-17,132,6497,26400,1299400,32.48,306
real_metallica_20260620,2025-08-16,170,6667,34000,1333400,33.34,307
real_metallica_20260620,2025-08-15,27,6694,5400,1338800,33.47,308
real_metallica_20260620,2025-08-14,164,6858,32800,1371600,34.29,309
real_metallica_20260620,2025-08-13,147,7005,29400,1401000,35.02,310
real_metallica_20260620,2025-08-12,97,7102,19400,1420400,35.51,311
real_metallica_20260620,2025-08-11,107,7209,21400,1441800,36.05,312
real_metallica_20260620,2025-08-10,183,7392,36600,1478400,36.96,313
real_metallica_20260620,2025-08-09,88,7480,17600,1496000,37.4,314
real_metallica_20260620,2025-08-08,112,7592,22400,1518400,37.96,315
real_metallica_20260620,2025-08-07,146,7738,29200,1547600,38.69,316
real_metallica_20260620,2025-08-06,9,7747,1800,1549400,38.73,317
real_metallica_20260620,2025-08-05,208,7955,41600,1591000,39.77,318
real_metallica_20260620,2025-08-04,190,8145,38000,1629000,40.73,319
real_metallica_20260620,2025-08-03,171,8316,34200,1663200,41.58,320
real_metallica_20260620,2025-08-02,55,8371,11000,1674200,41.85,321
real_metallica_20260620,2025-08-01,6,8377,1200,1675400,41.88,322
real_metallica_20260620,2025-07-31,84,8461,16800,1692200,42.3,323
real_metallica_20260620,2025-07-30,52,8513,10400,1702600,42.56,324
real_metallica_20260620,2025-07-29,186,8699,37200,1739800,43.49,325
real_metallica_20260620,2025-07-28,64,8763,12800,1752600,43.81,326
real_metallica_20260620,2025-07-27,88,8851,17600,1770200,44.26,327
real_metallica_20260620,2025-07-26,63,8914,12600,1782800,44.57,328
real_metallica_20260620,2025-07-25,12,8926,2400,1785200,44.63,329
real_metallica_20260620,2025-07-24,67,8993,13400,1798600,44.96,330
real_metallica_20260620,2025-07-23,41,9034,8200,1806800,45.17,331
real_metallica_20260620,2025-07-22,98,9132,19600,1826400,45.66,332
real_metallica_20260620,2025-07-21,165,9297,33000,1859400,46.48,333
real_metallica_20260620,2025-07-20,102,9399,20400,1879800,46.99,334
real_metallica_20260620,2025-07-19,199,9598,39800,1919600,47.99,335
real_metallica_20260620,2025-07-18,216,9814,43200,1962800,49.07,336
real_metallica_20260620,2025-07-17,22,9836,4400,1967200,49.18,337
real_metallica_20260620,2025-07-16,137,9973,27400,1994600,49.86,338
real_metallica_20260620,2025-07-15,214,10187,42800,2037400,50.93,339
real_metallica_20260620,2025-07-14,81,10268,16200,2053600,51.34,340
real_metallica_20260620,2025-07-13,25,10293,5000,2058600,51.47,341
real_metallica_20260620,2025-07-12,23,10316,4600,2063200,51.58,342
real_metallica_20260620,2025-07-11,80,10396,16000,2079200,51.98,343
real_metallica_20260620,2025-07-10,163,10559,32600,2111800,52.8,344
real_metallica_20260620,2025-07-09,48,10607,9600,2121400,53.03,345
real_metallica_20260620,2025-07-08,109,10716,21800,2143200,53.58,346
real_metallica_20260620,2025-07-07,89,10805,17800,2161000,54.02,347
real_metallica_20260620,2025-07-06,112,10917,22400,2183400,54.58,348
real_metallica_20260620,2025-07-05,193,11110,38600,2222000,55.55,349
real_metallica_20260620,2025-07-04,21,11131,4200,2226200,55.66,350
real_metallica_20260620,2025-07-03,28,11159,5600,2231800,55.79,351
real_metallica_20260620,2025-07-02,39,11198,7800,2239600,55.99,352
real_metallica_20260620,2025-07-01,179,11377,35800,2275400,56.88,353
real_metallica_20260620,2025-06-30,75,11452,15000,2290400,57.26,354
real_metallica_20260620,2025-06-29,137,11589,27400,2317800,57.95,355
real_metallica_20260620,2025-06-28,79,11668,15800,2333600,58.34,356
real_metallica_20260620,2025-06-27,50,11718,10000,2343600,58.59,357
real_metallica_20260620,2025-06-26,91,11809,18200,2361800,59.05,358
real_metallica_20260620,2025-06-25,169,11978,33800,2395600,59.89,359
real_metallica_20260620,2025-06-24,67,12045,13400,2409000,60.22,360
real_metallica_20260620,2025-06-23,43,12088,8600,2417600,60.44,361
real_metallica_20260620,2025-06-22,101,12189,20200,2437800,60.95,362
real_metallica_20260620,2025-06-21,49,12238,9800,2447600,61.19,363
real_metallica_20260620,2025-06-20,94,12332,18800,2466400,61.66,364
real_metallica_20260620,2025-06-19,227,12559,45400,2511800,62.8,365
real_metallica_20260620,2025-06-18,72,12631,14400,2526200,63.15,366
real_metallica_20260620,2025-06-17,41,12672,8200,2534400,63.36,367
real_metallica_20260620,2025-06-16,56,12728,11200,2545600,63.64,368
real_metallica_20260620,2025-06-15,31,12759,6200,2551800,63.8,369
real_metallica_20260620,2025-06-14,42,12801,8400,2560200,64.0,370
real_metallica_20260620,2025-06-13,3,12804,600,2560800,64.02,371
real_metallica_20260620,2025-06-12,53,12857,10600,2571400,64.28,372
real_metallica_20260620,2025-06-11,28,12885,5600,2577000,64.42,373
real_metallica_20260620,2025-06-10,14,12899,2800,2579800,64.5,374
real_metallica_20260620,2025-06-09,51,12950,10200,2590000,64.75,375
real_metallica_20260620,2025-06-07,1,12951,200,2590200,64.75,377
real_metallica_20260620,2025-06-06,61,13012,12200,2602400,65.06,378
real_metallica_20260620,2025-06-05,53,13065,10600,2613000,65.33,379
real_metallica_20260620,2025-06-04,36,13101,7200,2620200,65.5,380
real_metallica_20260620,2025-06-03,11,13112,2200,2622400,65.56,381
real_metallica_20260620,2025-06-02,74,13186,14800,2637200,65.93,382
real_metallica_20260620,2025-06-01,36,13222,7200,2644400,66.11,383
real_metallica_20260620,2025-05-31,49,13271,9800,2654200,66.36,384
real_metallica_20260620,2025-05-30,46,13317,9200,2663400,66.59,385
real_metallica_20260620,2025-05-29,33,13350,6600,2670000,66.75,386
real_metallica_20260620,2025-05-28,23,13373,4600,2674600,66.86,387
real_metallica_20260620,2025-05-27,30,13403,6000,2680600,67.02,388
real_metallica_20260620,2025-05-26,22,13425,4400,2685000,67.12,389
real_metallica_20260620,2025-05-25,8,13433,1600,2686600,67.16,390
real_metallica_20260620,2025-05-24,44,13477,8800,2695400,67.38,391
real_metallica_20260620,2025-05-23,34,13511,6800,2702200,67.55,392
real_metallica_20260620,2025-05-22,6,13517,1200,2703400,67.58,393
real_metallica_20260620,2025-05-21,64,13581,12800,2716200,67.91,394
real_metallica_20260620,2025-05-20,68,13649,13600,2729800,68.25,395
real_metallica_20260620,2025-05-19,38,13687,7600,2737400,68.44,396
real_metallica_20260620,2025-05-18,22,13709,4400,2741800,68.55,397
real_metallica_20260620,2025-05-17,70,13779,14000,2755800,68.89,398
real_metallica_20260620,2025-05-16,28,13807,5600,2761400,69.03,399
real_metallica_20260620,2025-05-15,36,13843,7200,2768600,69.22,400
real_metallica_20260620,2025-05-14,58,13901,11600,2780200,69.5,401
real_metallica_20260620,2025-05-13,63,13964,12600,2792800,69.82,402
real_metallica_20260620,2025-05-12,4,13968,800,2793600,69.84,403
real_metallica_20260620,2025-05-11,21,13989,4200,2797800,69.95,404
real_metallica_20260620,2025-05-10,14,14003,2800,2800600,70.02,405
real_metallica_20260620,2025-05-09,3,14006,600,2801200,70.03,406
real_metallica_20260620,2025-05-08,61,14067,12200,2813400,70.34,407
real_metallica_20260620,2025-05-07,18,14085,3600,2817000,70.43,408
real_metallica_20260620,2025-05-06,22,14107,4400,2821400,70.53,409
real_metallica_20260620,2025-05-05,17,14124,3400,2824800,70.62,410
real_metallica_20260620,2025-05-04,60,14184,12000,2836800,70.92,411
real_metallica_20260620,2025-05-03,3,14187,600,2837400,70.94,412
real_metallica_20260620,2025-05-02,62,14249,12400,2849800,71.25,413
real_metallica_20260620,2025-05-01,48,14297,9600,2859400,71.48,414
real_metallica_20260620,2025-04-30,50,14347,10000,2869400,71.73,415
real_metallica_20260620,2025-04-29,28,14375,5600,2875000,71.88,416
real_metallica_20260620,2025-04-28,44,14419,8800,2883800,72.09,417
real_metallica_20260620,2025-04-27,42,14461,8400,2892200,72.3,418
real_metallica_20260620,2025-04-26,32,14493,6400,2898600,72.47,419
real_metallica_20260620,2025-04-25,18,14511,3600,2902200,72.56,420
real_metallica_20260620,2025-04-24,40,14551,8000,2910200,72.76,421
real_metallica_20260620,2025-04-23,78,14629,15600,2925800,73.15,422
real_metallica_20260620,2025-04-22,22,14651,4400,2930200,73.26,423
real_metallica_20260620,2025-04-21,49,14700,9800,2940000,73.5,424
real_metallica_20260620,2025-04-20,78,14778,15600,2955600,73.89,425
real_metallica_20260620,2025-04-19,26,14804,5200,2960800,74.02,426
real_metallica_20260620,2025-04-18,24,14828,4800,2965600,74.14,427
real_metallica_20260620,2025-04-17,38,14866,7600,2973200,74.33,428
real_metallica_20260620,2025-04-16,22,14888,4400,2977600,74.44,429
real_metallica_20260620,2025-04-15,3,14891,600,2978200,74.45,430
real_metallica_20260620,2025-04-14,63,14954,12600,2990800,74.77,431
real_metallica_20260620,2025-04-13,42,14996,8400,2999200,74.98,432
real_metallica_20260620,2025-04-12,25,15021,5000,3004200,75.11,433
real_metallica_20260620,2025-04-11,60,15081,12000,3016200,75.41,434
real_metallica_20260620,2025-04-10,52,15133,10400,3026600,75.67,435
real_metallica_20260620,2025-04-09,30,15163,6000,3032600,75.81,436
real_metallica_20260620,2025-04-08,21,15184,4200,3036800,75.92,437
real_metallica_20260620,2025-04-07,19,15203,3800,3040600,76.02,438
real_metallica_20260620,2025-04-06,45,15248,9000,3049600,76.24,439
real_metallica_20260620,2025-04-05,16,15264,3200,3052800,76.32,440
real_metallica_20260620,2025-04-04,11,15275,2200,3055000,76.38,441
real_metallica_20260620,2025-04-03,12,15287,2400,3057400,76.44,442
real_metallica_20260620,2025-04-02,41,15328,8200,3065600,76.64,443
real_metallica_20260620,2025-04-01,43,15371,8600,3074200,76.85,444
real_metallica_20260620,2025-03-31,6,15377,1200,3075400,76.89,445
real_metallica_20260620,2025-03-30,1,15378,200,3075600,76.89,446
real_metallica_20260620,2025-03-29,7,15385,1400,3077000,76.92,447
real_metallica_20260620,2025-03-28,7,15392,1400,3078400,76.96,448
real_metallica_20260620,2025-03-27,12,15404,2400,3080800,77.02,449
real_metallica_20260620,2025-03-26,33,15437,6600,3087400,77.19,450
real_metallica_20260620,2025-03-25,10,15447,2000,3089400,77.23,451
real_metallica_20260620,2025-03-24,1,15448,200,3089600,77.24,452
real_metallica_20260620,2025-03-23,72,15520,14400,3104000,77.6,453
real_metallica_20260620,2025-03-22,54,15574,10800,3114800,77.87,454
real_metallica_20260620,2025-03-21,11,15585,2200,3117000,77.92,455
real_metallica_20260620,2025-03-20,39,15624,7800,3124800,78.12,456
real_metallica_20260620,2025-03-19,34,15658,6800,3131600,78.29,457
real_metallica_20260620,2025-03-18,22,15680,4400,3136000,78.4,458
real_metallica_20260620,2025-03-17,9,15689,1800,3137800,78.44,459
real_metallica_20260620,2025-03-16,22,15711,4400,3142200,78.55,460
real_metallica_20260620,2025-03-15,22,15733,4400,3146600,78.66,461
real_metallica_20260620,2025-03-14,52,15785,10400,3157000,78.92,462
real_metallica_20260620,2025-03-13,3,15788,600,3157600,78.94,463
real_metallica_20260620,2025-03-12,15,15803,3000,3160600,79.02,464
real_metallica_20260620,2025-03-11,39,15842,7800,3168400,79.21,465
real_metallica_20260620,2025-03-10,13,15855,2600,3171000,79.27,466
real_metallica_20260620,2025-03-09,11,15866,2200,3173200,79.33,467
real_metallica_20260620,2025-03-08,10,15876,2000,3175200,79.38,468
real_metallica_20260620,2025-03-07,63,15939,12600,3187800,79.7,469
real_metallica_20260620,2025-03-06,9,15948,1800,3189600,79.74,470
real_metallica_20260620,2025-03-05,43,15991,8600,3198200,79.95,471
real_metallica_20260620,2025-03-04,70,16061,14000,3212200,80.31,472
real_metallica_20260620,2025-03-03,57,16118,11400,3223600,80.59,473
real_metallica_20260620,2025-03-02,70,16188,14000,3237600,80.94,474
real_metallica_20260620,2025-03-01,15,16203,3000,3240600,81.02,475
real_metallica_20260620,2025-02-28,15,16218,3000,3243600,81.09,476
real_metallica_20260621,2025-10-23,125,125,25000,25000,0.62,240
real_metallica_20260621,2025-10-22,51,176,10200,35200,0.88,241
real_metallica_20260621,2025-10-21,7,183,1400,36600,0.92,242
real_metallica_20260621,2025-10-20,235,418,47000,83600,2.09,243
real_metallica_20260621,2025-10-19,168,586,33600,117200,2.93,244
real_metallica_20260621,2025-10-18,151,737,30200,147400,3.69,245
real_metallica_20260621,2025-10-17,66,803,13200,160600,4.01,246
real_metallica_20260621,2025-10-16,83,886,16600,177200,4.43,247
real_metallica_20260621,2025-10-15,134,1020,26800,204000,5.1,248
real_metallica_20260621,2025-10-14,179,1199,35800,239800,6.0,249
real_metallica_20260621,2025-10-13,100,1299,20000,259800,6.49,250
real_metallica_20260621,2025-10-12,164,1463,32800,292600,7.32,251
real_metallica_20260621,2025-10-11,41,1504,8200,300800,7.52,252
real_metallica_20260621,2025-10-10,97,1601,19400,320200,8.0,253
real_metallica_20260621,2025-10-09,120,1721,24000,344200,8.61,254
real_metallica_20260621,2025-10-08,103,1824,20600,364800,9.12,255
real_metallica_20260621,2025-10-07,21,1845,4200,369000,9.22,256
real_metallica_20260621,2025-10-06,125,1970,25000,394000,9.85,257
real_metallica_20260621,2025-10-05,71,2041,14200,408200,10.21,258
real_metallica_20260621,2025-10-04,99,2140,19800,428000,10.7,259
real_metallica_20260621,2025-10-03,73,2213,14600,442600,11.06,260
real_metallica_20260621,2025-10-02,178,2391,35600,478200,11.96,261
real_metallica_20260621,2025-10-01,5,2396,1000,479200,11.98,262
real_metallica_20260621,2025-09-30,11,2407,2200,481400,12.04,263
real_metallica_20260621,2025-09-29,138,2545,27600,509000,12.72,264
real_metallica_20260621,2025-09-28,40,2585,8000,517000,12.93,265
real_metallica_20260621,2025-09-27,136,2721,27200,544200,13.61,266
real_metallica_20260621,2025-09-26,38,2759,7600,551800,13.79,267
real_metallica_20260621,2025-09-25,90,2849,18000,569800,14.24,268
real_metallica_20260621,2025-09-24,13,2862,2600,572400,14.31,269
real_metallica_20260621,2025-09-23,175,3037,35000,607400,15.19,270
real_metallica_20260621,2025-09-22,189,3226,37800,645200,16.13,271
real_metallica_20260621,2025-09-21,45,3271,9000,654200,16.36,272
real_metallica_20260621,2025-09-20,174,3445,34800,689000,17.22,273
real_metallica_20260621,2025-09-19,54,3499,10800,699800,17.5,274
real_metallica_20260621,2025-09-18,23,3522,4600,704400,17.61,275
real_metallica_20260621,2025-09-17,182,3704,36400,740800,18.52,276
real_metallica_20260621,2025-09-16,52,3756,10400,751200,18.78,277
real_metallica_20260621,2025-09-15,146,3902,29200,780400,19.51,278
real_metallica_20260621,2025-09-14,3,3905,600,781000,19.53,279
real_metallica_20260621,2025-09-13,48,3953,9600,790600,19.77,280
real_metallica_20260621,2025-09-12,88,4041,17600,808200,20.21,281
real_metallica_20260621,2025-09-11,37,4078,7400,815600,20.39,282
real_metallica_20260621,2025-09-10,30,4108,6000,821600,20.54,283
real_metallica_20260621,2025-09-09,84,4192,16800,838400,20.96,284
real_metallica_20260621,2025-09-08,199,4391,39800,878200,21.95,285
real_metallica_20260621,2025-09-07,95,4486,19000,897200,22.43,286
real_metallica_20260621,2025-09-06,102,4588,20400,917600,22.94,287
real_metallica_20260621,2025-09-05,18,4606,3600,921200,23.03,288
real_metallica_20260621,2025-09-04,159,4765,31800,953000,23.82,289
real_metallica_20260621,2025-09-03,108,4873,21600,974600,24.37,290
real_metallica_20260621,2025-09-02,181,5054,36200,1010800,25.27,291
real_metallica_20260621,2025-09-01,160,5214,32000,1042800,26.07,292
real_metallica_20260621,2025-08-31,69,5283,13800,1056600,26.41,293
real_metallica_20260621,2025-08-30,2,5285,400,1057000,26.42,294
real_metallica_20260621,2025-08-29,105,5390,21000,1078000,26.95,295
real_metallica_20260621,2025-08-28,48,5438,9600,1087600,27.19,296
real_metallica_20260621,2025-08-27,124,5562,24800,1112400,27.81,297
real_metallica_20260621,2025-08-26,2,5564,400,1112800,27.82,298
real_metallica_20260621,2025-08-25,101,5665,20200,1133000,28.32,299
real_metallica_20260621,2025-08-24,57,5722,11400,1144400,28.61,300
real_metallica_20260621,2025-08-23,88,5810,17600,1162000,29.05,301
real_metallica_20260621,2025-08-22,81,5891,16200,1178200,29.45,302
real_metallica_20260621,2025-08-21,20,5911,4000,1182200,29.55,303
real_metallica_20260621,2025-08-20,125,6036,25000,1207200,30.18,304
real_metallica_20260621,2025-08-19,68,6104,13600,1220800,30.52,305
real_metallica_20260621,2025-08-18,65,6169,13000,1233800,30.84,306
real_metallica_20260621,2025-08-17,183,6352,36600,1270400,31.76,307
real_metallica_20260621,2025-08-16,101,6453,20200,1290600,32.27,308
real_metallica_20260621,2025-08-15,73,6526,14600,1305200,32.63,309
real_metallica_20260621,2025-08-14,66,6592,13200,1318400,32.96,310
real_metallica_20260621,2025-08-13,15,6607,3000,1321400,33.03,311
real_metallica_20260621,2025-08-12,51,6658,10200,1331600,33.29,312
real_metallica_20260621,2025-08-11,142,6800,28400,1360000,34.0,313
real_metallica_20260621,2025-08-10,51,6851,10200,1370200,34.26,314
real_metallica_20260621,2025-08-09,4,6855,800,1371000,34.27,315
real_metallica_20260621,2025-08-08,27,6882,5400,1376400,34.41,316
real_metallica_20260621,2025-08-07,4,6886,800,1377200,34.43,317
real_metallica_20260621,2025-08-06,47,6933,9400,1386600,34.66,318
real_metallica_20260621,2025-08-05,88,7021,17600,1404200,35.1,319
real_metallica_20260621,2025-08-04,61,7082,12200,1416400,35.41,320
real_metallica_20260621,2025-08-03,94,7176,18800,1435200,35.88,321
real_metallica_20260621,2025-08-02,36,7212,7200,1442400,36.06,322
real_metallica_20260621,2025-08-01,10,7222,2000,1444400,36.11,323
real_metallica_20260621,2025-07-31,128,7350,25600,1470000,36.75,324
real_metallica_20260621,2025-07-30,48,7398,9600,1479600,36.99,325
real_metallica_20260621,2025-07-29,185,7583,37000,1516600,37.91,326
real_metallica_20260621,2025-07-28,3,7586,600,1517200,37.93,327
real_metallica_20260621,2025-07-27,87,7673,17400,1534600,38.37,328
real_metallica_20260621,2025-07-26,64,7737,12800,1547400,38.69,329
real_metallica_20260621,2025-07-25,89,7826,17800,1565200,39.13,330
real_metallica_20260621,2025-07-24,164,7990,32800,1598000,39.95,331
real_metallica_20260621,2025-07-23,48,8038,9600,1607600,40.19,332
real_metallica_20260621,2025-07-22,37,8075,7400,1615000,40.38,333
real_metallica_20260621,2025-07-21,57,8132,11400,1626400,40.66,334
real_metallica_20260621,2025-07-20,24,8156,4800,1631200,40.78,335
real_metallica_20260621,2025-07-19,112,8268,22400,1653600,41.34,336
real_metallica_20260621,2025-07-18,56,8324,11200,1664800,41.62,337
real_metallica_20260621,2025-07-17,31,8355,6200,1671000,41.77,338
real_metallica_20260621,2025-07-16,73,8428,14600,1685600,42.14,339
real_metallica_20260621,2025-07-15,36,8464,7200,1692800,42.32,340
real_metallica_20260621,2025-07-14,81,8545,16200,1709000,42.73,341
real_metallica_20260621,2025-07-13,87,8632,17400,1726400,43.16,342
real_metallica_20260621,2025-07-12,66,8698,13200,1739600,43.49,343
real_metallica_20260621,2025-07-11,158,8856,31600,1771200,44.28,344
real_metallica_20260621,2025-07-10,185,9041,37000,1808200,45.2,345
real_metallica_20260621,2025-07-09,94,9135,18800,1827000,45.67,346
real_metallica_20260621,2025-07-08,13,9148,2600,1829600,45.74,347
real_metallica_20260621,2025-07-07,1,9149,200,1829800,45.75,348
real_metallica_20260621,2025-07-06,144,9293,28800,1858600,46.47,349
real_metallica_20260621,2025-07-05,49,9342,9800,1868400,46.71,350
real_metallica_20260621,2025-07-04,30,9372,6000,1874400,46.86,351
real_metallica_20260621,2025-07-03,195,9567,39000,1913400,47.84,352
real_metallica_20260621,2025-07-02,144,9711,28800,1942200,48.55,353
real_metallica_20260621,2025-07-01,5,9716,1000,1943200,48.58,354
real_metallica_20260621,2025-06-30,121,9837,24200,1967400,49.19,355
real_metallica_20260621,2025-06-29,165,10002,33000,2000400,50.01,356
real_metallica_20260621,2025-06-28,99,10101,19800,2020200,50.51,357
real_metallica_20260621,2025-06-27,60,10161,12000,2032200,50.8,358
real_metallica_20260621,2025-06-26,156,10317,31200,2063400,51.59,359
real_metallica_20260621,2025-06-25,116,10433,23200,2086600,52.16,360
real_metallica_20260621,2025-06-24,39,10472,7800,2094400,52.36,361
real_metallica_20260621,2025-06-23,92,10564,18400,2112800,52.82,362
real_metallica_20260621,2025-06-22,36,10600,7200,2120000,53.0,363
real_metallica_20260621,2025-06-21,44,10644,8800,2128800,53.22,364
real_metallica_20260621,2025-06-20,99,10743,19800,2148600,53.72,365
real_metallica_20260621,2025-06-19,20,10763,4000,2152600,53.82,366
real_metallica_20260621,2025-06-18,1,10764,200,2152800,53.82,367
real_metallica_20260621,2025-06-17,19,10783,3800,2156600,53.91,368
real_metallica_20260621,2025-06-16,29,10812,5800,2162400,54.06,369
real_metallica_20260621,2025-06-15,34,10846,6800,2169200,54.23,370
real_metallica_20260621,2025-06-14,51,10897,10200,2179400,54.48,371
real_metallica_20260621,2025-06-13,22,10919,4400,2183800,54.6,372
real_metallica_20260621,2025-06-12,25,10944,5000,2188800,54.72,373
real_metallica_20260621,2025-06-11,26,10970,5200,2194000,54.85,374
real_metallica_20260621,2025-06-10,28,10998,5600,2199600,54.99,375
real_metallica_20260621,2025-06-09,24,11022,4800,2204400,55.11,376
real_metallica_20260621,2025-06-08,21,11043,4200,2208600,55.22,377
real_metallica_20260621,2025-06-07,25,11068,5000,2213600,55.34,378
real_metallica_20260621,2025-06-06,33,11101,6600,2220200,55.51,379
real_metallica_20260621,2025-06-05,13,11114,2600,2222800,55.57,380
real_metallica_20260621,2025-06-04,24,11138,4800,2227600,55.69,381
real_metallica_20260621,2025-06-03,79,11217,15800,2243400,56.08,382
real_metallica_20260621,2025-06-02,29,11246,5800,2249200,56.23,383
real_metallica_20260621,2025-06-01,48,11294,9600,2258800,56.47,384
real_metallica_20260621,2025-05-31,47,11341,9400,2268200,56.71,385
real_metallica_20260621,2025-05-30,27,11368,5400,2273600,56.84,386
real_metallica_20260621,2025-05-29,30,11398,6000,2279600,56.99,387
real_metallica_20260621,2025-05-28,28,11426,5600,2285200,57.13,388
real_metallica_20260621,2025-05-27,39,11465,7800,2293000,57.33,389
real_metallica_20260621,2025-05-26,12,11477,2400,2295400,57.38,390
real_metallica_20260621,2025-05-25,35,11512,7000,2302400,57.56,391
real_metallica_20260621,2025-05-24,49,11561,9800,2312200,57.8,392
real_metallica_20260621,2025-05-23,55,11616,11000,2323200,58.08,393
real_metallica_20260621,2025-05-22,28,11644,5600,2328800,58.22,394
real_metallica_20260621,2025-05-21,6,11650,1200,2330000,58.25,395
real_metallica_20260621,2025-05-20,42,11692,8400,2338400,58.46,396
real_metallica_20260621,2025-05-19,36,11728,7200,2345600,58.64,397
real_metallica_20260621,2025-05-18,51,11779,10200,2355800,58.89,398
real_metallica_20260621,2025-05-17,51,11830,10200,2366000,59.15,399
real_metallica_20260621,2025-05-16,26,11856,5200,2371200,59.28,400
real_metallica_20260621,2025-05-15,15,11871,3000,2374200,59.36,401
real_metallica_20260621,2025-05-14,16,11887,3200,2377400,59.44,402
real_metallica_20260621,2025-05-13,62,11949,12400,2389800,59.75,403
real_metallica_20260621,2025-05-12,39,11988,7800,2397600,59.94,404
real_metallica_20260621,2025-05-11,40,12028,8000,2405600,60.14,405
real_metallica_20260621,2025-05-10,12,12040,2400,2408000,60.2,406
real_metallica_20260621,2025-05-09,10,12050,2000,2410000,60.25,407
real_metallica_20260621,2025-05-08,29,12079,5800,2415800,60.39,408
real_metallica_20260621,2025-05-07,6,12085,1200,2417000,60.42,409
real_metallica_20260621,2025-05-06,5,12090,1000,2418000,60.45,410
real_metallica_20260621,2025-05-05,22,12112,4400,2422400,60.56,411
real_metallica_20260621,2025-05-04,9,12121,1800,2424200,60.6,412
real_metallica_20260621,2025-05-03,39,12160,7800,2432000,60.8,413
real_metallica_20260621,2025-05-02,46,12206,9200,2441200,61.03,414
real_metallica_20260621,2025-05-01,40,12246,8000,2449200,61.23,415
real_metallica_20260621,2025-04-30,53,12299,10600,2459800,61.49,416
real_metallica_20260621,2025-04-29,21,12320,4200,2464000,61.6,417
real_metallica_20260621,2025-04-28,37,12357,7400,2471400,61.79,418
real_metallica_20260621,2025-04-27,35,12392,7000,2478400,61.96,419
real_metallica_20260621,2025-04-26,9,12401,1800,2480200,62.0,420
real_metallica_20260621,2025-04-25,7,12408,1400,2481600,62.04,421
real_metallica_20260621,2025-04-24,39,12447,7800,2489400,62.23,422
real_metallica_20260621,2025-04-23,35,12482,7000,2496400,62.41,423
real_metallica_20260621,2025-04-22,30,12512,6000,2502400,62.56,424
real_metallica_20260621,2025-04-21,35,12547,7000,2509400,62.73,425
real_metallica_20260621,2025-04-20,31,12578,6200,2515600,62.89,426
real_metallica_20260621,2025-04-19,84,12662,16800,2532400,63.31,427
real_metallica_20260621,2025-04-18,56,12718,11200,2543600,63.59,428
real_metallica_20260621,2025-04-17,2,12720,400,2544000,63.6,429
real_metallica_20260621,2025-04-16,24,12744,4800,2548800,63.72,430
real_metallica_20260621,2025-04-15,30,12774,6000,2554800,63.87,431
real_metallica_20260621,2025-04-14,1,12775,200,2555000,63.88,432
real_metallica_20260621,2025-04-13,52,12827,10400,2565400,64.13,433
real_metallica_20260621,2025-04-12,28,12855,5600,2571000,64.28,434
real_metallica_20260621,2025-04-11,11,12866,2200,2573200,64.33,435
real_metallica_20260621,2025-04-10,1,12867,200,2573400,64.33,436
real_metallica_20260621,2025-04-09,72,12939,14400,2587800,64.7,437
real_metallica_20260621,2025-04-08,21,12960,4200,2592000,64.8,438
real_metallica_20260621,2025-04-07,47,13007,9400,2601400,65.03,439
real_metallica_20260621,2025-04-06,8,13015,1600,2603000,65.08,440
real_metallica_20260621,2025-04-05,50,13065,10000,2613000,65.33,441
real_metallica_20260621,2025-04-04,14,13079,2800,2615800,65.4,442
real_metallica_20260621,2025-04-03,85,13164,17000,2632800,65.82,443
real_metallica_20260621,2025-04-02,40,13204,8000,2640800,66.02,444
real_metallica_20260621,2025-04-01,45,13249,9000,2649800,66.25,445
real_metallica_20260621,2025-03-31,10,13259,2000,2651800,66.3,446
real_metallica_20260621,2025-03-30,31,13290,6200,2658000,66.45,447
real_metallica_20260621,2025-03-29,28,13318,5600,2663600,66.59,448
real_metallica_20260621,2025-03-28,10,13328,2000,2665600,66.64,449
real_metallica_20260621,2025-03-27,16,13344,3200,2668800,66.72,450
real_metallica_20260621,2025-03-26,17,13361,3400,2672200,66.81,451
real_metallica_20260621,2025-03-25,3,13364,600,2672800,66.82,452
real_metallica_20260621,2025-03-24,57,13421,11400,2684200,67.11,453
real_metallica_20260621,2025-03-23,15,13436,3000,2687200,67.18,454
real_metallica_20260621,2025-03-22,33,13469,6600,2693800,67.34,455
real_metallica_20260621,2025-03-21,27,13496,5400,2699200,67.48,456
real_metallica_20260621,2025-03-20,17,13513,3400,2702600,67.56,457
real_metallica_20260621,2025-03-19,58,13571,11600,2714200,67.86,458
real_metallica_20260621,2025-03-18,42,13613,8400,2722600,68.06,459
real_metallica_20260621,2025-03-17,8,13621,1600,2724200,68.11,460
real_metallica_20260621,2025-03-16,79,13700,15800,2740000,68.5,461
real_metallica_20260621,2025-03-15,18,13718,3600,2743600,68.59,462
real_metallica_20260621,2025-03-14,12,13730,2400,2746000,68.65,463
real_metallica_20260621,2025-03-13,30,13760,6000,2752000,68.8,464
real_metallica_20260621,2025-03-12,2,13762,400,2752400,68.81,465
real_metallica_20260621,2025-03-11,34,13796,6800,2759200,68.98,466
real_metallica_20260621,2025-03-10,42,13838,8400,2767600,69.19,467
real_metallica_20260621,2025-03-09,32,13870,6400,2774000,69.35,468
real_metallica_20260621,2025-03-08,54,13924,10800,2784800,69.62,469
real_metallica_20260621,2025-03-07,21,13945,4200,2789000,69.73,470
real_metallica_20260621,2025-03-06,22,13967,4400,2793400,69.84,471
real_metallica_20260621,2025-03-05,70,14037,14000,2807400,70.19,472
real_metallica_20260621,2025-03-04,18,14055,3600,2811000,70.28,473
real_metallica_20260621,2025-03-03,28,14083,5600,2816600,70.42,474
real_metallica_20260621,2025-03-02,10,14093,2000,2818600,70.47,475
real_metallica_20260621,2025-03-01,40,14133,8000,2826600,70.67,476
real_metallica_20260621,2025-02-28,14,14147,2800,2829400,70.73,477
real_metallica_20260621,2025-02-27,4,14151,800,2830200,70.75,478
real_metallica_20260627,2025-10-23,27,27,5400,5400,0.14,246
real_metallica_20260627,2025-10-22,45,72,9000,14400,0.36,247
real_metallica_20260627,2025-10-21,39,111,7800,22200,0.56,248
real_metallica_20260627,2025-10-20,60,171,12000,34200,0.85,249
real_metallica_20260627,2025-10-19,19,190,3800,38000,0.95,250
real_metallica_20260627,2025-10-18,1,191,200,38200,0.95,251
real_metallica_20260627,2025-10-17,87,278,17400,55600,1.39,252
real_metallica_20260627,2025-10-16,158,436,31600,87200,2.18,253
real_metallica_20260627,2025-10-15,74,510,14800,102000,2.55,254
real_metallica_20260627,2025-10-14,117,627,23400,125400,3.14,255
real_metallica_20260627,2025-10-13,84,711,16800,142200,3.55,256
real_metallica_20260627,2025-10-12,27,738,5400,147600,3.69,257
real_metallica_20260627,2025-10-11,14,752,2800,150400,3.76,258
real_metallica_20260627,2025-10-10,51,803,10200,160600,4.01,259
real_metallica_20260627,2025-10-09,237,1040,47400,208000,5.2,260
real_metallica_20260627,2025-10-08,11,1051,2200,210200,5.25,261
real_metallica_20260627,2025-10-07,23,1074,4600,214800,5.37,262
real_metallica_20260627,2025-10-06,87,1161,17400,232200,5.8,263
real_metallica_20260627,2025-10-05,6,1167,1200,233400,5.83,264
real_metallica_20260627,2025-10-04,99,1266,19800,253200,6.33,265
real_metallica_20260627,2025-10-03,135,1401,27000,280200,7.0,266
real_metallica_20260627,2025-10-02,104,1505,20800,301000,7.52,267
real_metallica_20260627,2025-10-01,63,1568,12600,313600,7.84,268
real_metallica_20260627,2025-09-30,47,1615,9400,323000,8.08,269
real_metallica_20260627,2025-09-29,151,1766,30200,353200,8.83,270
real_metallica_20260627,2025-09-28,15,1781,3000,356200,8.91,271
real_metallica_20260627,2025-09-27,129,1910,25800,382000,9.55,272
real_metallica_20260627,2025-09-26,22,1932,4400,386400,9.66,273
real_metallica_20260627,2025-09-25,67,1999,13400,399800,9.99,274
real_metallica_20260627,2025-09-24,69,2068,13800,413600,10.34,275
real_metallica_20260627,2025-09-23,48,2116,9600,423200,10.58,276
real_metallica_20260627,2025-09-22,179,2295,35800,459000,11.47,277
real_metallica_20260627,2025-09-21,48,2343,9600,468600,11.71,278
real_metallica_20260627,2025-09-20,41,2384,8200,476800,11.92,279
real_metallica_20260627,2025-09-19,58,2442,11600,488400,12.21,280
real_metallica_20260627,2025-09-18,81,2523,16200,504600,12.62,281
real_metallica_20260627,2025-09-17,75,2598,15000,519600,12.99,282
real_metallica_20260627,2025-09-16,129,2727,25800,545400,13.63,283
real_metallica_20260627,2025-09-15,55,2782,11000,556400,13.91,284
real_metallica_20260627,2025-09-14,88,2870,17600,574000,14.35,285
real_metallica_20260627,2025-09-13,135,3005,27000,601000,15.02,286
real_metallica_20260627,2025-09-12,87,3092,17400,618400,15.46,287
real_metallica_20260627,2025-09-11,41,3133,8200,626600,15.67,288
real_metallica_20260627,2025-09-10,8,3141,1600,628200,15.71,289
real_metallica_20260627,2025-09-09,15,3156,3000,631200,15.78,290
real_metallica_20260627,2025-09-08,110,3266,22000,653200,16.33,291
real_metallica_20260627,2025-09-07,97,3363,19400,672600,16.81,292
real_metallica_20260627,2025-09-06,114,3477,22800,695400,17.39,293
real_metallica_20260627,2025-09-05,86,3563,17200,712600,17.82,294
real_metallica_20260627,2025-09-04,75,3638,15000,727600,18.19,295
real_metallica_20260627,2025-09-03,92,3730,18400,746000,18.65,296
real_metallica_20260627,2025-09-02,155,3885,31000,777000,19.43,297
real_metallica_20260627,2025-09-01,16,3901,3200,780200,19.5,298
real_metallica_20260627,2025-08-31,81,3982,16200,796400,19.91,299
real_metallica_20260627,2025-08-30,122,4104,24400,820800,20.52,300
real_metallica_20260627,2025-08-29,76,4180,15200,836000,20.9,301
real_metallica_20260627,2025-08-28,80,4260,16000,852000,21.3,302
real_metallica_20260627,2025-08-27,48,4308,9600,861600,21.54,303
real_metallica_20260627,2025-08-26,21,4329,4200,865800,21.64,304
real_metallica_20260627,2025-08-25,45,4374,9000,874800,21.87,305
real_metallica_20260627,2025-08-24,118,4492,23600,898400,22.46,306
real_metallica_20260627,2025-08-23,103,4595,20600,919000,22.98,307
real_metallica_20260627,2025-08-22,118,4713,23600,942600,23.57,308
real_metallica_20260627,2025-08-21,36,4749,7200,949800,23.75,309
real_metallica_20260627,2025-08-20,98,4847,19600,969400,24.23,310
real_metallica_20260627,2025-08-19,6,4853,1200,970600,24.27,311
real_metallica_20260627,2025-08-18,201,5054,40200,1010800,25.27,312
real_metallica_20260627,2025-08-17,38,5092,7600,1018400,25.46,313
real_metallica_20260627,2025-08-16,3,5095,600,1019000,25.47,314
real_metallica_20260627,2025-08-15,44,5139,8800,1027800,25.7,315
real_metallica_20260627,2025-08-14,23,5162,4600,1032400,25.81,316
real_metallica_20260627,2025-08-13,2,5164,400,1032800,25.82,317
real_metallica_20260627,2025-08-12,38,5202,7600,1040400,26.01,318
real_metallica_20260627,2025-08-11,50,5252,10000,1050400,26.26,319
real_metallica_20260627,2025-08-10,50,5302,10000,1060400,26.51,320
real_metallica_20260627,2025-08-09,106,5408,21200,1081600,27.04,321
real_metallica_20260627,2025-08-08,140,5548,28000,1109600,27.74,322
real_metallica_20260627,2025-08-07,48,5596,9600,1119200,27.98,323
real_metallica_20260627,2025-08-06,127,5723,25400,1144600,28.62,324
real_metallica_20260627,2025-08-05,40,5763,8000,1152600,28.82,325
real_metallica_20260627,2025-08-04,170,5933,34000,1186600,29.67,326
real_metallica_20260627,2025-08-03,13,5946,2600,1189200,29.73,327
real_metallica_20260627,2025-08-02,41,5987,8200,1197400,29.94,328
real_metallica_20260627,2025-08-01,155,6142,31000,1228400,30.71,329
real_metallica_20260627,2025-07-31,60,6202,12000,1240400,31.01,330
real_metallica_20260627,2025-07-30,126,6328,25200,1265600,31.64,331
real_metallica_20260627,2025-07-29,106,6434,21200,1286800,32.17,332
real_metallica_20260627,2025-07-28,78,6512,15600,1302400,32.56,333
real_metallica_20260627,2025-07-27,86,6598,17200,1319600,32.99,334
real_metallica_20260627,2025-07-26,175,6773,35000,1354600,33.87,335
real_metallica_20260627,2025-07-25,156,6929,31200,1385800,34.64,336
real_metallica_20260627,2025-07-24,16,6945,3200,1389000,34.73,337
real_metallica_20260627,2025-07-23,87,7032,17400,1406400,35.16,338
real_metallica_20260627,2025-07-22,206,7238,41200,1447600,36.19,339
real_metallica_20260627,2025-07-21,32,7270,6400,1454000,36.35,340
real_metallica_20260627,2025-07-20,121,7391,24200,1478200,36.95,341
real_metallica_20260627,2025-07-19,57,7448,11400,1489600,37.24,342
real_metallica_20260627,2025-07-18,63,7511,12600,1502200,37.55,343
real_metallica_20260627,2025-07-17,41,7552,8200,1510400,37.76,344
real_metallica_20260627,2025-07-16,80,7632,16000,1526400,38.16,345
real_metallica_20260627,2025-07-15,121,7753,24200,1550600,38.77,346
real_metallica_20260627,2025-07-14,142,7895,28400,1579000,39.48,347
real_metallica_20260627,2025-07-13,84,7979,16800,1595800,39.9,348
real_metallica_20260627,2025-07-12,32,8011,6400,1602200,40.05,349
real_metallica_20260627,2025-07-11,200,8211,40000,1642200,41.05,350
real_metallica_20260627,2025-07-10,58,8269,11600,1653800,41.34,351
real_metallica_20260627,2025-07-09,156,8425,31200,1685000,42.12,352
real_metallica_20260627,2025-07-08,63,8488,12600,1697600,42.44,353
real_metallica_20260627,2025-07-07,120,8608,24000,1721600,43.04,354
real_metallica_20260627,2025-07-06,80,8688,16000,1737600,43.44,355
real_metallica_20260627,2025-07-05,24,8712,4800,1742400,43.56,356
real_metallica_20260627,2025-07-04,37,8749,7400,1749800,43.74,357
real_metallica_20260627,2025-07-03,20,8769,4000,1753800,43.84,358
real_metallica_20260627,2025-07-02,118,8887,23600,1777400,44.44,359
real_metallica_20260627,2025-07-01,186,9073,37200,1814600,45.37,360
real_metallica_20260627,2025-06-30,115,9188,23000,1837600,45.94,361
real_metallica_20260627,2025-06-29,49,9237,9800,1847400,46.18,362
real_metallica_20260627,2025-06-28,70,9307,14000,1861400,46.53,363
real_metallica_20260627,2025-06-27,93,9400,18600,1880000,47.0,364
real_metallica_20260627,2025-06-26,15,9415,3000,1883000,47.08,365
real_metallica_20260627,2025-06-25,14,9429,2800,1885800,47.14,366
real_metallica_20260627,2025-06-24,41,9470,8200,1894000,47.35,367
real_metallica_20260627,2025-06-23,39,9509,7800,1901800,47.55,368
real_metallica_20260627,2025-06-22,9,9518,1800,1903600,47.59,369
real_metallica_20260627,2025-06-21,40,9558,8000,1911600,47.79,370
real_metallica_20260627,2025-06-20,20,9578,4000,1915600,47.89,371
real_metallica_20260627,2025-06-19,25,9603,5000,1920600,48.02,372
real_metallica_20260627,2025-06-18,24,9627,4800,1925400,48.13,373
real_metallica_20260627,2025-06-17,76,9703,15200,1940600,48.52,374
real_metallica_20260627,2025-06-16,37,9740,7400,1948000,48.7,375
real_metallica_20260627,2025-06-15,24,9764,4800,1952800,48.82,376
real_metallica_20260627,2025-06-14,32,9796,6400,1959200,48.98,377
real_metallica_20260627,2025-06-13,24,9820,4800,1964000,49.1,378
real_metallica_20260627,2025-06-12,52,9872,10400,1974400,49.36,379
real_metallica_20260627,2025-06-11,38,9910,7600,1982000,49.55,380
real_metallica_20260627,2025-06-10,9,9919,1800,1983800,49.59,381
real_metallica_20260627,2025-06-09,1,9920,200,1984000,49.6,382
real_metallica_20260627,2025-06-08,53,9973,10600,1994600,49.86,383
real_metallica_20260627,2025-06-07,29,10002,5800,2000400,50.01,384
real_metallica_20260627,2025-06-06,18,10020,3600,2004000,50.1,385
real_metallica_20260627,2025-06-05,24,10044,4800,2008800,50.22,386
real_metallica_20260627,2025-06-04,38,10082,7600,2016400,50.41,387
real_metallica_20260627,2025-06-03,20,10102,4000,2020400,50.51,388
real_metallica_20260627,2025-06-02,17,10119,3400,2023800,50.59,389
real_metallica_20260627,2025-06-01,12,10131,2400,2026200,50.65,390
real_metallica_20260627,2025-05-31,58,10189,11600,2037800,50.94,391
real_metallica_20260627,2025-05-30,37,10226,7400,2045200,51.13,392
real_metallica_20260627,2025-05-29,1,10227,200,2045400,51.13,393
real_metallica_20260627,2025-05-28,20,10247,4000,2049400,51.23,394
real_metallica_20260627,2025-05-27,23,10270,4600,2054000,51.35,395
real_metallica_20260627,2025-05-26,24,10294,4800,2058800,51.47,396
real_metallica_20260627,2025-05-25,40,10334,8000,2066800,51.67,397
real_metallica_20260627,2025-05-24,20,10354,4000,2070800,51.77,398
real_metallica_20260627,2025-05-23,20,10374,4000,2074800,51.87,399
real_metallica_20260627,2025-05-22,4,10378,800,2075600,51.89,400
real_metallica_20260627,2025-05-21,41,10419,8200,2083800,52.09,401
real_metallica_20260627,2025-05-20,36,10455,7200,2091000,52.28,402
real_metallica_20260627,2025-05-19,3,10458,600,2091600,52.29,403
real_metallica_20260627,2025-05-18,16,10474,3200,2094800,52.37,404
real_metallica_20260627,2025-05-17,4,10478,800,2095600,52.39,405
real_metallica_20260627,2025-05-16,6,10484,1200,2096800,52.42,406
real_metallica_20260627,2025-05-15,45,10529,9000,2105800,52.64,407
real_metallica_20260627,2025-05-14,23,10552,4600,2110400,52.76,408
real_metallica_20260627,2025-05-13,43,10595,8600,2119000,52.98,409
real_metallica_20260627,2025-05-12,21,10616,4200,2123200,53.08,410
real_metallica_20260627,2025-05-11,63,10679,12600,2135800,53.4,411
real_metallica_20260627,2025-05-10,3,10682,600,2136400,53.41,412
real_metallica_20260627,2025-05-09,41,10723,8200,2144600,53.62,413
real_metallica_20260627,2025-05-08,19,10742,3800,2148400,53.71,414
real_metallica_20260627,2025-05-07,5,10747,1000,2149400,53.73,415
real_metallica_20260627,2025-05-06,57,10804,11400,2160800,54.02,416
real_metallica_20260627,2025-05-05,16,10820,3200,2164000,54.1,417
real_metallica_20260627,2025-05-04,3,10823,600,2164600,54.12,418
real_metallica_20260627,2025-05-03,3,10826,600,2165200,54.13,419
real_metallica_20260627,2025-05-02,14,10840,2800,2168000,54.2,420
real_metallica_20260627,2025-05-01,2,10842,400,2168400,54.21,421
real_metallica_20260627,2025-04-30,14,10856,2800,2171200,54.28,422
real_metallica_20260627,2025-04-29,17,10873,3400,2174600,54.36,423
real_metallica_20260627,2025-04-28,20,10893,4000,2178600,54.46,424
real_metallica_20260627,2025-04-27,40,10933,8000,2186600,54.66,425
real_metallica_20260627,2025-04-26,2,10935,400,2187000,54.67,426
real_metallica_20260627,2025-04-25,18,10953,3600,2190600,54.77,427
real_metallica_20260627,2025-04-24,42,10995,8400,2199000,54.97,428
real_metallica_20260627,2025-04-23,53,11048,10600,2209600,55.24,429
real_metallica_20260627,2025-04-22,2,11050,400,2210000,55.25,430
real_metallica_20260627,2025-04-21,2,11052,400,2210400,55.26,431
real_metallica_20260627,2025-04-20,37,11089,7400,2217800,55.45,432
real_metallica_20260627,2025-04-19,22,11111,4400,2222200,55.55,433
real_metallica_20260627,2025-04-18,47,11158,9400,2231600,55.79,434
real_metallica_20260627,2025-04-17,53,11211,10600,2242200,56.05,435
real_metallica_20260627,2025-04-16,13,11224,2600,2244800,56.12,436
real_metallica_20260627,2025-04-14,79,11303,15800,2260600,56.52,438
real_metallica_20260627,2025-04-13,35,11338,7000,2267600,56.69,439
real_metallica_20260627,2025-04-12,24,11362,4800,2272400,56.81,440
real_metallica_20260627,2025-04-11,12,11374,2400,2274800,56.87,441
real_metallica_20260627,2025-04-10,32,11406,6400,2281200,57.03,442
real_metallica_20260627,2025-04-09,20,11426,4000,2285200,57.13,443
real_metallica_20260627,2025-04-08,50,11476,10000,2295200,57.38,444
real_metallica_20260627,2025-04-07,18,11494,3600,2298800,57.47,445
real_metallica_20260627,2025-04-06,28,11522,5600,2304400,57.61,446
real_metallica_20260627,2025-04-05,51,11573,10200,2314600,57.87,447
real_metallica_20260627,2025-04-04,7,11580,1400,2316000,57.9,448
real_metallica_20260627,2025-04-03,6,11586,1200,2317200,57.93,449
real_metallica_20260627,2025-04-02,26,11612,5200,2322400,58.06,450
real_metallica_20260627,2025-04-01,36,11648,7200,2329600,58.24,451
real_metallica_20260627,2025-03-31,38,11686,7600,2337200,58.43,452
real_metallica_20260627,2025-03-30,27,11713,5400,2342600,58.56,453
real_metallica_20260627,2025-03-29,38,11751,7600,2350200,58.76,454
real_metallica_20260627,2025-03-28,3,11754,600,2350800,58.77,455
real_metallica_20260627,2025-03-27,29,11783,5800,2356600,58.91,456
real_metallica_20260627,2025-03-26,56,11839,11200,2367800,59.2,457
real_metallica_20260627,2025-03-25,27,11866,5400,2373200,59.33,458
real_metallica_20260627,2025-03-24,19,11885,3800,2377000,59.42,459
real_metallica_20260627,2025-03-23,26,11911,5200,2382200,59.55,460
real_metallica_20260627,2025-03-22,21,11932,4200,2386400,59.66,461
real_metallica_20260627,2025-03-21,24,11956,4800,2391200,59.78,462
real_metallica_20260627,2025-03-20,58,12014,11600,2402800,60.07,463
real_metallica_20260627,2025-03-19,77,12091,15400,2418200,60.46,464
real_metallica_20260627,2025-03-18,62,12153,12400,2430600,60.77,465
real_metallica_20260627,2025-03-17,38,12191,7600,2438200,60.96,466
real_metallica_20260627,2025-03-16,42,12233,8400,2446600,61.17,467
real_metallica_20260627,2025-03-15,31,12264,6200,2452800,61.32,468
real_metallica_20260627,2025-03-14,6,12270,1200,2454000,61.35,469
real_metallica_20260627,2025-03-13,3,12273,600,2454600,61.37,470
real_metallica_20260627,2025-03-12,1,12274,200,2454800,61.37,471
real_metallica_20260627,2025-03-10,24,12298,4800,2459600,61.49,473
real_metallica_20260627,2025-03-09,20,12318,4000,2463600,61.59,474
real_metallica_20260627,2025-03-08,23,12341,4600,2468200,61.7,475
real_metallica_20260627,2025-03-07,12,12353,2400,2470600,61.77,476
real_metallica_20260627,2025-03-06,47,12400,9400,2480000,62.0,477
real_metallica_20260627,2025-03-05,26,12426,5200,2485200,62.13,478
real_metallica_20260627,2025-03-04,38,12464,7600,2492800,62.32,479
real_metallica_20260627,2025-03-03,15,12479,3000,2495800,62.4,480
real_metallica_20260627,2025-03-02,16,12495,3200,2499000,62.48,481
real_metallica_20260627,2025-03-01,51,12546,10200,2509200,62.73,482
real_metallica_20260627,2025-02-28,15,12561,3000,2512200,62.8,483
real_metallica_20260627,2025-02-27,3,12564,600,2512800,62.82,484
real_metallica_20260627,2025-02-26,60,12624,12000,2524800,63.12,485
real_metallica_20260627,2025-02-25,7,12631,1400,2526200,63.15,486
real_metallica_20260627,2025-02-24,15,12646,3000,2529200,63.23,487
real_metallica_20260627,2025-02-23,37,12683,7400,2536600,63.41,488
real_metallica_20260627,2025-02-22,34,12717,6800,2543400,63.59,489
real_metallica_20260627,2025-02-21,44,12761,8800,2552200,63.8,490
real_metallica_20260628,2025-10-23,16,16,3200,3200,0.08,247
real_metallica_20260628,2025-10-22,39,55,7800,11000,0.27,248
real_metallica_20260628,2025-10-21,50,105,10000,21000,0.53,249
real_metallica_20260628,2025-10-20,7,112,1400,22400,0.56,250
real_metallica_20260628,2025-10-19,55,167,11000,33400,0.83,251
real_metallica_20260628,2025-10-18,105,272,21000,54400,1.36,252
real_metallica_20260628,2025-10-17,1,273,200,54600,1.36,253
real_metallica_20260628,2025-10-16,11,284,2200,56800,1.42,254
real_metallica_20260628,2025-10-15,197,481,39400,96200,2.4,255
real_metallica_20260628,2025-10-14,181,662,36200,132400,3.31,256
real_metallica_20260628,2025-10-13,122,784,24400,156800,3.92,257
real_metallica_20260628,2025-10-12,34,818,6800,163600,4.09,258
real_metallica_20260628,2025-10-11,34,852,6800,170400,4.26,259
real_metallica_20260628,2025-10-10,48,900,9600,180000,4.5,260
real_metallica_20260628,2025-10-09,57,957,11400,191400,4.78,261
real_metallica_20260628,2025-10-08,166,1123,33200,224600,5.62,262
real_metallica_20260628,2025-10-07,72,1195,14400,239000,5.97,263
real_metallica_20260628,2025-10-06,111,1306,22200,261200,6.53,264
real_metallica_20260628,2025-10-05,179,1485,35800,297000,7.42,265
real_metallica_20260628,2025-10-04,59,1544,11800,308800,7.72,266
real_metallica_20260628,2025-10-03,190,1734,38000,346800,8.67,267
real_metallica_20260628,2025-10-02,46,1780,9200,356000,8.9,268
real_metallica_20260628,2025-10-01,47,1827,9400,365400,9.13,269
real_metallica_20260628,2025-09-30,120,1947,24000,389400,9.74,270
real_metallica_20260628,2025-09-29,95,2042,19000,408400,10.21,271
real_metallica_20260628,2025-09-28,95,2137,19000,427400,10.69,272
real_metallica_20260628,2025-09-27,138,2275,27600,455000,11.38,273
real_metallica_20260628,2025-09-26,94,2369,18800,473800,11.85,274
real_metallica_20260628,2025-09-25,104,2473,20800,494600,12.37,275
real_metallica_20260628,2025-09-24,51,2524,10200,504800,12.62,276
real_metallica_20260628,2025-09-23,88,2612,17600,522400,13.06,277
real_metallica_20260628,2025-09-22,37,2649,7400,529800,13.25,278
real_metallica_20260628,2025-09-21,192,2841,38400,568200,14.21,279
real_metallica_20260628,2025-09-20,172,3013,34400,602600,15.07,280
real_metallica_20260628,2025-09-19,92,3105,18400,621000,15.53,281
real_metallica_20260628,2025-09-18,22,3127,4400,625400,15.63,282
real_metallica_20260628,2025-09-17,35,3162,7000,632400,15.81,283
real_metallica_20260628,2025-09-16,91,3253,18200,650600,16.27,284
real_metallica_20260628,2025-09-15,115,3368,23000,673600,16.84,285
real_metallica_20260628,2025-09-14,174,3542,34800,708400,17.71,286
real_metallica_20260628,2025-09-13,5,3547,1000,709400,17.73,287
real_metallica_20260628,2025-09-12,37,3584,7400,716800,17.92,288
real_metallica_20260628,2025-09-11,138,3722,27600,744400,18.61,289
real_metallica_20260628,2025-09-10,190,3912,38000,782400,19.56,290
real_metallica_20260628,2025-09-09,102,4014,20400,802800,20.07,291
real_metallica_20260628,2025-09-08,52,4066,10400,813200,20.33,292
real_metallica_20260628,2025-09-07,101,4167,20200,833400,20.84,293
real_metallica_20260628,2025-09-06,53,4220,10600,844000,21.1,294
real_metallica_20260628,2025-09-05,128,4348,25600,869600,21.74,295
real_metallica_20260628,2025-09-04,133,4481,26600,896200,22.41,296
real_metallica_20260628,2025-09-02,42,4523,8400,904600,22.61,298
real_metallica_20260628,2025-09-01,175,4698,35000,939600,23.49,299
real_metallica_20260628,2025-08-31,85,4783,17000,956600,23.91,300
real_metallica_20260628,2025-08-30,83,4866,16600,973200,24.33,301
real_metallica_20260628,2025-08-29,204,5070,40800,1014000,25.35,302
real_metallica_20260628,2025-08-28,101,5171,20200,1034200,25.86,303
real_metallica_20260628,2025-08-27,100,5271,20000,1054200,26.36,304
real_metallica_20260628,2025-08-26,44,5315,8800,1063000,26.57,305
real_metallica_20260628,2025-08-25,176,5491,35200,1098200,27.46,306
real_metallica_20260628,2025-08-24,27,5518,5400,1103600,27.59,307
real_metallica_20260628,2025-08-23,82,5600,16400,1120000,28.0,308
real_metallica_20260628,2025-08-22,48,5648,9600,1129600,28.24,309
real_metallica_20260628,2025-08-21,203,5851,40600,1170200,29.25,310
real_metallica_20260628,2025-08-20,204,6055,40800,1211000,30.28,311
real_metallica_20260628,2025-08-19,18,6073,3600,1214600,30.36,312
real_metallica_20260628,2025-08-18,177,6250,35400,1250000,31.25,313
real_metallica_20260628,2025-08-17,61,6311,12200,1262200,31.55,314
real_metallica_20260628,2025-08-16,77,6388,15400,1277600,31.94,315
real_metallica_20260628,2025-08-15,138,6526,27600,1305200,32.63,316
real_metallica_20260628,2025-08-14,48,6574,9600,1314800,32.87,317
real_metallica_20260628,2025-08-13,3,6577,600,1315400,32.88,318
real_metallica_20260628,2025-08-12,53,6630,10600,1326000,33.15,319
real_metallica_20260628,2025-08-11,99,6729,19800,1345800,33.65,320
real_metallica_20260628,2025-08-10,17,6746,3400,1349200,33.73,321
real_metallica_20260628,2025-08-09,30,6776,6000,1355200,33.88,322
real_metallica_20260628,2025-08-08,91,6867,18200,1373400,34.34,323
real_metallica_20260628,2025-08-07,2,6869,400,1373800,34.34,324
real_metallica_20260628,2025-08-06,76,6945,15200,1389000,34.73,325
real_metallica_20260628,2025-08-05,95,7040,19000,1408000,35.2,326
real_metallica_20260628,2025-08-04,54,7094,10800,1418800,35.47,327
real_metallica_20260628,2025-08-03,122,7216,24400,1443200,36.08,328
real_metallica_20260628,2025-08-02,151,7367,30200,1473400,36.84,329
real_metallica_20260628,2025-08-01,62,7429,12400,1485800,37.15,330
real_metallica_20260628,2025-07-31,255,7684,51000,1536800,38.42,331
real_metallica_20260628,2025-07-30,7,7691,1400,1538200,38.45,332
real_metallica_20260628,2025-07-29,121,7812,24200,1562400,39.06,333
real_metallica_20260628,2025-07-28,98,7910,19600,1582000,39.55,334
real_metallica_20260628,2025-07-27,197,8107,39400,1621400,40.53,335
real_metallica_20260628,2025-07-26,88,8195,17600,1639000,40.98,336
real_metallica_20260628,2025-07-25,89,8284,17800,1656800,41.42,337
real_metallica_20260628,2025-07-24,175,8459,35000,1691800,42.3,338
real_metallica_20260628,2025-07-23,6,8465,1200,1693000,42.33,339
real_metallica_20260628,2025-07-22,124,8589,24800,1717800,42.95,340
real_metallica_20260628,2025-07-21,22,8611,4400,1722200,43.05,341
real_metallica_20260628,2025-07-20,139,8750,27800,1750000,43.75,342
real_metallica_20260628,2025-07-19,31,8781,6200,1756200,43.91,343
real_metallica_20260628,2025-07-18,183,8964,36600,1792800,44.82,344
real_metallica_20260628,2025-07-17,24,8988,4800,1797600,44.94,345
real_metallica_20260628,2025-07-16,86,9074,17200,1814800,45.37,346
real_metallica_20260628,2025-07-15,120,9194,24000,1838800,45.97,347
real_metallica_20260628,2025-07-14,39,9233,7800,1846600,46.16,348
real_metallica_20260628,2025-07-13,180,9413,36000,1882600,47.06,349
real_metallica_20260628,2025-07-12,55,9468,11000,1893600,47.34,350
real_metallica_20260628,2025-07-11,24,9492,4800,1898400,47.46,351
real_metallica_20260628,2025-07-10,16,9508,3200,1901600,47.54,352
real_metallica_20260628,2025-07-09,172,9680,34400,1936000,48.4,353
real_metallica_20260628,2025-07-08,129,9809,25800,1961800,49.05,354
real_metallica_20260628,2025-07-07,128,9937,25600,1987400,49.69,355
real_metallica_20260628,2025-07-06,35,9972,7000,1994400,49.86,356
real_metallica_20260628,2025-07-05,99,10071,19800,2014200,50.36,357
real_metallica_20260628,2025-07-04,137,10208,27400,2041600,51.04,358
real_metallica_20260628,2025-07-03,12,10220,2400,2044000,51.1,359
real_metallica_20260628,2025-07-02,30,10250,6000,2050000,51.25,360
real_metallica_20260628,2025-07-01,125,10375,25000,2075000,51.88,361
real_metallica_20260628,2025-06-30,57,10432,11400,2086400,52.16,362
real_metallica_20260628,2025-06-29,41,10473,8200,2094600,52.36,363
real_metallica_20260628,2025-06-28,76,10549,15200,2109800,52.74,364
real_metallica_20260628,2025-06-27,28,10577,5600,2115400,52.89,365
real_metallica_20260628,2025-06-26,9,10586,1800,2117200,52.93,366
real_metallica_20260628,2025-06-25,31,10617,6200,2123400,53.09,367
real_metallica_20260628,2025-06-24,24,10641,4800,2128200,53.21,368
real_metallica_20260628,2025-06-23,22,10663,4400,2132600,53.31,369
real_metallica_20260628,2025-06-22,5,10668,1000,2133600,53.34,370
real_metallica_20260628,2025-06-21,14,10682,2800,2136400,53.41,371
real_metallica_20260628,2025-06-20,43,10725,8600,2145000,53.62,372
real_metallica_20260628,2025-06-19,31,10756,6200,2151200,53.78,373
real_metallica_20260628,2025-06-18,28,10784,5600,2156800,53.92,374
real_metallica_20260628,2025-06-17,14,10798,2800,2159600,53.99,375
real_metallica_20260628,2025-06-16,8,10806,1600,2161200,54.03,376
real_metallica_20260628,2025-06-15,36,10842,7200,2168400,54.21,377
real_metallica_20260628,2025-06-14,15,10857,3000,2171400,54.29,378
real_metallica_20260628,2025-06-13,44,10901,8800,2180200,54.51,379
real_metallica_20260628,2025-06-12,45,10946,9000,2189200,54.73,380
real_metallica_20260628,2025-06-11,44,10990,8800,2198000,54.95,381
real_metallica_20260628,2025-06-10,34,11024,6800,2204800,55.12,382
real_metallica_20260628,2025-06-09,30,11054,6000,2210800,55.27,383
real_metallica_20260628,2025-06-08,13,11067,2600,2213400,55.34,384
real_metallica_20260628,2025-06-07,27,11094,5400,2218800,55.47,385
real_metallica_20260628,2025-06-06,5,11099,1000,2219800,55.5,386
real_metallica_20260628,2025-06-05,42,11141,8400,2228200,55.71,387
real_metallica_20260628,2025-06-04,25,11166,5000,2233200,55.83,388
real_metallica_20260628,2025-06-03,15,11181,3000,2236200,55.91,389
real_metallica_20260628,2025-06-02,17,11198,3400,2239600,55.99,390
real_metallica_20260628,2025-06-01,10,11208,2000,2241600,56.04,391
real_metallica_20260628,2025-05-31,11,11219,2200,2243800,56.09,392
real_metallica_20260628,2025-05-30,57,11276,11400,2255200,56.38,393
real_metallica_20260628,2025-05-29,47,11323,9400,2264600,56.62,394
real_metallica_20260628,2025-05-28,30,11353,6000,2270600,56.77,395
real_metallica_20260628,2025-05-27,11,11364,2200,2272800,56.82,396
real_metallica_20260628,2025-05-26,7,11371,1400,2274200,56.85,397
real_metallica_20260628,2025-05-25,14,11385,2800,2277000,56.93,398
real_metallica_20260628,2025-05-24,19,11404,3800,2280800,57.02,399
real_metallica_20260628,2025-05-23,25,11429,5000,2285800,57.15,400
real_metallica_20260628,2025-05-22,1,11430,200,2286000,57.15,401
real_metallica_20260628,2025-05-20,17,11447,3400,2289400,57.23,403
real_metallica_20260628,2025-05-18,8,11455,1600,2291000,57.27,405
real_metallica_20260628,2025-05-17,15,11470,3000,2294000,57.35,406
real_metallica_20260628,2025-05-16,27,11497,5400,2299400,57.48,407
real_metallica_20260628,2025-05-15,30,11527,6000,2305400,57.64,408
real_metallica_20260628,2025-05-14,13,11540,2600,2308000,57.7,409
real_metallica_20260628,2025-05-13,24,11564,4800,2312800,57.82,410
real_metallica_20260628,2025-05-12,40,11604,8000,2320800,58.02,411
real_metallica_20260628,2025-05-11,51,11655,10200,2331000,58.27,412
real_metallica_20260628,2025-05-10,8,11663,1600,2332600,58.31,413
real_metallica_20260628,2025-05-09,18,11681,3600,2336200,58.4,414
real_metallica_20260628,2025-05-08,8,11689,1600,2337800,58.45,415
real_metallica_20260628,2025-05-07,4,11693,800,2338600,58.47,416
real_metallica_20260628,2025-05-06,15,11708,3000,2341600,58.54,417
real_metallica_20260628,2025-05-05,52,11760,10400,2352000,58.8,418
real_metallica_20260628,2025-05-04,46,11806,9200,2361200,59.03,419
real_metallica_20260628,2025-05-03,33,11839,6600,2367800,59.2,420
real_metallica_20260628,2025-05-02,48,11887,9600,2377400,59.44,421
real_metallica_20260628,2025-05-01,20,11907,4000,2381400,59.54,422
real_metallica_20260628,2025-04-30,3,11910,600,2382000,59.55,423
real_metallica_20260628,2025-04-29,23,11933,4600,2386600,59.66,424
real_metallica_20260628,2025-04-28,38,11971,7600,2394200,59.86,425
real_metallica_20260628,2025-04-27,28,11999,5600,2399800,59.99,426
real_metallica_20260628,2025-04-26,16,12015,3200,2403000,60.08,427
real_metallica_20260628,2025-04-25,50,12065,10000,2413000,60.32,428
real_metallica_20260628,2025-04-24,26,12091,5200,2418200,60.46,429
real_metallica_20260628,2025-04-23,20,12111,4000,2422200,60.56,430
real_metallica_20260628,2025-04-22,33,12144,6600,2428800,60.72,431
real_metallica_20260628,2025-04-21,4,12148,800,2429600,60.74,432
real_metallica_20260628,2025-04-20,1,12149,200,2429800,60.75,433
real_metallica_20260628,2025-04-19,35,12184,7000,2436800,60.92,434
real_metallica_20260628,2025-04-18,9,12193,1800,2438600,60.97,435
real_metallica_20260628,2025-04-17,5,12198,1000,2439600,60.99,436
real_metallica_20260628,2025-04-16,25,12223,5000,2444600,61.11,437
real_metallica_20260628,2025-04-15,41,12264,8200,2452800,61.32,438
real_metallica_20260628,2025-04-14,43,12307,8600,2461400,61.53,439
real_metallica_20260628,2025-04-13,34,12341,6800,2468200,61.7,440
real_metallica_20260628,2025-04-12,39,12380,7800,2476000,61.9,441
real_metallica_20260628,2025-04-11,60,12440,12000,2488000,62.2,442
real_metallica_20260628,2025-04-10,24,12464,4800,2492800,62.32,443
real_metallica_20260628,2025-04-09,71,12535,14200,2507000,62.68,444
real_metallica_20260628,2025-04-08,77,12612,15400,2522400,63.06,445
real_metallica_20260628,2025-04-07,17,12629,3400,2525800,63.14,446
real_metallica_20260628,2025-04-06,5,12634,1000,2526800,63.17,447
real_metallica_20260628,2025-04-05,43,12677,8600,2535400,63.39,448
real_metallica_20260628,2025-04-04,39,12716,7800,2543200,63.58,449
real_metallica_20260628,2025-04-03,32,12748,6400,2549600,63.74,450
real_metallica_20260628,2025-04-02,34,12782,6800,2556400,63.91,451
real_metallica_20260628,2025-04-01,76,12858,15200,2571600,64.29,452
real_metallica_20260628,2025-03-31,20,12878,4000,2575600,64.39,453
real_metallica_20260628,2025-03-30,41,12919,8200,2583800,64.59,454
real_metallica_20260628,2025-03-29,72,12991,14400,2598200,64.95,455
real_metallica_20260628,2025-03-28,19,13010,3800,2602000,65.05,456
real_metallica_20260628,2025-03-27,21,13031,4200,2606200,65.16,457
real_metallica_20260628,2025-03-26,26,13057,5200,2611400,65.29,458
real_metallica_20260628,2025-03-25,38,13095,7600,2619000,65.48,459
real_metallica_20260628,2025-03-24,42,13137,8400,2627400,65.69,460
real_metallica_20260628,2025-03-23,39,13176,7800,2635200,65.88,461
real_metallica_20260628,2025-03-22,17,13193,3400,2638600,65.96,462
real_metallica_20260628,2025-03-21,37,13230,7400,2646000,66.15,463
real_metallica_20260628,2025-03-20,23,13253,4600,2650600,66.27,464
real_metallica_20260628,2025-03-19,41,13294,8200,2658800,66.47,465
real_metallica_20260628,2025-03-18,29,13323,5800,2664600,66.62,466
real_metallica_20260628,2025-03-17,11,13334,2200,2666800,66.67,467
real_metallica_20260628,2025-03-16,18,13352,3600,2670400,66.76,468
real_metallica_20260628,2025-03-15,26,13378,5200,2675600,66.89,469
real_metallica_20260628,2025-03-14,43,13421,8600,2684200,67.11,470
real_metallica_20260628,2025-03-13,31,13452,6200,2690400,67.26,471
real_metallica_20260628,2025-03-12,25,13477,5000,2695400,67.38,472
real_metallica_20260628,2025-03-11,17,13494,3400,2698800,67.47,473
real_metallica_20260628,2025-03-10,58,13552,11600,2710400,67.76,474
real_metallica_20260628,2025-03-09,9,13561,1800,2712200,67.81,475
real_metallica_20260628,2025-03-08,4,13565,800,2713000,67.83,476
real_metallica_20260628,2025-03-07,24,13589,4800,2717800,67.94,477
real_metallica_20260628,2025-03-06,50,13639,10000,2727800,68.19,478
real_metallica_20260628,2025-03-05,6,13645,1200,2729000,68.23,479
real_metallica_20260628,2025-03-04,32,13677,6400,2735400,68.38,480
real_metallica_20260628,2025-03-03,58,13735,11600,2747000,68.67,481
real_metallica_20260628,2025-03-02,70,13805,14000,2761000,69.03,482
real_metallica_20260628,2025-03-01,17,13822,3400,2764400,69.11,483
real_metallica_20260628,2025-02-28,26,13848,5200,2769600,69.24,484
real_metallica_20260628,2025-02-27,3,13851,600,2770200,69.25,485
real_metallica_20260628,2025-02-26,80,13931,16000,2786200,69.66,486
real_metallica_20260628,2025-02-25,76,14007,15200,2801400,70.03,487
real_metallica_20260628,2025-02-24,27,14034,5400,2806800,70.17,488
real_metallica_20260628,2025-02-23,7,14041,1400,2808200,70.2,489
real_metallica_20260628,2025-02-22,7,14048,1400,2809600,70.24,490
real_metallica_20260628,2025-02-21,3,14051,600,2810200,70.25,491
real_metallica_20260628,2025-02-20,4,14055,800,2811000,70.28,492
future_taylor_swift_20260704,2025-10-23,68,68,13600,13600,0.34,253
future_taylor_swift_20260704,2025-10-22,12,80,2400,16000,0.4,254
future_taylor_swift_20260704,2025-10-21,175,255,35000,51000,1.27,255
future_taylor_swift_20260704,2025-10-20,10,265,2000,53000,1.32,256
future_taylor_swift_20260704,2025-10-19,145,410,29000,82000,2.05,257
future_taylor_swift_20260704,2025-10-18,14,424,2800,84800,2.12,258
future_taylor_swift_20260704,2025-10-17,70,494,14000,98800,2.47,259
future_taylor_swift_20260704,2025-10-16,61,555,12200,111000,2.77,260
future_taylor_swift_20260704,2025-10-15,79,634,15800,126800,3.17,261
future_taylor_swift_20260704,2025-10-14,68,702,13600,140400,3.51,262
future_taylor_swift_20260704,2025-10-13,90,792,18000,158400,3.96,263
future_taylor_swift_20260704,2025-10-12,38,830,7600,166000,4.15,264
future_taylor_swift_20260704,2025-10-11,74,904,14800,180800,4.52,265
future_taylor_swift_20260704,2025-10-10,56,960,11200,192000,4.8,266
future_taylor_swift_20260704,2025-10-09,105,1065,21000,213000,5.33,267
future_taylor_swift_20260704,2025-10-08,138,1203,27600,240600,6.02,268
future_taylor_swift_20260704,2025-10-07,41,1244,8200,248800,6.22,269
future_taylor_swift_20260704,2025-10-06,94,1338,18800,267600,6.69,270
future_taylor_swift_20260704,2025-10-05,69,1407,13800,281400,7.03,271
future_taylor_swift_20260704,2025-10-04,31,1438,6200,287600,7.19,272
future_taylor_swift_20260704,2025-10-03,52,1490,10400,298000,7.45,273
future_taylor_swift_20260704,2025-10-02,58,1548,11600,309600,7.74,274
future_taylor_swift_20260704,2025-10-01,44,1592,8800,318400,7.96,275
future_taylor_swift_20260704,2025-09-30,71,1663,14200,332600,8.31,276
future_taylor_swift_20260704,2025-09-29,30,1693,6000,338600,8.46,277
future_taylor_swift_20260704,2025-09-28,111,1804,22200,360800,9.02,278
future_taylor_swift_20260704,2025-09-27,153,1957,30600,391400,9.79,279
future_taylor_swift_20260704,2025-09-26,114,2071,22800,414200,10.36,280
future_taylor_swift_20260704,2025-09-25,12,2083,2400,416600,10.42,281
future_taylor_swift_20260704,2025-09-24,104,2187,20800,437400,10.94,282
future_taylor_swift_20260704,2025-09-23,113,2300,22600,460000,11.5,283
future_taylor_swift_20260704,2025-09-22,49,2349,9800,469800,11.74,284
future_taylor_swift_20260704,2025-09-21,192,2541,38400,508200,12.71,285
future_taylor_swift_20260704,2025-09-20,138,2679,27600,535800,13.4,286
future_taylor_swift_20260704,2025-09-19,52,2731,10400,546200,13.66,287
future_taylor_swift_20260704,2025-09-18,125,2856,25000,571200,14.28,288
future_taylor_swift_20260704,2025-09-17,134,2990,26800,598000,14.95,289
future_taylor_swift_20260704,2025-09-16,5,2995,1000,599000,14.97,290
future_taylor_swift_20260704,2025-09-15,157,3152,31400,630400,15.76,291
future_taylor_swift_20260704,2025-09-14,113,3265,22600,653000,16.32,292
future_taylor_swift_20260704,2025-09-13,95,3360,19000,672000,16.8,293
future_taylor_swift_20260704,2025-09-12,9,3369,1800,673800,16.84,294
future_taylor_swift_20260704,2025-09-11,178,3547,35600,709400,17.73,295
future_taylor_swift_20260704,2025-09-10,43,3590,8600,718000,17.95,296
future_taylor_swift_20260704,2025-09-09,53,3643,10600,728600,18.21,297
future_taylor_swift_20260704,2025-09-08,45,3688,9000,737600,18.44,298
future_taylor_swift_20260704,2025-09-07,63,3751,12600,750200,18.75,299
future_taylor_swift_20260704,2025-09-06,59,3810,11800,762000,19.05,300
future_taylor_swift_20260704,2025-09-05,120,3930,24000,786000,19.65,301
future_taylor_swift_20260704,2025-09-04,175,4105,35000,821000,20.52,302
future_taylor_swift_20260704,2025-09-03,62,4167,12400,833400,20.84,303
future_taylor_swift_20260704,2025-09-02,16,4183,3200,836600,20.91,304
future_taylor_swift_20260704,2025-09-01,5,4188,1000,837600,20.94,305
future_taylor_swift_20260704,2025-08-31,88,4276,17600,855200,21.38,306
future_taylor_swift_20260704,2025-08-30,5,4281,1000,856200,21.4,307
future_taylor_swift_20260704,2025-08-29,114,4395,22800,879000,21.98,308
future_taylor_swift_20260704,2025-08-28,22,4417,4400,883400,22.09,309
future_taylor_swift_20260704,2025-08-27,89,4506,17800,901200,22.53,310
future_taylor_swift_20260704,2025-08-26,46,4552,9200,910400,22.76,311
future_taylor_swift_20260704,2025-08-25,66,4618,13200,923600,23.09,312
future_taylor_swift_20260704,2025-08-24,43,4661,8600,932200,23.3,313
future_taylor_swift_20260704,2025-08-23,74,4735,14800,947000,23.67,314
future_taylor_swift_20260704,2025-08-22,153,4888,30600,977600,24.44,315
future_taylor_swift_20260704,2025-08-21,50,4938,10000,987600,24.69,316
future_taylor_swift_20260704,2025-08-20,97,5035,19400,1007000,25.17,317
future_taylor_swift_20260704,2025-08-19,58,5093,11600,1018600,25.46,318
future_taylor_swift_20260704,2025-08-18,20,5113,4000,1022600,25.56,319
future_taylor_swift_20260704,2025-08-17,89,5202,17800,1040400,26.01,320
future_taylor_swift_20260704,2025-08-16,64,5266,12800,1053200,26.33,321
future_taylor_swift_20260704,2025-08-15,32,5298,6400,1059600,26.49,322
future_taylor_swift_20260704,2025-08-14,75,5373,15000,1074600,26.86,323
future_taylor_swift_20260704,2025-08-13,55,5428,11000,1085600,27.14,324
future_taylor_swift_20260704,2025-08-12,47,5475,9400,1095000,27.38,325
future_taylor_swift_20260704,2025-08-11,39,5514,7800,1102800,27.57,326
future_taylor_swift_20260704,2025-08-10,8,5522,1600,1104400,27.61,327
future_taylor_swift_20260704,2025-08-09,11,5533,2200,1106600,27.66,328
future_taylor_swift_20260704,2025-08-08,146,5679,29200,1135800,28.39,329
future_taylor_swift_20260704,2025-08-07,189,5868,37800,1173600,29.34,330
future_taylor_swift_20260704,2025-08-06,70,5938,14000,1187600,29.69,331
future_taylor_swift_20260704,2025-08-05,108,6046,21600,1209200,30.23,332
future_taylor_swift_20260704,2025-08-04,60,6106,12000,1221200,30.53,333
future_taylor_swift_20260704,2025-08-03,25,6131,5000,1226200,30.65,334
future_taylor_swift_20260704,2025-08-02,19,6150,3800,1230000,30.75,335
future_taylor_swift_20260704,2025-08-01,12,6162,2400,1232400,30.81,336
future_taylor_swift_20260704,2025-07-31,45,6207,9000,1241400,31.04,337
future_taylor_swift_20260704,2025-07-30,118,6325,23600,1265000,31.62,338
future_taylor_swift_20260704,2025-07-29,94,6419,18800,1283800,32.09,339
future_taylor_swift_20260704,2025-07-28,39,6458,7800,1291600,32.29,340
future_taylor_swift_20260704,2025-07-27,47,6505,9400,1301000,32.52,341
future_taylor_swift_20260704,2025-07-26,2,6507,400,1301400,32.53,342
future_taylor_swift_20260704,2025-07-25,43,6550,8600,1310000,32.75,343
future_taylor_swift_20260704,2025-07-24,131,6681,26200,1336200,33.41,344
future_taylor_swift_20260704,2025-07-23,128,6809,25600,1361800,34.04,345
future_taylor_swift_20260704,2025-07-22,14,6823,2800,1364600,34.12,346
future_taylor_swift_20260704,2025-07-21,42,6865,8400,1373000,34.33,347
future_taylor_swift_20260704,2025-07-20,19,6884,3800,1376800,34.42,348
future_taylor_swift_20260704,2025-07-19,61,6945,12200,1389000,34.73,349
future_taylor_swift_20260704,2025-07-18,213,7158,42600,1431600,35.79,350
future_taylor_swift_20260704,2025-07-17,71,7229,14200,1445800,36.14,351
future_taylor_swift_20260704,2025-07-16,116,7345,23200,1469000,36.73,352
future_taylor_swift_20260704,2025-07-15,14,7359,2800,1471800,36.8,353
future_taylor_swift_20260704,2025-07-14,41,7400,8200,1480000,37.0,354
future_taylor_swift_20260704,2025-07-13,193,7593,38600,1518600,37.96,355
future_taylor_swift_20260704,2025-07-12,48,7641,9600,1528200,38.2,356
future_taylor_swift_20260704,2025-07-11,36,7677,7200,1535400,38.39,357
future_taylor_swift_20260704,2025-07-10,125,7802,25000,1560400,39.01,358
future_taylor_swift_20260704,2025-07-09,101,7903,20200,1580600,39.52,359
future_taylor_swift_20260704,2025-07-08,103,8006,20600,1601200,40.03,360
future_taylor_swift_20260704,2025-07-07,119,8125,23800,1625000,40.62,361
future_taylor_swift_20260704,2025-07-06,241,8366,48200,1673200,41.83,362
future_taylor_swift_20260704,2025-07-05,155,8521,31000,1704200,42.6,363
future_taylor_swift_20260704,2025-07-04,103,8624,20600,1724800,43.12,364
future_taylor_swift_20260704,2025-07-03,134,8758,26800,1751600,43.79,365
future_taylor_swift_20260704,2025-07-02,21,8779,4200,1755800,43.9,366
future_taylor_swift_20260704,2025-07-01,31,8810,6200,1762000,44.05,367
future_taylor_swift_20260704,2025-06-30,2,8812,400,1762400,44.06,368
future_taylor_swift_20260704,2025-06-29,38,8850,7600,1770000,44.25,369
future_taylor_swift_20260704,2025-06-28,38,8888,7600,1777600,44.44,370
future_taylor_swift_20260704,2025-06-27,26,8914,5200,1782800,44.57,371
future_taylor_swift_20260704,2025-06-26,19,8933,3800,1786600,44.66,372
future_taylor_swift_20260704,2025-06-25,20,8953,4000,1790600,44.77,373
future_taylor_swift_20260704,2025-06-24,48,9001,9600,1800200,45.01,374
future_taylor_swift_20260704,2025-06-23,13,9014,2600,1802800,45.07,375
future_taylor_swift_20260704,2025-06-22,18,9032,3600,1806400,45.16,376
future_taylor_swift_20260704,2025-06-21,37,9069,7400,1813800,45.34,377
future_taylor_swift_20260704,2025-06-20,17,9086,3400,1817200,45.43,378
future_taylor_swift_20260704,2025-06-19,38,9124,7600,1824800,45.62,379
future_taylor_swift_20260704,2025-06-18,9,9133,1800,1826600,45.66,380
future_taylor_swift_20260704,2025-06-17,7,9140,1400,1828000,45.7,381
future_taylor_swift_20260704,2025-06-16,32,9172,6400,1834400,45.86,382
future_taylor_swift_20260704,2025-06-15,29,9201,5800,1840200,46.01,383
future_taylor_swift_20260704,2025-06-14,47,9248,9400,1849600,46.24,384
future_taylor_swift_20260704,2025-06-13,59,9307,11800,1861400,46.53,385
future_taylor_swift_20260704,2025-06-12,3,9310,600,1862000,46.55,386
future_taylor_swift_20260704,2025-06-11,9,9319,1800,1863800,46.59,387
future_taylor_swift_20260704,2025-06-10,12,9331,2400,1866200,46.66,388
future_taylor_swift_20260704,2025-06-09,3,9334,600,1866800,46.67,389
future_taylor_swift_20260704,2025-06-08,24,9358,4800,1871600,46.79,390
future_taylor_swift_20260704,2025-06-07,55,9413,11000,1882600,47.06,391
future_taylor_swift_20260704,2025-06-06,18,9431,3600,1886200,47.16,392
future_taylor_swift_20260704,2025-06-05,32,9463,6400,1892600,47.32,393
future_taylor_swift_20260704,2025-06-04,2,9465,400,1893000,47.33,394
future_taylor_swift_20260704,2025-06-03,61,9526,12200,1905200,47.63,395
future_taylor_swift_20260704,2025-06-02,21,9547,4200,1909400,47.73,396
future_taylor_swift_20260704,2025-06-01,32,9579,6400,1915800,47.89,397
future_taylor_swift_20260704,2025-05-31,6,9585,1200,1917000,47.93,398
future_taylor_swift_20260704,2025-05-30,35,9620,7000,1924000,48.1,399
future_taylor_swift_20260704,2025-05-29,1,9621,200,1924200,48.1,400
future_taylor_swift_20260704,2025-05-28,40,9661,8000,1932200,48.3,401
future_taylor_swift_20260704,2025-05-27,1,9662,200,1932400,48.31,402
future_taylor_swift_20260704,2025-05-26,21,9683,4200,1936600,48.41,403
future_taylor_swift_20260704,2025-05-25,58,9741,11600,1948200,48.7,404
future_taylor_swift_20260704,2025-05-24,20,9761,4000,1952200,48.8,405
future_taylor_swift_20260704,2025-05-23,3,9764,600,1952800,48.82,406
future_taylor_swift_20260704,2025-05-22,74,9838,14800,1967600,49.19,407
future_taylor_swift_20260704,2025-05-21,28,9866,5600,1973200,49.33,408
future_taylor_swift_20260704,2025-05-20,55,9921,11000,1984200,49.6,409
future_taylor_swift_20260704,2025-05-19,4,9925,800,1985000,49.62,410
future_taylor_swift_20260704,2025-05-18,64,9989,12800,1997800,49.95,411
future_taylor_swift_20260704,2025-05-17,9,9998,1800,1999600,49.99,412
future_taylor_swift_20260704,2025-05-16,48,10046,9600,2009200,50.23,413
future_taylor_swift_20260704,2025-05-15,45,10091,9000,2018200,50.46,414
future_taylor_swift_20260704,2025-05-14,46,10137,9200,2027400,50.69,415
future_taylor_swift_20260704,2025-05-13,18,10155,3600,2031000,50.78,416
future_taylor_swift_20260704,2025-05-12,12,10167,2400,2033400,50.83,417
future_taylor_swift_20260704,2025-05-11,24,10191,4800,2038200,50.95,418
future_taylor_swift_20260704,2025-05-10,14,10205,2800,2041000,51.02,419
future_taylor_swift_20260704,2025-05-09,19,10224,3800,2044800,51.12,420
future_taylor_swift_20260704,2025-05-08,4,10228,800,2045600,51.14,421
future_taylor_swift_20260704,2025-05-07,36,10264,7200,2052800,51.32,422
future_taylor_swift_20260704,2025-05-06,9,10273,1800,2054600,51.37,423
future_taylor_swift_20260704,2025-05-05,36,10309,7200,2061800,51.54,424
future_taylor_swift_20260704,2025-05-04,13,10322,2600,2064400,51.61,425
future_taylor_swift_20260704,2025-05-03,2,10324,400,2064800,51.62,426
future_taylor_swift_20260704,2025-05-02,2,10326,400,2065200,51.63,427
future_taylor_swift_20260704,2025-05-01,30,10356,6000,2071200,51.78,428
future_taylor_swift_20260704,2025-04-30,28,10384,5600,2076800,51.92,429
future_taylor_swift_20260704,2025-04-29,10,10394,2000,2078800,51.97,430
future_taylor_swift_20260704,2025-04-28,63,10457,12600,2091400,52.29,431
future_taylor_swift_20260704,2025-04-27,29,10486,5800,2097200,52.43,432
future_taylor_swift_20260704,2025-04-26,43,10529,8600,2105800,52.64,433
future_taylor_swift_20260704,2025-04-25,47,10576,9400,2115200,52.88,434
future_taylor_swift_20260704,2025-04-24,33,10609,6600,2121800,53.04,435
future_taylor_swift_20260704,2025-04-23,35,10644,7000,2128800,53.22,436
future_taylor_swift_20260704,2025-04-22,42,10686,8400,2137200,53.43,437
future_taylor_swift_20260704,2025-04-21,41,10727,8200,2145400,53.63,438
future_taylor_swift_20260704,2025-04-20,42,10769,8400,2153800,53.84,439
future_taylor_swift_20260704,2025-04-19,66,10835,13200,2167000,54.17,440
future_taylor_swift_20260704,2025-04-18,31,10866,6200,2173200,54.33,441
future_taylor_swift_20260704,2025-04-17,1,10867,200,2173400,54.34,442
future_taylor_swift_20260704,2025-04-16,17,10884,3400,2176800,54.42,443
future_taylor_swift_20260704,2025-04-15,32,10916,6400,2183200,54.58,444
future_taylor_swift_20260704,2025-04-14,46,10962,9200,2192400,54.81,445
future_taylor_swift_20260704,2025-04-13,6,10968,1200,2193600,54.84,446
future_taylor_swift_20260704,2025-04-12,38,11006,7600,2201200,55.03,447
future_taylor_swift_20260704,2025-04-11,32,11038,6400,2207600,55.19,448
future_taylor_swift_20260704,2025-04-10,9,11047,1800,2209400,55.23,449
future_taylor_swift_20260704,2025-04-09,54,11101,10800,2220200,55.51,450
future_taylor_swift_20260704,2025-04-08,31,11132,6200,2226400,55.66,451
future_taylor_swift_20260704,2025-04-07,9,11141,1800,2228200,55.71,452
future_taylor_swift_20260704,2025-04-06,69,11210,13800,2242000,56.05,453
future_taylor_swift_20260704,2025-04-05,26,11236,5200,2247200,56.18,454
future_taylor_swift_20260704,2025-04-04,53,11289,10600,2257800,56.45,455
future_taylor_swift_20260704,2025-04-03,19,11308,3800,2261600,56.54,456
future_taylor_swift_20260704,2025-04-02,10,11318,2000,2263600,56.59,457
future_taylor_swift_20260704,2025-04-01,8,11326,1600,2265200,56.63,458
future_taylor_swift_20260704,2025-03-31,7,11333,1400,2266600,56.66,459
future_taylor_swift_20260704,2025-03-30,52,11385,10400,2277000,56.93,460
future_taylor_swift_20260704,2025-03-29,26,11411,5200,2282200,57.05,461
future_taylor_swift_20260704,2025-03-28,1,11412,200,2282400,57.06,462
future_taylor_swift_20260704,2025-03-27,23,11435,4600,2287000,57.17,463
future_taylor_swift_20260704,2025-03-26,15,11450,3000,2290000,57.25,464
future_taylor_swift_20260704,2025-03-25,31,11481,6200,2296200,57.4,465
future_taylor_swift_20260704,2025-03-24,50,11531,10000,2306200,57.66,466
future_taylor_swift_20260704,2025-03-23,25,11556,5000,2311200,57.78,467
future_taylor_swift_20260704,2025-03-22,15,11571,3000,2314200,57.86,468
future_taylor_swift_20260704,2025-03-21,39,11610,7800,2322000,58.05,469
future_taylor_swift_20260704,2025-03-20,43,11653,8600,2330600,58.27,470
future_taylor_swift_20260704,2025-03-19,20,11673,4000,2334600,58.37,471
future_taylor_swift_20260704,2025-03-18,54,11727,10800,2345400,58.64,472
future_taylor_swift_20260704,2025-03-17,5,11732,1000,2346400,58.66,473
future_taylor_swift_20260704,2025-03-15,27,11759,5400,2351800,58.79,475
future_taylor_swift_20260704,2025-03-14,5,11764,1000,2352800,58.82,476
future_taylor_swift_20260704,2025-03-13,82,11846,16400,2369200,59.23,477
future_taylor_swift_20260704,2025-03-12,3,11849,600,2369800,59.25,478
future_taylor_swift_20260704,2025-03-11,5,11854,1000,2370800,59.27,479
future_taylor_swift_20260704,2025-03-10,9,11863,1800,2372600,59.31,480
future_taylor_swift_20260704,2025-03-09,46,11909,9200,2381800,59.55,481
future_taylor_swift_20260704,2025-03-08,45,11954,9000,2390800,59.77,482
future_taylor_swift_20260704,2025-03-07,11,11965,2200,2393000,59.82,483
future_taylor_swift_20260704,2025-03-06,19,11984,3800,2396800,59.92,484
future_taylor_swift_20260704,2025-03-05,2,11986,400,2397200,59.93,485
future_taylor_swift_20260704,2025-03-04,10,11996,2000,2399200,59.98,486
future_taylor_swift_20260704,2025-03-03,78,12074,15600,2414800,60.37,487
future_taylor_swift_20260704,2025-03-02,6,12080,1200,2416000,60.4,488
future_taylor_swift_20260704,2025-03-01,50,12130,10000,2426000,60.65,489
future_taylor_swift_20260704,2025-02-28,62,12192,12400,2438400,60.96,490
future_taylor_swift_20260704,2025-02-27,18,12210,3600,2442000,61.05,491
future_taylor_swift_20260704,2025-02-26,9,12219,1800,2443800,61.09,492
future_taylor_swift_20260704,2025-02-25,36,12255,7200,2451000,61.27,493
future_taylor_swift_20260704,2025-02-24,29,12284,5800,2456800,61.42,494
future_taylor_swift_20260704,2025-02-23,33,12317,6600,2463400,61.59,495
future_taylor_swift_20260704,2025-02-22,32,12349,6400,2469800,61.75,496
future_taylor_swift_20260704,2025-02-21,14,12363,2800,2472600,61.81,497
future_taylor_swift_20260704,2025-02-20,4,12367,800,2473400,61.83,498
future_taylor_swift_20260704,2025-02-19,21,12388,4200,2477600,61.94,499
future_taylor_swift_20260704,2025-02-18,60,12448,12000,2489600,62.24,500
future_taylor_swift_20260704,2025-02-17,45,12493,9000,2498600,62.47,501
future_taylor_swift_20260704,2025-02-16,39,12532,7800,2506400,62.66,502
future_taylor_swift_20260704,2025-02-15,45,12577,9000,2515400,62.89,503
future_taylor_swift_20260704,2025-02-14,53,12630,10600,2526000,63.15,504
real_metallica_20260704,2025-10-23,60,60,12000,12000,0.3,253
real_metallica_20260704,2025-10-22,216,276,43200,55200,1.38,254
real_metallica_20260704,2025-10-21,83,359,16600,71800,1.8,255
real_metallica_20260704,2025-10-20,59,418,11800,83600,2.09,256
real_metallica_20260704,2025-10-19,19,437,3800,87400,2.19,257
real_metallica_20260704,2025-10-18,7,444,1400,88800,2.22,258
real_metallica_20260704,2025-10-17,30,474,6000,94800,2.37,259
real_metallica_20260704,2025-10-16,57,531,11400,106200,2.66,260
real_metallica_20260704,2025-10-15,92,623,18400,124600,3.12,261
real_metallica_20260704,2025-10-14,98,721,19600,144200,3.6,262
real_metallica_20260704,2025-10-13,81,802,16200,160400,4.01,263
real_metallica_20260704,2025-10-12,183,985,36600,197000,4.92,264
real_metallica_20260704,2025-10-11,104,1089,20800,217800,5.45,265
real_metallica_20260704,2025-10-10,82,1171,16400,234200,5.85,266
real_metallica_20260704,2025-10-09,171,1342,34200,268400,6.71,267
real_metallica_20260704,2025-10-08,150,1492,30000,298400,7.46,268
real_metallica_20260704,2025-10-07,53,1545,10600,309000,7.72,269
real_metallica_20260704,2025-10-06,167,1712,33400,342400,8.56,270
real_metallica_20260704,2025-10-05,20,1732,4000,346400,8.66,271
real_metallica_20260704,2025-10-04,88,1820,17600,364000,9.1,272
real_metallica_20260704,2025-10-03,4,1824,800,364800,9.12,273
real_metallica_20260704,2025-10-02,205,2029,41000,405800,10.14,274
real_metallica_20260704,2025-10-01,47,2076,9400,415200,10.38,275
real_metallica_20260704,2025-09-30,118,2194,23600,438800,10.97,276
real_metallica_20260704,2025-09-29,101,2295,20200,459000,11.47,277
real_metallica_20260704,2025-09-28,220,2515,44000,503000,12.57,278
real_metallica_20260704,2025-09-27,34,2549,6800,509800,12.75,279
real_metallica_20260704,2025-09-26,190,2739,38000,547800,13.69,280
real_metallica_20260704,2025-09-25,108,2847,21600,569400,14.24,281
real_metallica_20260704,2025-09-24,192,3039,38400,607800,15.2,282
real_metallica_20260704,2025-09-23,179,3218,35800,643600,16.09,283
real_metallica_20260704,2025-09-22,111,3329,22200,665800,16.64,284
real_metallica_20260704,2025-09-21,64,3393,12800,678600,16.96,285
real_metallica_20260704,2025-09-20,124,3517,24800,703400,17.59,286
real_metallica_20260704,2025-09-19,85,3602,17000,720400,18.01,287
real_metallica_20260704,2025-09-18,17,3619,3400,723800,18.09,288
real_metallica_20260704,2025-09-17,126,3745,25200,749000,18.73,289
real_metallica_20260704,2025-09-16,232,3977,46400,795400,19.89,290
real_metallica_20260704,2025-09-15,23,4000,4600,800000,20.0,291
real_metallica_20260704,2025-09-14,2,4002,400,800400,20.01,292
real_metallica_20260704,2025-09-13,182,4184,36400,836800,20.92,293
real_metallica_20260704,2025-09-12,95,4279,19000,855800,21.39,294
real_metallica_20260704,2025-09-11,26,4305,5200,861000,21.52,295
real_metallica_20260704,2025-09-10,128,4433,25600,886600,22.17,296
real_metallica_20260704,2025-09-09,18,4451,3600,890200,22.25,297
real_metallica_20260704,2025-09-08,129,4580,25800,916000,22.9,298
real_metallica_20260704,2025-09-07,100,4680,20000,936000,23.4,299
real_metallica_20260704,2025-09-06,151,4831,30200,966200,24.15,300
real_metallica_20260704,2025-09-05,156,4987,31200,997400,24.93,301
real_metallica_20260704,2025-09-04,98,5085,19600,1017000,25.42,302
real_metallica_20260704,2025-09-03,204,5289,40800,1057800,26.45,303
real_metallica_20260704,2025-09-02,92,5381,18400,1076200,26.91,304
real_metallica_20260704,2025-09-01,74,5455,14800,1091000,27.27,305
real_metallica_20260704,2025-08-31,116,5571,23200,1114200,27.86,306
real_metallica_20260704,2025-08-30,42,5613,8400,1122600,28.07,307
real_metallica_20260704,2025-08-29,75,5688,15000,1137600,28.44,308
real_metallica_20260704,2025-08-28,16,5704,3200,1140800,28.52,309
real_metallica_20260704,2025-08-27,106,5810,21200,1162000,29.05,310
real_metallica_20260704,2025-08-26,234,6044,46800,1208800,30.22,311
real_metallica_20260704,2025-08-25,146,6190,29200,1238000,30.95,312
real_metallica_20260704,2025-08-24,40,6230,8000,1246000,31.15,313
real_metallica_20260704,2025-08-23,57,6287,11400,1257400,31.44,314
real_metallica_20260704,2025-08-22,76,6363,15200,1272600,31.81,315
real_metallica_20260704,2025-08-21,218,6581,43600,1316200,32.91,316
real_metallica_20260704,2025-08-20,29,6610,5800,1322000,33.05,317
real_metallica_20260704,2025-08-19,148,6758,29600,1351600,33.79,318
real_metallica_20260704,2025-08-18,67,6825,13400,1365000,34.12,319
real_metallica_20260704,2025-08-17,29,6854,5800,1370800,34.27,320
real_metallica_20260704,2025-08-16,57,6911,11400,1382200,34.55,321
real_metallica_20260704,2025-08-14,19,6930,3800,1386000,34.65,323
real_metallica_20260704,2025-08-13,70,7000,14000,1400000,35.0,324
real_metallica_20260704,2025-08-12,139,7139,27800,1427800,35.7,325
real_metallica_20260704,2025-08-11,4,7143,800,1428600,35.72,326
real_metallica_20260704,2025-08-10,163,7306,32600,1461200,36.53,327
real_metallica_20260704,2025-08-09,196,7502,39200,1500400,37.51,328
real_metallica_20260704,2025-08-08,13,7515,2600,1503000,37.57,329
real_metallica_20260704,2025-08-07,148,7663,29600,1532600,38.31,330
real_metallica_20260704,2025-08-06,84,7747,16800,1549400,38.73,331
real_metallica_20260704,2025-08-05,29,7776,5800,1555200,38.88,332
real_metallica_20260704,2025-08-04,99,7875,19800,1575000,39.38,333
real_metallica_20260704,2025-08-03,84,7959,16800,1591800,39.8,334
real_metallica_20260704,2025-08-02,83,8042,16600,1608400,40.21,335
real_metallica_20260704,2025-08-01,87,8129,17400,1625800,40.64,336
real_metallica_20260704,2025-07-31,84,8213,16800,1642600,41.07,337
real_metallica_20260704,2025-07-30,122,8335,24400,1667000,41.68,338
real_metallica_20260704,2025-07-29,16,8351,3200,1670200,41.75,339
real_metallica_20260704,2025-07-28,187,8538,37400,1707600,42.69,340
real_metallica_20260704,2025-07-27,74,8612,14800,1722400,43.06,341
real_metallica_20260704,2025-07-26,106,8718,21200,1743600,43.59,342
real_metallica_20260704,2025-07-25,54,8772,10800,1754400,43.86,343
real_metallica_20260704,2025-07-24,20,8792,4000,1758400,43.96,344
real_metallica_20260704,2025-07-23,73,8865,14600,1773000,44.32,345
real_metallica_20260704,2025-07-22,138,9003,27600,1800600,45.02,346
real_metallica_20260704,2025-07-21,163,9166,32600,1833200,45.83,347
real_metallica_20260704,2025-07-20,19,9185,3800,1837000,45.92,348
real_metallica_20260704,2025-07-19,218,9403,43600,1880600,47.02,349
real_metallica_20260704,2025-07-18,244,9647,48800,1929400,48.23,350
real_metallica_20260704,2025-07-17,69,9716,13800,1943200,48.58,351
real_metallica_20260704,2025-07-16,29,9745,5800,1949000,48.73,352
real_metallica_20260704,2025-07-15,86,9831,17200,1966200,49.16,353
real_metallica_20260704,2025-07-14,98,9929,19600,1985800,49.65,354
real_metallica_20260704,2025-07-13,136,10065,27200,2013000,50.32,355
real_metallica_20260704,2025-07-12,31,10096,6200,2019200,50.48,356
real_metallica_20260704,2025-07-11,157,10253,31400,2050600,51.27,357
real_metallica_20260704,2025-07-10,21,10274,4200,2054800,51.37,358
real_metallica_20260704,2025-07-09,23,10297,4600,2059400,51.48,359
real_metallica_20260704,2025-07-08,99,10396,19800,2079200,51.98,360
real_metallica_20260704,2025-07-07,139,10535,27800,2107000,52.68,361
real_metallica_20260704,2025-07-06,185,10720,37000,2144000,53.6,362
real_metallica_20260704,2025-07-05,79,10799,15800,2159800,54.0,363
real_metallica_20260704,2025-07-04,203,11002,40600,2200400,55.01,364
real_metallica_20260704,2025-07-03,16,11018,3200,2203600,55.09,365
real_metallica_20260704,2025-07-02,21,11039,4200,2207800,55.2,366
real_metallica_20260704,2025-07-01,34,11073,6800,2214600,55.36,367
real_metallica_20260704,2025-06-30,22,11095,4400,2219000,55.47,368
real_metallica_20260704,2025-06-29,27,11122,5400,2224400,55.61,369
real_metallica_20260704,2025-06-28,48,11170,9600,2234000,55.85,370
real_metallica_20260704,2025-06-27,51,11221,10200,2244200,56.11,371
real_metallica_20260704,2025-06-26,51,11272,10200,2254400,56.36,372
real_metallica_20260704,2025-06-25,10,11282,2000,2256400,56.41,373
real_metallica_20260704,2025-06-24,30,11312,6000,2262400,56.56,374
real_metallica_20260704,2025-06-23,8,11320,1600,2264000,56.6,375
real_metallica_20260704,2025-06-22,29,11349,5800,2269800,56.75,376
real_metallica_20260704,2025-06-21,63,11412,12600,2282400,57.06,377
real_metallica_20260704,2025-06-20,29,11441,5800,2288200,57.2,378
real_metallica_20260704,2025-06-19,41,11482,8200,2296400,57.41,379
real_metallica_20260704,2025-06-18,2,11484,400,2296800,57.42,380
real_metallica_20260704,2025-06-17,6,11490,1200,2298000,57.45,381
real_metallica_20260704,2025-06-16,11,11501,2200,2300200,57.5,382
real_metallica_20260704,2025-06-15,21,11522,4200,2304400,57.61,383
real_metallica_20260704,2025-06-14,43,11565,8600,2313000,57.83,384
real_metallica_20260704,2025-06-12,59,11624,11800,2324800,58.12,386
real_metallica_20260704,2025-06-11,6,11630,1200,2326000,58.15,387
real_metallica_20260704,2025-06-10,14,11644,2800,2328800,58.22,388
real_metallica_20260704,2025-06-09,30,11674,6000,2334800,58.37,389
real_metallica_20260704,2025-06-08,35,11709,7000,2341800,58.55,390
real_metallica_20260704,2025-06-07,43,11752,8600,2350400,58.76,391
real_metallica_20260704,2025-06-06,2,11754,400,2350800,58.77,392
real_metallica_20260704,2025-06-05,40,11794,8000,2358800,58.97,393
real_metallica_20260704,2025-06-04,34,11828,6800,2365600,59.14,394
real_metallica_20260704,2025-06-03,37,11865,7400,2373000,59.33,395
real_metallica_20260704,2025-06-02,6,11871,1200,2374200,59.36,396
real_metallica_20260704,2025-06-01,19,11890,3800,2378000,59.45,397
real_metallica_20260704,2025-05-31,17,11907,3400,2381400,59.54,398
real_metallica_20260704,2025-05-30,48,11955,9600,2391000,59.77,399
real_metallica_20260704,2025-05-29,35,11990,7000,2398000,59.95,400
real_metallica_20260704,2025-05-28,26,12016,5200,2403200,60.08,401
real_metallica_20260704,2025-05-27,67,12083,13400,2416600,60.41,402
real_metallica_20260704,2025-05-26,31,12114,6200,2422800,60.57,403
real_metallica_20260704,2025-05-25,19,12133,3800,2426600,60.66,404
real_metallica_20260704,2025-05-24,1,12134,200,2426800,60.67,405
real_metallica_20260704,2025-05-23,41,12175,8200,2435000,60.88,406
real_metallica_20260704,2025-05-22,5,12180,1000,2436000,60.9,407
real_metallica_20260704,2025-05-21,67,12247,13400,2449400,61.23,408
real_metallica_20260704,2025-05-20,12,12259,2400,2451800,61.3,409
real_metallica_20260704,2025-05-19,6,12265,1200,2453000,61.32,410
real_metallica_20260704,2025-05-18,42,12307,8400,2461400,61.53,411
real_metallica_20260704,2025-05-17,7,12314,1400,2462800,61.57,412
real_metallica_20260704,2025-05-16,13,12327,2600,2465400,61.63,413
real_metallica_20260704,2025-05-15,5,12332,1000,2466400,61.66,414
real_metallica_20260704,2025-05-14,17,12349,3400,2469800,61.75,415
real_metallica_20260704,2025-05-13,35,12384,7000,2476800,61.92,416
real_metallica_20260704,2025-05-12,10,12394,2000,2478800,61.97,417
real_metallica_20260704,2025-05-11,70,12464,14000,2492800,62.32,418
real_metallica_20260704,2025-05-10,69,12533,13800,2506600,62.67,419
real_metallica_20260704,2025-05-09,35,12568,7000,2513600,62.84,420
real_metallica_20260704,2025-05-08,12,12580,2400,2516000,62.9,421
real_metallica_20260704,2025-05-07,5,12585,1000,2517000,62.92,422
real_metallica_20260704,2025-05-06,26,12611,5200,2522200,63.06,423
real_metallica_20260704,2025-05-05,21,12632,4200,2526400,63.16,424
real_metallica_20260704,2025-05-04,3,12635,600,2527000,63.18,425
real_metallica_20260704,2025-05-03,6,12641,1200,2528200,63.2,426
real_metallica_20260704,2025-05-02,75,12716,15000,2543200,63.58,427
real_metallica_20260704,2025-05-01,28,12744,5600,2548800,63.72,428
real_metallica_20260704,2025-04-30,30,12774,6000,2554800,63.87,429
real_metallica_20260704,2025-04-29,51,12825,10200,2565000,64.12,430
real_metallica_20260704,2025-04-28,16,12841,3200,2568200,64.2,431
real_metallica_20260704,2025-04-27,35,12876,7000,2575200,64.38,432
real_metallica_20260704,2025-04-26,31,12907,6200,2581400,64.53,433
real_metallica_20260704,2025-04-25,10,12917,2000,2583400,64.59,434
real_metallica_20260704,2025-04-24,36,12953,7200,2590600,64.77,435
real_metallica_20260704,2025-04-23,13,12966,2600,2593200,64.83,436
real_metallica_20260704,2025-04-22,2,12968,400,2593600,64.84,437
real_metallica_20260704,2025-04-21,46,13014,9200,2602800,65.07,438
real_metallica_20260704,2025-04-20,21,13035,4200,2607000,65.18,439
real_metallica_20260704,2025-04-19,65,13100,13000,2620000,65.5,440
real_metallica_20260704,2025-04-18,26,13126,5200,2625200,65.63,441
real_metallica_20260704,2025-04-17,16,13142,3200,2628400,65.71,442
real_metallica_20260704,2025-04-16,73,13215,14600,2643000,66.07,443
real_metallica_20260704,2025-04-15,24,13239,4800,2647800,66.2,444
real_metallica_20260704,2025-04-14,15,13254,3000,2650800,66.27,445
real_metallica_20260704,2025-04-13,13,13267,2600,2653400,66.33,446
real_metallica_20260704,2025-04-12,49,13316,9800,2663200,66.58,447
real_metallica_20260704,2025-04-11,33,13349,6600,2669800,66.75,448
real_metallica_20260704,2025-04-10,8,13357,1600,2671400,66.79,449
real_metallica_20260704,2025-04-09,37,13394,7400,2678800,66.97,450
real_metallica_20260704,2025-04-08,37,13431,7400,2686200,67.16,451
real_metallica_20260704,2025-04-07,15,13446,3000,2689200,67.23,452
real_metallica_20260704,2025-04-06,15,13461,3000,2692200,67.31,453
real_metallica_20260704,2025-04-05,32,13493,6400,2698600,67.47,454
real_metallica_20260704,2025-04-04,63,13556,12600,2711200,67.78,455
real_metallica_20260704,2025-04-03,3,13559,600,2711800,67.8,456
real_metallica_20260704,2025-04-02,12,13571,2400,2714200,67.86,457
real_metallica_20260704,2025-04-01,16,13587,3200,2717400,67.94,458
real_metallica_20260704,2025-03-31,52,13639,10400,2727800,68.19,459
real_metallica_20260704,2025-03-30,15,13654,3000,2730800,68.27,460
real_metallica_20260704,2025-03-29,31,13685,6200,2737000,68.42,461
real_metallica_20260704,2025-03-28,2,13687,400,2737400,68.44,462
real_metallica_20260704,2025-03-27,15,13702,3000,2740400,68.51,463
real_metallica_20260704,2025-03-26,9,13711,1800,2742200,68.55,464
real_metallica_20260704,2025-03-25,17,13728,3400,2745600,68.64,465
real_metallica_20260704,2025-03-24,35,13763,7000,2752600,68.81,466
real_metallica_20260704,2025-03-23,73,13836,14600,2767200,69.18,467
real_metallica_20260704,2025-03-22,6,13842,1200,2768400,69.21,468
real_metallica_20260704,2025-03-21,1,13843,200,2768600,69.22,469
real_metallica_20260704,2025-03-20,21,13864,4200,2772800,69.32,470
real_metallica_20260704,2025-03-19,9,13873,1800,2774600,69.36,471
real_metallica_20260704,2025-03-18,7,13880,1400,2776000,69.4,472
real_metallica_20260704,2025-03-17,41,13921,8200,2784200,69.6,473
real_metallica_20260704,2025-03-16,48,13969,9600,2793800,69.84,474
real_metallica_20260704,2025-03-15,35,14004,7000,2800800,70.02,475
real_metallica_20260704,2025-03-14,12,14016,2400,2803200,70.08,476
real_metallica_20260704,2025-03-13,18,14034,3600,2806800,70.17,477
real_metallica_20260704,2025-03-12,22,14056,4400,2811200,70.28,478
real_metallica_20260704,2025-03-11,15,14071,3000,2814200,70.36,479
real_metallica_20260704,2025-03-10,17,14088,3400,2817600,70.44,480
real_metallica_20260704,2025-03-09,16,14104,3200,2820800,70.52,481
real_metallica_20260704,2025-03-08,14,14118,2800,2823600,70.59,482
real_metallica_20260704,2025-03-07,3,14121,600,2824200,70.6,483
real_metallica_20260704,2025-03-06,67,14188,13400,2837600,70.94,484
real_metallica_20260704,2025-03-05,26,14214,5200,2842800,71.07,485
real_metallica_20260704,2025-03-04,18,14232,3600,2846400,71.16,486
real_metallica_20260704,2025-03-03,17,14249,3400,2849800,71.25,487
real_metallica_20260704,2025-03-01,48,14297,9600,2859400,71.48,489
real_metallica_20260704,2025-02-28,37,14334,7400,2866800,71.67,490
real_metallica_20260704,2025-02-27,19,14353,3800,2870600,71.77,491
real_metallica_20260704,2025-02-26,57,14410,11400,2882000,72.05,492
real_metallica_20260704,2025-02-25,17,14427,3400,2885400,72.14,493
real_metallica_20260704,2025-02-24,49,14476,9800,2895200,72.38,494
real_metallica_20260704,2025-02-23,30,14506,6000,2901200,72.53,495
real_metallica_20260704,2025-02-22,8,14514,1600,2902800,72.57,496
real_metallica_20260704,2025-02-21,7,14521,1400,2904200,72.61,497
real_metallica_20260704,2025-02-20,49,14570,9800,2914000,72.85,498
real_metallica_20260704,2025-02-19,35,14605,7000,2921000,73.02,499
real_metallica_20260704,2025-02-18,9,14614,1800,2922800,73.07,500
real_metallica_20260704,2025-02-17,23,14637,4600,2927400,73.19,501
real_metallica_20260704,2025-02-16,44,14681,8800,2936200,73.41,502
real_metallica_20260704,2025-02-15,33,14714,6600,2942800,73.57,503
real_metallica_20260704,2025-02-14,51,14765,10200,2953000,73.83,504
real_metallica_20260705,2025-10-23,72,72,14400,14400,0.36,254
real_metallica_20260705,2025-10-22,27,99,5400,19800,0.5,255
real_metallica_20260705,2025-10-21,72,171,14400,34200,0.85,256
real_metallica_20260705,2025-10-20,62,233,12400,46600,1.17,257
real_metallica_20260705,2025-10-19,171,404,34200,80800,2.02,258
real_metallica_20260705,2025-10-18,219,623,43800,124600,3.12,259
real_metallica_20260705,2025-10-17,135,758,27000,151600,3.79,260
real_metallica_20260705,2025-10-16,160,918,32000,183600,4.59,261
real_metallica_20260705,2025-10-15,135,1053,27000,210600,5.27,262
real_metallica_20260705,2025-10-14,2,1055,400,211000,5.27,263
real_metallica_20260705,2025-10-13,141,1196,28200,239200,5.98,264
real_metallica_20260705,2025-10-12,87,1283,17400,256600,6.42,265
real_metallica_20260705,2025-10-11,24,1307,4800,261400,6.54,266
real_metallica_20260705,2025-10-10,93,1400,18600,280000,7.0,267
real_metallica_20260705,2025-10-09,108,1508,21600,301600,7.54,268
real_metallica_20260705,2025-10-08,69,1577,13800,315400,7.89,269
real_metallica_20260705,2025-10-07,160,1737,32000,347400,8.69,270
real_metallica_20260705,2025-10-06,154,1891,30800,378200,9.46,271
real_metallica_20260705,2025-10-05,91,1982,18200,396400,9.91,272
real_metallica_20260705,2025-10-04,60,2042,12000,408400,10.21,273
real_metallica_20260705,2025-10-03,62,2104,12400,420800,10.52,274
real_metallica_20260705,2025-10-02,86,2190,17200,438000,10.95,275
real_metallica_20260705,2025-10-01,61,2251,12200,450200,11.25,276
real_metallica_20260705,2025-09-30,126,2377,25200,475400,11.88,277
real_metallica_20260705,2025-09-29,122,2499,24400,499800,12.5,278
real_metallica_20260705,2025-09-28,176,2675,35200,535000,13.38,279
real_metallica_20260705,2025-09-27,72,2747,14400,549400,13.73,280
real_metallica_20260705,2025-09-26,59,2806,11800,561200,14.03,281
real_metallica_20260705,2025-09-25,11,2817,2200,563400,14.09,282
real_metallica_20260705,2025-09-24,52,2869,10400,573800,14.34,283
real_metallica_20260705,2025-09-23,18,2887,3600,577400,14.44,284
real_metallica_20260705,2025-09-22,70,2957,14000,591400,14.79,285
real_metallica_20260705,2025-09-21,34,2991,6800,598200,14.95,286
real_metallica_20260705,2025-09-20,27,3018,5400,603600,15.09,287
real_metallica_20260705,2025-09-19,12,3030,2400,606000,15.15,288
real_metallica_20260705,2025-09-18,1,3031,200,606200,15.15,289
real_metallica_20260705,2025-09-17,104,3135,20800,627000,15.68,290
real_metallica_20260705,2025-09-16,35,3170,7000,634000,15.85,291
real_metallica_20260705,2025-09-15,115,3285,23000,657000,16.43,292
real_metallica_20260705,2025-09-14,23,3308,4600,661600,16.54,293
real_metallica_20260705,2025-09-13,60,3368,12000,673600,16.84,294
real_metallica_20260705,2025-09-12,23,3391,4600,678200,16.96,295
real_metallica_20260705,2025-09-11,202,3593,40400,718600,17.96,296
real_metallica_20260705,2025-09-10,161,3754,32200,750800,18.77,297
real_metallica_20260705,2025-09-09,61,3815,12200,763000,19.07,298
real_metallica_20260705,2025-09-08,88,3903,17600,780600,19.52,299
real_metallica_20260705,2025-09-07,42,3945,8400,789000,19.73,300
real_metallica_20260705,2025-09-06,178,4123,35600,824600,20.61,301
real_metallica_20260705,2025-09-05,125,4248,25000,849600,21.24,302
real_metallica_20260705,2025-09-04,55,4303,11000,860600,21.52,303
real_metallica_20260705,2025-09-03,84,4387,16800,877400,21.93,304
real_metallica_20260705,2025-09-02,64,4451,12800,890200,22.25,305
real_metallica_20260705,2025-09-01,147,4598,29400,919600,22.99,306
real_metallica_20260705,2025-08-31,109,4707,21800,941400,23.54,307
real_metallica_20260705,2025-08-30,91,4798,18200,959600,23.99,308
real_metallica_20260705,2025-08-29,142,4940,28400,988000,24.7,309
real_metallica_20260705,2025-08-28,6,4946,1200,989200,24.73,310
real_metallica_20260705,2025-08-27,160,5106,32000,1021200,25.53,311
real_metallica_20260705,2025-08-26,170,5276,34000,1055200,26.38,312
real_metallica_20260705,2025-08-25,44,5320,8800,1064000,26.6,313
real_metallica_20260705,2025-08-24,59,5379,11800,1075800,26.9,314
real_metallica_20260705,2025-08-23,187,5566,37400,1113200,27.83,315
real_metallica_20260705,2025-08-22,105,5671,21000,1134200,28.36,316
real_metallica_20260705,2025-08-21,16,5687,3200,1137400,28.43,317
real_metallica_20260705,2025-08-20,15,5702,3000,1140400,28.51,318
real_metallica_20260705,2025-08-19,57,5759,11400,1151800,28.79,319
real_metallica_20260705,2025-08-18,8,5767,1600,1153400,28.84,320
real_metallica_20260705,2025-08-17,92,5859,18400,1171800,29.29,321
real_metallica_20260705,2025-08-16,80,5939,16000,1187800,29.7,322
real_metallica_20260705,2025-08-15,194,6133,38800,1226600,30.66,323
real_metallica_20260705,2025-08-14,110,6243,22000,1248600,31.21,324
real_metallica_20260705,2025-08-13,8,6251,1600,1250200,31.25,325
real_metallica_20260705,2025-08-12,40,6291,8000,1258200,31.45,326
real_metallica_20260705,2025-08-11,1,6292,200,1258400,31.46,327
real_metallica_20260705,2025-08-10,4,6296,800,1259200,31.48,328
real_metallica_20260705,2025-08-09,175,6471,35000,1294200,32.36,329
real_metallica_20260705,2025-08-08,107,6578,21400,1315600,32.89,330
real_metallica_20260705,2025-08-07,97,6675,19400,1335000,33.38,331
real_metallica_20260705,2025-08-06,9,6684,1800,1336800,33.42,332
real_metallica_20260705,2025-08-05,13,6697,2600,1339400,33.48,333
real_metallica_20260705,2025-08-04,42,6739,8400,1347800,33.7,334
real_metallica_20260705,2025-08-03,84,6823,16800,1364600,34.12,335
real_metallica_20260705,2025-08-02,40,6863,8000,1372600,34.31,336
real_metallica_20260705,2025-08-01,152,7015,30400,1403000,35.08,337
real_metallica_20260705,2025-07-31,145,7160,29000,1432000,35.8,338
real_metallica_20260705,2025-07-30,57,7217,11400,1443400,36.09,339
real_metallica_20260705,2025-07-29,156,7373,31200,1474600,36.86,340
real_metallica_20260705,2025-07-28,113,7486,22600,1497200,37.43,341
real_metallica_20260705,2025-07-27,66,7552,13200,1510400,37.76,342
real_metallica_20260705,2025-07-26,187,7739,37400,1547800,38.7,343
real_metallica_20260705,2025-07-25,213,7952,42600,1590400,39.76,344
real_metallica_20260705,2025-07-24,51,8003,10200,1600600,40.02,345
real_metallica_20260705,2025-07-23,137,8140,27400,1628000,40.7,346
real_metallica_20260705,2025-07-22,23,8163,4600,1632600,40.81,347
real_metallica_20260705,2025-07-21,29,8192,5800,1638400,40.96,348
real_metallica_20260705,2025-07-20,32,8224,6400,1644800,41.12,349
real_metallica_20260705,2025-07-19,58,8282,11600,1656400,41.41,350
real_metallica_20260705,2025-07-18,136,8418,27200,1683600,42.09,351
real_metallica_20260705,2025-07-17,28,8446,5600,1689200,42.23,352
real_metallica_20260705,2025-07-16,101,8547,20200,1709400,42.73,353
real_metallica_20260705,2025-07-15,148,8695,29600,1739000,43.48,354
real_metallica_20260705,2025-07-14,209,8904,41800,1780800,44.52,355
real_metallica_20260705,2025-07-13,66,8970,13200,1794000,44.85,356
real_metallica_20260705,2025-07-12,112,9082,22400,1816400,45.41,357
real_metallica_20260705,2025-07-11,16,9098,3200,1819600,45.49,358
real_metallica_20260705,2025-07-10,12,9110,2400,1822000,45.55,359
real_metallica_20260705,2025-07-09,155,9265,31000,1853000,46.33,360
real_metallica_20260705,2025-07-08,18,9283,3600,1856600,46.41,361
real_metallica_20260705,2025-07-07,21,9304,4200,1860800,46.52,362
real_metallica_20260705,2025-07-06,137,9441,27400,1888200,47.21,363
real_metallica_20260705,2025-07-05,33,9474,6600,1894800,47.37,364
real_metallica_20260705,2025-07-04,34,9508,6800,1901600,47.54,365
real_metallica_20260705,2025-07-03,5,9513,1000,1902600,47.57,366
real_metallica_20260705,2025-07-02,53,9566,10600,1913200,47.83,367
real_metallica_20260705,2025-07-01,14,9580,2800,1916000,47.9,368
real_metallica_20260705,2025-06-30,11,9591,2200,1918200,47.95,369
real_metallica_20260705,2025-06-29,39,9630,7800,1926000,48.15,370
real_metallica_20260705,2025-06-28,27,9657,5400,1931400,48.28,371
real_metallica_20260705,2025-06-27,69,9726,13800,1945200,48.63,372
real_metallica_20260705,2025-06-26,20,9746,4000,1949200,48.73,373
real_metallica_20260705,2025-06-25,43,9789,8600,1957800,48.95,374
real_metallica_20260705,2025-06-24,21,9810,4200,1962000,49.05,375
real_metallica_20260705,2025-06-23,24,9834,4800,1966800,49.17,376
real_metallica_20260705,2025-06-21,3,9837,600,1967400,49.19,378
real_metallica_20260705,2025-06-20,3,9840,600,1968000,49.2,379
real_metallica_20260705,2025-06-19,10,9850,2000,1970000,49.25,380
real_metallica_20260705,2025-06-18,10,9860,2000,1972000,49.3,381
real_metallica_20260705,2025-06-17,12,9872,2400,1974400,49.36,382
real_metallica_20260705,2025-06-16,51,9923,10200,1984600,49.61,383
real_metallica_20260705,2025-06-15,34,9957,6800,1991400,49.79,384
real_metallica_20260705,2025-06-14,7,9964,1400,1992800,49.82,385
real_metallica_20260705,2025-06-13,3,9967,600,1993400,49.84,386
real_metallica_20260705,2025-06-12,45,10012,9000,2002400,50.06,387
real_metallica_20260705,2025-06-11,43,10055,8600,2011000,50.28,388
real_metallica_20260705,2025-06-10,32,10087,6400,2017400,50.43,389
real_metallica_20260705,2025-06-09,37,10124,7400,2024800,50.62,390
real_metallica_20260705,2025-06-08,5,10129,1000,2025800,50.64,391
real_metallica_20260705,2025-06-07,9,10138,1800,2027600,50.69,392
real_metallica_20260705,2025-06-06,61,10199,12200,2039800,51.0,393
real_metallica_20260705,2025-06-05,33,10232,6600,2046400,51.16,394
real_metallica_20260705,2025-06-04,9,10241,1800,2048200,51.2,395
real_metallica_20260705,2025-06-03,18,10259,3600,2051800,51.3,396
real_metallica_20260705,2025-06-02,50,10309,10000,2061800,51.54,397
real_metallica_20260705,2025-06-01,24,10333,4800,2066600,51.67,398
real_metallica_20260705,2025-05-31,32,10365,6400,2073000,51.82,399
real_metallica_20260705,2025-05-30,1,10366,200,2073200,51.83,400
real_metallica_20260705,2025-05-29,3,10369,600,2073800,51.84,401
real_metallica_20260705,2025-05-28,8,10377,1600,2075400,51.89,402
real_metallica_20260705,2025-05-27,48,10425,9600,2085000,52.12,403
real_metallica_20260705,2025-05-26,21,10446,4200,2089200,52.23,404
real_metallica_20260705,2025-05-25,33,10479,6600,2095800,52.4,405
real_metallica_20260705,2025-05-24,9,10488,1800,2097600,52.44,406
real_metallica_20260705,2025-05-23,36,10524,7200,2104800,52.62,407
real_metallica_20260705,2025-05-22,26,10550,5200,2110000,52.75,408
real_metallica_20260705,2025-05-21,17,10567,3400,2113400,52.84,409
real_metallica_20260705,2025-05-20,20,10587,4000,2117400,52.94,410
real_metallica_20260705,2025-05-19,3,10590,600,2118000,52.95,411
real_metallica_20260705,2025-05-18,10,10600,2000,2120000,53.0,412
real_metallica_20260705,2025-05-17,48,10648,9600,2129600,53.24,413
real_metallica_20260705,2025-05-16,70,10718,14000,2143600,53.59,414
real_metallica_20260705,2025-05-15,60,10778,12000,2155600,53.89,415
real_metallica_20260705,2025-05-14,13,10791,2600,2158200,53.95,416
real_metallica_20260705,2025-05-13,38,10829,7600,2165800,54.14,417
real_metallica_20260705,2025-05-12,71,10900,14200,2180000,54.5,418
real_metallica_20260705,2025-05-11,22,10922,4400,2184400,54.61,419
real_metallica_20260705,2025-05-10,2,10924,400,2184800,54.62,420
real_metallica_20260705,2025-05-09,67,10991,13400,2198200,54.95,421
real_metallica_20260705,2025-05-08,4,10995,800,2199000,54.97,422
real_metallica_20260705,2025-05-07,3,10998,600,2199600,54.99,423
real_metallica_20260705,2025-05-06,50,11048,10000,2209600,55.24,424
real_metallica_20260705,2025-05-05,33,11081,6600,2216200,55.41,425
real_metallica_20260705,2025-05-04,35,11116,7000,2223200,55.58,426
real_metallica_20260705,2025-05-02,16,11132,3200,2226400,55.66,428
real_metallica_20260705,2025-05-01,82,11214,16400,2242800,56.07,429
real_metallica_20260705,2025-04-30,30,11244,6000,2248800,56.22,430
real_metallica_20260705,2025-04-29,15,11259,3000,2251800,56.29,431
real_metallica_20260705,2025-04-28,24,11283,4800,2256600,56.42,432
real_metallica_20260705,2025-04-27,24,11307,4800,2261400,56.54,433
real_metallica_20260705,2025-04-26,4,11311,800,2262200,56.55,434
real_metallica_20260705,2025-04-25,15,11326,3000,2265200,56.63,435
real_metallica_20260705,2025-04-24,4,11330,800,2266000,56.65,436
real_metallica_20260705,2025-04-23,25,11355,5000,2271000,56.77,437
real_metallica_20260705,2025-04-22,37,11392,7400,2278400,56.96,438
real_metallica_20260705,2025-04-21,66,11458,13200,2291600,57.29,439
real_metallica_20260705,2025-04-20,42,11500,8400,2300000,57.5,440
real_metallica_20260705,2025-04-19,39,11539,7800,2307800,57.69,441
real_metallica_20260705,2025-04-18,10,11549,2000,2309800,57.75,442
real_metallica_20260705,2025-04-17,28,11577,5600,2315400,57.88,443
real_metallica_20260705,2025-04-16,45,11622,9000,2324400,58.11,444
real_metallica_20260705,2025-04-15,33,11655,6600,2331000,58.27,445
real_metallica_20260705,2025-04-14,6,11661,1200,2332200,58.3,446
real_metallica_20260705,2025-04-13,16,11677,3200,2335400,58.38,447
real_metallica_20260705,2025-04-12,2,11679,400,2335800,58.39,448
real_metallica_20260705,2025-04-11,37,11716,7400,2343200,58.58,449
real_metallica_20260705,2025-04-10,80,11796,16000,2359200,58.98,450
real_metallica_20260705,2025-04-09,22,11818,4400,2363600,59.09,451
real_metallica_20260705,2025-04-08,47,11865,9400,2373000,59.33,452
real_metallica_20260705,2025-04-07,5,11870,1000,2374000,59.35,453
real_metallica_20260705,2025-04-06,14,11884,2800,2376800,59.42,454
real_metallica_20260705,2025-04-05,47,11931,9400,2386200,59.66,455
real_metallica_20260705,2025-04-04,43,11974,8600,2394800,59.87,456
real_metallica_20260705,2025-04-03,12,11986,2400,2397200,59.93,457
real_metallica_20260705,2025-04-02,2,11988,400,2397600,59.94,458
real_metallica_20260705,2025-04-01,60,12048,12000,2409600,60.24,459
real_metallica_20260705,2025-03-31,26,12074,5200,2414800,60.37,460
real_metallica_20260705,2025-03-30,37,12111,7400,2422200,60.56,461
real_metallica_20260705,2025-03-29,52,12163,10400,2432600,60.81,462
real_metallica_20260705,2025-03-28,58,12221,11600,2444200,61.1,463
real_metallica_20260705,2025-03-27,28,12249,5600,2449800,61.25,464
real_metallica_20260705,2025-03-26,47,12296,9400,2459200,61.48,465
real_metallica_20260705,2025-03-25,32,12328,6400,2465600,61.64,466
real_metallica_20260705,2025-03-24,53,12381,10600,2476200,61.91,467
real_metallica_20260705,2025-03-23,42,12423,8400,2484600,62.11,468
real_metallica_20260705,2025-03-22,17,12440,3400,2488000,62.2,469
real_metallica_20260705,2025-03-21,53,12493,10600,2498600,62.47,470
real_metallica_20260705,2025-03-20,43,12536,8600,2507200,62.68,471
real_metallica_20260705,2025-03-19,21,12557,4200,2511400,62.79,472
real_metallica_20260705,2025-03-18,37,12594,7400,2518800,62.97,473
real_metallica_20260705,2025-03-17,13,12607,2600,2521400,63.03,474
real_metallica_20260705,2025-03-16,22,12629,4400,2525800,63.14,475
real_metallica_20260705,2025-03-15,33,12662,6600,2532400,63.31,476
real_metallica_20260705,2025-03-14,20,12682,4000,2536400,63.41,477
real_metallica_20260705,2025-03-13,15,12697,3000,2539400,63.48,478
real_metallica_20260705,2025-03-12,14,12711,2800,2542200,63.55,479
real_metallica_20260705,2025-03-11,13,12724,2600,2544800,63.62,480
real_metallica_20260705,2025-03-10,29,12753,5800,2550600,63.77,481
real_metallica_20260705,2025-03-09,46,12799,9200,2559800,64.0,482
real_metallica_20260705,2025-03-08,15,12814,3000,2562800,64.07,483
real_metallica_20260705,2025-03-07,38,12852,7600,2570400,64.26,484
real_metallica_20260705,2025-03-06,30,12882,6000,2576400,64.41,485
real_metallica_20260705,2025-03-05,40,12922,8000,2584400,64.61,486
real_metallica_20260705,2025-03-04,63,12985,12600,2597000,64.92,487
real_metallica_20260705,2025-03-03,25,13010,5000,2602000,65.05,488
real_metallica_20260705,2025-03-02,28,13038,5600,2607600,65.19,489
real_metallica_20260705,2025-03-01,26,13064,5200,2612800,65.32,490
real_metallica_20260705,2025-02-28,9,13073,1800,2614600,65.36,491
real_metallica_20260705,2025-02-27,78,13151,15600,2630200,65.75,492
real_metallica_20260705,2025-02-26,63,13214,12600,2642800,66.07,493
real_metallica_20260705,2025-02-25,41,13255,8200,2651000,66.27,494
real_metallica_20260705,2025-02-24,12,13267,2400,2653400,66.33,495
real_metallica_20260705,2025-02-23,32,13299,6400,2659800,66.5,496
real_metallica_20260705,2025-02-22,70,13369,14000,2673800,66.84,497
real_metallica_20260705,2025-02-21,67,13436,13400,2687200,67.18,498
real_metallica_20260705,2025-02-20,1,13437,200,2687400,67.18,499
real_metallica_20260705,2025-02-19,26,13463,5200,2692600,67.31,500
real_metallica_20260705,2025-02-18,3,13466,600,2693200,67.33,501
real_metallica_20260705,2025-02-17,21,13487,4200,2697400,67.44,502
real_metallica_20260705,2025-02-16,14,13501,2800,2700200,67.51,503
real_metallica_20260705,2025-02-15,53,13554,10600,2710800,67.77,504
real_metallica_20260705,2025-02-14,1,13555,200,2711000,67.77,505
real_metallica_20260705,2025-02-13,24,13579,4800,2715800,67.9,506
future_coldplay_20260729,2025-10-23,81,81,16200,16200,0.4,278
future_coldplay_20260729,2025-10-22,67,148,13400,29600,0.74,279
future_coldplay_20260729,2025-10-21,152,300,30400,60000,1.5,280
future_coldplay_20260729,2025-10-20,53,353,10600,70600,1.76,281
future_coldplay_20260729,2025-10-19,158,511,31600,102200,2.56,282
future_coldplay_20260729,2025-10-18,100,611,20000,122200,3.06,283
future_coldplay_20260729,2025-10-17,101,712,20200,142400,3.56,284
future_coldplay_20260729,2025-10-16,113,825,22600,165000,4.12,285
future_coldplay_20260729,2025-10-15,39,864,7800,172800,4.32,286
future_coldplay_20260729,2025-10-14,31,895,6200,179000,4.47,287
future_coldplay_20260729,2025-10-13,163,1058,32600,211600,5.29,288
future_coldplay_20260729,2025-10-12,73,1131,14600,226200,5.66,289
future_coldplay_20260729,2025-10-11,37,1168,7400,233600,5.84,290
future_coldplay_20260729,2025-10-10,50,1218,10000,243600,6.09,291
future_coldplay_20260729,2025-10-09,87,1305,17400,261000,6.53,292
future_coldplay_20260729,2025-10-08,150,1455,30000,291000,7.27,293
future_coldplay_20260729,2025-10-07,52,1507,10400,301400,7.54,294
future_coldplay_20260729,2025-10-06,92,1599,18400,319800,7.99,295
future_coldplay_20260729,2025-10-05,27,1626,5400,325200,8.13,296
future_coldplay_20260729,2025-10-04,129,1755,25800,351000,8.77,297
future_coldplay_20260729,2025-10-03,30,1785,6000,357000,8.92,298
future_coldplay_20260729,2025-10-02,85,1870,17000,374000,9.35,299
future_coldplay_20260729,2025-10-01,9,1879,1800,375800,9.4,300
future_coldplay_20260729,2025-09-30,4,1883,800,376600,9.41,301
future_coldplay_20260729,2025-09-29,75,1958,15000,391600,9.79,302
future_coldplay_20260729,2025-09-28,68,2026,13600,405200,10.13,303
future_coldplay_20260729,2025-09-27,10,2036,2000,407200,10.18,304
future_coldplay_20260729,2025-09-26,161,2197,32200,439400,10.98,305
future_coldplay_20260729,2025-09-25,43,2240,8600,448000,11.2,306
future_coldplay_20260729,2025-09-24,50,2290,10000,458000,11.45,307
future_coldplay_20260729,2025-09-23,11,2301,2200,460200,11.51,308
future_coldplay_20260729,2025-09-22,24,2325,4800,465000,11.62,309
future_coldplay_20260729,2025-09-21,16,2341,3200,468200,11.71,310
future_coldplay_20260729,2025-09-20,4,2345,800,469000,11.72,311
future_coldplay_20260729,2025-09-19,49,2394,9800,478800,11.97,312
future_coldplay_20260729,2025-09-18,14,2408,2800,481600,12.04,313
future_coldplay_20260729,2025-09-17,52,2460,10400,492000,12.3,314
future_coldplay_20260729,2025-09-16,50,2510,10000,502000,12.55,315
future_coldplay_20260729,2025-09-15,22,2532,4400,506400,12.66,316
future_coldplay_20260729,2025-09-14,6,2538,1200,507600,12.69,317
future_coldplay_20260729,2025-09-13,116,2654,23200,530800,13.27,318
future_coldplay_20260729,2025-09-12,27,2681,5400,536200,13.41,319
future_coldplay_20260729,2025-09-11,22,2703,4400,540600,13.51,320
future_coldplay_20260729,2025-09-10,65,2768,13000,553600,13.84,321
future_coldplay_20260729,2025-09-09,91,2859,18200,571800,14.29,322
future_coldplay_20260729,2025-09-08,55,2914,11000,582800,14.57,323
future_coldplay_20260729,2025-09-07,46,2960,9200,592000,14.8,324
future_coldplay_20260729,2025-09-06,27,2987,5400,597400,14.94,325
future_coldplay_20260729,2025-09-05,124,3111,24800,622200,15.55,326
future_coldplay_20260729,2025-09-04,36,3147,7200,629400,15.73,327
future_coldplay_20260729,2025-09-03,134,3281,26800,656200,16.41,328
future_coldplay_20260729,2025-09-02,74,3355,14800,671000,16.78,329
future_coldplay_20260729,2025-09-01,10,3365,2000,673000,16.83,330
future_coldplay_20260729,2025-08-31,38,3403,7600,680600,17.02,331
future_coldplay_20260729,2025-08-30,1,3404,200,680800,17.02,332
future_coldplay_20260729,2025-08-29,114,3518,22800,703600,17.59,333
future_coldplay_20260729,2025-08-28,87,3605,17400,721000,18.02,334
future_coldplay_20260729,2025-08-27,61,3666,12200,733200,18.33,335
future_coldplay_20260729,2025-08-26,140,3806,28000,761200,19.03,336
future_coldplay_20260729,2025-08-25,135,3941,27000,788200,19.71,337
future_coldplay_20260729,2025-08-24,5,3946,1000,789200,19.73,338
future_coldplay_20260729,2025-08-23,82,4028,16400,805600,20.14,339
future_coldplay_20260729,2025-08-22,92,4120,18400,824000,20.6,340
future_coldplay_20260729,2025-08-21,13,4133,2600,826600,20.66,341
future_coldplay_20260729,2025-08-20,115,4248,23000,849600,21.24,342
future_coldplay_20260729,2025-08-19,4,4252,800,850400,21.26,343
future_coldplay_20260729,2025-08-18,12,4264,2400,852800,21.32,344
future_coldplay_20260729,2025-08-17,144,4408,28800,881600,22.04,345
future_coldplay_20260729,2025-08-16,16,4424,3200,884800,22.12,346
future_coldplay_20260729,2025-08-15,73,4497,14600,899400,22.48,347
future_coldplay_20260729,2025-08-14,4,4501,800,900200,22.5,348
future_coldplay_20260729,2025-08-13,115,4616,23000,923200,23.08,349
future_coldplay_20260729,2025-08-12,149,4765,29800,953000,23.82,350
future_coldplay_20260729,2025-08-11,103,4868,20600,973600,24.34,351
future_coldplay_20260729,2025-08-10,180,5048,36000,1009600,25.24,352
future_coldplay_20260729,2025-08-09,107,5155,21400,1031000,25.77,353
future_coldplay_20260729,2025-08-08,146,5301,29200,1060200,26.51,354
future_coldplay_20260729,2025-08-07,168,5469,33600,1093800,27.35,355
future_coldplay_20260729,2025-08-06,70,5539,14000,1107800,27.69,356
future_coldplay_20260729,2025-08-05,153,5692,30600,1138400,28.46,357
future_coldplay_20260729,2025-08-04,173,5865,34600,1173000,29.33,358
future_coldplay_20260729,2025-08-03,116,5981,23200,1196200,29.9,359
future_coldplay_20260729,2025-08-02,66,6047,13200,1209400,30.23,360
future_coldplay_20260729,2025-08-01,68,6115,13600,1223000,30.58,361
future_coldplay_20260729,2025-07-31,148,6263,29600,1252600,31.31,362
future_coldplay_20260729,2025-07-30,63,6326,12600,1265200,31.63,363
future_coldplay_20260729,2025-07-29,72,6398,14400,1279600,31.99,364
future_coldplay_20260729,2025-07-28,2,6400,400,1280000,32.0,365
future_coldplay_20260729,2025-07-27,56,6456,11200,1291200,32.28,366
future_coldplay_20260729,2025-07-26,12,6468,2400,1293600,32.34,367
future_coldplay_20260729,2025-07-25,24,6492,4800,1298400,32.46,368
future_coldplay_20260729,2025-07-24,26,6518,5200,1303600,32.59,369
future_coldplay_20260729,2025-07-23,52,6570,10400,1314000,32.85,370
future_coldplay_20260729,2025-07-22,9,6579,1800,1315800,32.9,371
future_coldplay_20260729,2025-07-21,27,6606,5400,1321200,33.03,372
future_coldplay_20260729,2025-07-20,35,6641,7000,1328200,33.2,373
future_coldplay_20260729,2025-07-19,7,6648,1400,1329600,33.24,374
future_coldplay_20260729,2025-07-18,1,6649,200,1329800,33.25,375
future_coldplay_20260729,2025-07-17,60,6709,12000,1341800,33.55,376
future_coldplay_20260729,2025-07-16,7,6716,1400,1343200,33.58,377
future_coldplay_20260729,2025-07-15,26,6742,5200,1348400,33.71,378
future_coldplay_20260729,2025-07-14,3,6745,600,1349000,33.73,379
future_coldplay_20260729,2025-07-13,11,6756,2200,1351200,33.78,380
future_coldplay_20260729,2025-07-12,19,6775,3800,1355000,33.88,381
future_coldplay_20260729,2025-07-11,46,6821,9200,1364200,34.11,382
future_coldplay_20260729,2025-07-10,14,6835,2800,1367000,34.17,383
future_coldplay_20260729,2025-07-09,38,6873,7600,1374600,34.37,384
future_coldplay_20260729,2025-07-08,31,6904,6200,1380800,34.52,385
future_coldplay_20260729,2025-07-07,66,6970,13200,1394000,34.85,386
future_coldplay_20260729,2025-07-06,28,6998,5600,1399600,34.99,387
future_coldplay_20260729,2025-07-05,1,6999,200,1399800,34.99,388
future_coldplay_20260729,2025-07-04,36,7035,7200,1407000,35.17,389
future_coldplay_20260729,2025-07-03,44,7079,8800,1415800,35.39,390
future_coldplay_20260729,2025-07-02,15,7094,3000,1418800,35.47,391
future_coldplay_20260729,2025-07-01,55,7149,11000,1429800,35.74,392
future_coldplay_20260729,2025-06-30,35,7184,7000,1436800,35.92,393
future_coldplay_20260729,2025-06-29,50,7234,10000,1446800,36.17,394
future_coldplay_20260729,2025-06-28,22,7256,4400,1451200,36.28,395
future_coldplay_20260729,2025-06-27,9,7265,1800,1453000,36.33,396
future_coldplay_20260729,2025-06-26,17,7282,3400,1456400,36.41,397
future_coldplay_20260729,2025-06-25,17,7299,3400,1459800,36.49,398
future_coldplay_20260729,2025-06-24,24,7323,4800,1464600,36.61,399
future_coldplay_20260729,2025-06-23,40,7363,8000,1472600,36.81,400
future_coldplay_20260729,2025-06-22,26,7389,5200,1477800,36.95,401
future_coldplay_20260729,2025-06-21,30,7419,6000,1483800,37.09,402
future_coldplay_20260729,2025-06-20,6,7425,1200,1485000,37.12,403
future_coldplay_20260729,2025-06-19,43,7468,8600,1493600,37.34,404
future_coldplay_20260729,2025-06-18,24,7492,4800,1498400,37.46,405
future_coldplay_20260729,2025-06-17,20,7512,4000,1502400,37.56,406
future_coldplay_20260729,2025-06-16,48,7560,9600,1512000,37.8,407
future_coldplay_20260729,2025-06-15,26,7586,5200,1517200,37.93,408
future_coldplay_20260729,2025-06-14,17,7603,3400,1520600,38.02,409
future_coldplay_20260729,2025-06-13,9,7612,1800,1522400,38.06,410
future_coldplay_20260729,2025-06-12,19,7631,3800,1526200,38.16,411
future_coldplay_20260729,2025-06-11,34,7665,6800,1533000,38.32,412
future_coldplay_20260729,2025-06-10,2,7667,400,1533400,38.34,413
future_coldplay_20260729,2025-06-09,21,7688,4200,1537600,38.44,414
future_coldplay_20260729,2025-06-08,14,7702,2800,1540400,38.51,415
future_coldplay_20260729,2025-06-07,21,7723,4200,1544600,38.62,416
future_coldplay_20260729,2025-06-06,55,7778,11000,1555600,38.89,417
future_coldplay_20260729,2025-06-05,24,7802,4800,1560400,39.01,418
future_coldplay_20260729,2025-06-04,1,7803,200,1560600,39.02,419
future_coldplay_20260729,2025-06-03,24,7827,4800,1565400,39.13,420
future_coldplay_20260729,2025-06-02,12,7839,2400,1567800,39.2,421
future_coldplay_20260729,2025-06-01,21,7860,4200,1572000,39.3,422
future_coldplay_20260729,2025-05-31,21,7881,4200,1576200,39.41,423
future_coldplay_20260729,2025-05-30,3,7884,600,1576800,39.42,424
future_coldplay_20260729,2025-05-29,2,7886,400,1577200,39.43,425
future_coldplay_20260729,2025-05-28,3,7889,600,1577800,39.45,426
future_coldplay_20260729,2025-05-27,17,7906,3400,1581200,39.53,427
future_coldplay_20260729,2025-05-26,20,7926,4000,1585200,39.63,428
future_coldplay_20260729,2025-05-25,47,7973,9400,1594600,39.87,429
future_coldplay_20260729,2025-05-24,29,8002,5800,1600400,40.01,430
future_coldplay_20260729,2025-05-23,11,8013,2200,1602600,40.06,431
future_coldplay_20260729,2025-05-22,25,8038,5000,1607600,40.19,432
future_coldplay_20260729,2025-05-21,56,8094,11200,1618800,40.47,433
future_coldplay_20260729,2025-05-20,40,8134,8000,1626800,40.67,434
future_coldplay_20260729,2025-05-19,23,8157,4600,1631400,40.78,435
future_coldplay_20260729,2025-05-18,40,8197,8000,1639400,40.98,436
future_coldplay_20260729,2025-05-17,1,8198,200,1639600,40.99,437
future_coldplay_20260729,2025-05-16,56,8254,11200,1650800,41.27,438
future_coldplay_20260729,2025-05-15,18,8272,3600,1654400,41.36,439
future_coldplay_20260729,2025-05-14,3,8275,600,1655000,41.38,440
future_coldplay_20260729,2025-05-13,28,8303,5600,1660600,41.52,441
future_coldplay_20260729,2025-05-12,51,8354,10200,1670800,41.77,442
future_coldplay_20260729,2025-05-11,26,8380,5200,1676000,41.9,443
future_coldplay_20260729,2025-05-10,38,8418,7600,1683600,42.09,444
future_coldplay_20260729,2025-05-08,5,8423,1000,1684600,42.12,446
future_coldplay_20260729,2025-05-07,31,8454,6200,1690800,42.27,447
future_coldplay_20260729,2025-05-06,52,8506,10400,1701200,42.53,448
future_coldplay_20260729,2025-05-05,24,8530,4800,1706000,42.65,449
future_coldplay_20260729,2025-05-04,20,8550,4000,1710000,42.75,450
future_coldplay_20260729,2025-05-03,38,8588,7600,1717600,42.94,451
future_coldplay_20260729,2025-05-02,24,8612,4800,1722400,43.06,452
future_coldplay_20260729,2025-05-01,25,8637,5000,1727400,43.19,453
future_coldplay_20260729,2025-04-30,68,8705,13600,1741000,43.53,454
future_coldplay_20260729,2025-04-29,12,8717,2400,1743400,43.59,455
future_coldplay_20260729,2025-04-28,29,8746,5800,1749200,43.73,456
future_coldplay_20260729,2025-04-27,8,8754,1600,1750800,43.77,457
future_coldplay_20260729,2025-04-26,40,8794,8000,1758800,43.97,458
future_coldplay_20260729,2025-04-25,10,8804,2000,1760800,44.02,459
future_coldplay_20260729,2025-04-24,25,8829,5000,1765800,44.15,460
future_coldplay_20260729,2025-04-23,17,8846,3400,1769200,44.23,461
future_coldplay_20260729,2025-04-22,59,8905,11800,1781000,44.52,462
future_coldplay_20260729,2025-04-21,5,8910,1000,1782000,44.55,463
future_coldplay_20260729,2025-04-20,5,8915,1000,1783000,44.57,464
future_coldplay_20260729,2025-04-18,14,8929,2800,1785800,44.65,466
future_coldplay_20260729,2025-04-17,15,8944,3000,1788800,44.72,467
future_coldplay_20260729,2025-04-16,40,8984,8000,1796800,44.92,468
future_coldplay_20260729,2025-04-15,15,8999,3000,1799800,45.0,469
future_coldplay_20260729,2025-04-14,22,9021,4400,1804200,45.11,470
future_coldplay_20260729,2025-04-13,12,9033,2400,1806600,45.16,471
future_coldplay_20260729,2025-04-12,4,9037,800,1807400,45.18,472
future_coldplay_20260729,2025-04-11,37,9074,7400,1814800,45.37,473
future_coldplay_20260729,2025-04-10,37,9111,7400,1822200,45.55,474
future_coldplay_20260729,2025-04-09,5,9116,1000,1823200,45.58,475
future_coldplay_20260729,2025-04-08,41,9157,8200,1831400,45.78,476
future_coldplay_20260729,2025-04-07,12,9169,2400,1833800,45.84,477
future_coldplay_20260729,2025-04-06,2,9171,400,1834200,45.86,478
future_coldplay_20260729,2025-04-05,12,9183,2400,1836600,45.91,479
future_coldplay_20260729,2025-04-04,18,9201,3600,1840200,46.01,480
future_coldplay_20260729,2025-04-03,30,9231,6000,1846200,46.16,481
future_coldplay_20260729,2025-04-02,43,9274,8600,1854800,46.37,482
future_coldplay_20260729,2025-04-01,6,9280,1200,1856000,46.4,483
future_coldplay_20260729,2025-03-31,34,9314,6800,1862800,46.57,484
future_coldplay_20260729,2025-03-30,4,9318,800,1863600,46.59,485
future_coldplay_20260729,2025-03-29,63,9381,12600,1876200,46.91,486
future_coldplay_20260729,2025-03-28,10,9391,2000,1878200,46.96,487
future_coldplay_20260729,2025-03-27,9,9400,1800,1880000,47.0,488
future_coldplay_20260729,2025-03-26,5,9405,1000,1881000,47.02,489
future_coldplay_20260729,2025-03-25,31,9436,6200,1887200,47.18,490
future_coldplay_20260729,2025-03-24,23,9459,4600,1891800,47.3,491
future_coldplay_20260729,2025-03-23,6,9465,1200,1893000,47.33,492
future_coldplay_20260729,2025-03-22,26,9491,5200,1898200,47.46,493
future_coldplay_20260729,2025-03-21,21,9512,4200,1902400,47.56,494
future_coldplay_20260729,2025-03-20,31,9543,6200,1908600,47.72,495
future_coldplay_20260729,2025-03-19,43,9586,8600,1917200,47.93,496
future_coldplay_20260729,2025-03-18,14,9600,2800,1920000,48.0,497
future_coldplay_20260729,2025-03-17,55,9655,11000,1931000,48.27,498
future_coldplay_20260729,2025-03-16,31,9686,6200,1937200,48.43,499
future_coldplay_20260729,2025-03-15,65,9751,13000,1950200,48.75,500
future_coldplay_20260729,2025-03-14,20,9771,4000,1954200,48.85,501
future_coldplay_20260729,2025-03-13,21,9792,4200,1958400,48.96,502
future_coldplay_20260729,2025-03-12,28,9820,5600,1964000,49.1,503
future_coldplay_20260729,2025-03-11,2,9822,400,1964400,49.11,504
future_coldplay_20260729,2025-03-10,44,9866,8800,1973200,49.33,505
future_coldplay_20260729,2025-03-09,46,9912,9200,1982400,49.56,506
future_coldplay_20260729,2025-03-08,25,9937,5000,1987400,49.69,507
future_coldplay_20260729,2025-03-07,7,9944,1400,1988800,49.72,508
future_coldplay_20260729,2025-03-06,44,9988,8800,1997600,49.94,509
future_coldplay_20260729,2025-03-05,15,10003,3000,2000600,50.02,510
future_coldplay_20260729,2025-03-04,25,10028,5000,2005600,50.14,511
future_coldplay_20260729,2025-03-03,9,10037,1800,2007400,50.19,512
future_coldplay_20260729,2025-03-02,1,10038,200,2007600,50.19,513
future_coldplay_20260729,2025-02-28,9,10047,1800,2009400,50.23,515
future_coldplay_20260729,2025-02-27,26,10073,5200,2014600,50.37,516
future_coldplay_20260729,2025-02-26,14,10087,2800,2017400,50.43,517
future_coldplay_20260729,2025-02-25,20,10107,4000,2021400,50.53,518
future_coldplay_20260729,2025-02-24,5,10112,1000,2022400,50.56,519
future_coldplay_20260729,2025-02-23,46,10158,9200,2031600,50.79,520
future_coldplay_20260729,2025-02-22,10,10168,2000,2033600,50.84,521
future_coldplay_20260729,2025-02-21,28,10196,5600,2039200,50.98,522
future_coldplay_20260729,2025-02-20,33,10229,6600,2045800,51.14,523
future_coldplay_20260729,2025-02-19,9,10238,1800,2047600,51.19,524
future_coldplay_20260729,2025-02-18,33,10271,6600,2054200,51.35,525
future_coldplay_20260729,2025-02-17,11,10282,2200,2056400,51.41,526
future_coldplay_20260729,2025-02-16,18,10300,3600,2060000,51.5,527
future_coldplay_20260729,2025-02-15,18,10318,3600,2063600,51.59,528
future_coldplay_20260729,2025-02-14,29,10347,5800,2069400,51.73,529
future_coldplay_20260729,2025-02-13,2,10349,400,2069800,51.74,530
future_coldplay_20260729,2025-02-12,34,10383,6800,2076600,51.91,531
future_coldplay_20260729,2025-02-11,17,10400,3400,2080000,52.0,532
future_coldplay_20260729,2025-02-10,34,10434,6800,2086800,52.17,533
future_coldplay_20260729,2025-02-09,34,10468,6800,2093600,52.34,534
future_coldplay_20260729,2025-02-08,20,10488,4000,2097600,52.44,535
future_coldplay_20260729,2025-02-07,29,10517,5800,2103400,52.59,536
future_coldplay_20260729,2025-02-06,10,10527,2000,2105400,52.63,537
future_coldplay_20260729,2025-02-05,60,10587,12000,2117400,52.94,538
future_coldplay_20260729,2025-02-04,46,10633,9200,2126600,53.16,539
future_coldplay_20260729,2025-02-03,34,10667,6800,2133400,53.34,540
future_coldplay_20260729,2025-02-02,38,10705,7600,2141000,53.52,541
future_coldplay_20260729,2025-02-01,16,10721,3200,2144200,53.61,542
future_coldplay_20260729,2025-01-31,18,10739,3600,2147800,53.7,543
future_coldplay_20260729,2025-01-30,19,10758,3800,2151600,53.79,544
future_coldplay_20260729,2025-01-29,43,10801,8600,2160200,54.01,545
future_coldplay_20260729,2025-01-28,8,10809,1600,2161800,54.05,546
future_coldplay_20260729,2025-01-27,18,10827,3600,2165400,54.13,547
future_coldplay_20260729,2025-01-26,40,10867,8000,2173400,54.34,548
future_coldplay_20260729,2025-01-25,29,10896,5800,2179200,54.48,549
future_coldplay_20260729,2025-01-24,4,10900,800,2180000,54.5,550
future_coldplay_20260729,2025-01-23,28,10928,5600,2185600,54.64,551
future_coldplay_20260729,2025-01-22,5,10933,1000,2186600,54.66,552
future_coldplay_20260729,2025-01-21,34,10967,6800,2193400,54.84,553
future_coldplay_20260729,2025-01-20,24,10991,4800,2198200,54.95,554
future_bruno_mars_20260828,2025-10-23,138,138,27600,27600,0.69,308
future_bruno_mars_20260828,2025-10-22,168,306,33600,61200,1.53,309
future_bruno_mars_20260828,2025-10-21,78,384,15600,76800,1.92,310
future_bruno_mars_20260828,2025-10-20,97,481,19400,96200,2.4,311
future_bruno_mars_20260828,2025-10-19,157,638,31400,127600,3.19,312
future_bruno_mars_20260828,2025-10-18,80,718,16000,143600,3.59,313
future_bruno_mars_20260828,2025-10-17,118,836,23600,167200,4.18,314
future_bruno_mars_20260828,2025-10-16,136,972,27200,194400,4.86,315
future_bruno_mars_20260828,2025-10-15,138,1110,27600,222000,5.55,316
future_bruno_mars_20260828,2025-10-14,79,1189,15800,237800,5.95,317
future_bruno_mars_20260828,2025-10-13,111,1300,22200,260000,6.5,318
future_bruno_mars_20260828,2025-10-12,39,1339,7800,267800,6.69,319
future_bruno_mars_20260828,2025-10-11,33,1372,6600,274400,6.86,320
future_bruno_mars_20260828,2025-10-10,73,1445,14600,289000,7.22,321
future_bruno_mars_20260828,2025-10-09,95,1540,19000,308000,7.7,322
future_bruno_mars_20260828,2025-10-08,68,1608,13600,321600,8.04,323
future_bruno_mars_20260828,2025-10-07,67,1675,13400,335000,8.38,324
future_bruno_mars_20260828,2025-10-06,23,1698,4600,339600,8.49,325
future_bruno_mars_20260828,2025-10-05,60,1758,12000,351600,8.79,326
future_bruno_mars_20260828,2025-10-04,89,1847,17800,369400,9.23,327
future_bruno_mars_20260828,2025-10-03,3,1850,600,370000,9.25,328
future_bruno_mars_20260828,2025-10-02,92,1942,18400,388400,9.71,329
future_bruno_mars_20260828,2025-10-01,99,2041,19800,408200,10.21,330
future_bruno_mars_20260828,2025-09-30,79,2120,15800,424000,10.6,331
future_bruno_mars_20260828,2025-09-29,58,2178,11600,435600,10.89,332
future_bruno_mars_20260828,2025-09-28,7,2185,1400,437000,10.93,333
future_bruno_mars_20260828,2025-09-27,42,2227,8400,445400,11.13,334
future_bruno_mars_20260828,2025-09-26,69,2296,13800,459200,11.48,335
future_bruno_mars_20260828,2025-09-25,95,2391,19000,478200,11.96,336
future_bruno_mars_20260828,2025-09-24,47,2438,9400,487600,12.19,337
future_bruno_mars_20260828,2025-09-23,23,2461,4600,492200,12.31,338
future_bruno_mars_20260828,2025-09-22,100,2561,20000,512200,12.8,339
future_bruno_mars_20260828,2025-09-21,100,2661,20000,532200,13.3,340
future_bruno_mars_20260828,2025-09-20,45,2706,9000,541200,13.53,341
future_bruno_mars_20260828,2025-09-19,156,2862,31200,572400,14.31,342
future_bruno_mars_20260828,2025-09-18,81,2943,16200,588600,14.71,343
future_bruno_mars_20260828,2025-09-17,17,2960,3400,592000,14.8,344
future_bruno_mars_20260828,2025-09-16,147,3107,29400,621400,15.53,345
future_bruno_mars_20260828,2025-09-15,100,3207,20000,641400,16.04,346
future_bruno_mars_20260828,2025-09-14,56,3263,11200,652600,16.31,347
future_bruno_mars_20260828,2025-09-13,49,3312,9800,662400,16.56,348
future_bruno_mars_20260828,2025-09-12,146,3458,29200,691600,17.29,349
future_bruno_mars_20260828,2025-09-11,87,3545,17400,709000,17.72,350
future_bruno_mars_20260828,2025-09-10,66,3611,13200,722200,18.05,351
future_bruno_mars_20260828,2025-09-09,41,3652,8200,730400,18.26,352
future_bruno_mars_20260828,2025-09-08,97,3749,19400,749800,18.75,353
future_bruno_mars_20260828,2025-09-07,119,3868,23800,773600,19.34,354
future_bruno_mars_20260828,2025-09-06,87,3955,17400,791000,19.78,355
future_bruno_mars_20260828,2025-09-05,43,3998,8600,799600,19.99,356
future_bruno_mars_20260828,2025-09-04,56,4054,11200,810800,20.27,357
future_bruno_mars_20260828,2025-09-03,56,4110,11200,822000,20.55,358
future_bruno_mars_20260828,2025-09-02,77,4187,15400,837400,20.94,359
future_bruno_mars_20260828,2025-09-01,94,4281,18800,856200,21.4,360
future_bruno_mars_20260828,2025-08-31,64,4345,12800,869000,21.73,361
future_bruno_mars_20260828,2025-08-30,50,4395,10000,879000,21.98,362
future_bruno_mars_20260828,2025-08-29,3,4398,600,879600,21.99,363
future_bruno_mars_20260828,2025-08-28,125,4523,25000,904600,22.61,364
future_bruno_mars_20260828,2025-08-27,98,4621,19600,924200,23.11,365
future_bruno_mars_20260828,2025-08-26,41,4662,8200,932400,23.31,366
future_bruno_mars_20260828,2025-08-25,10,4672,2000,934400,23.36,367
future_bruno_mars_20260828,2025-08-24,49,4721,9800,944200,23.61,368
future_bruno_mars_20260828,2025-08-23,52,4773,10400,954600,23.86,369
future_bruno_mars_20260828,2025-08-21,7,4780,1400,956000,23.9,371
future_bruno_mars_20260828,2025-08-20,65,4845,13000,969000,24.22,372
future_bruno_mars_20260828,2025-08-19,9,4854,1800,970800,24.27,373
future_bruno_mars_20260828,2025-08-18,14,4868,2800,973600,24.34,374
future_bruno_mars_20260828,2025-08-17,61,4929,12200,985800,24.64,375
future_bruno_mars_20260828,2025-08-16,12,4941,2400,988200,24.7,376
future_bruno_mars_20260828,2025-08-15,45,4986,9000,997200,24.93,377
future_bruno_mars_20260828,2025-08-14,15,5001,3000,1000200,25.0,378
future_bruno_mars_20260828,2025-08-13,2,5003,400,1000600,25.01,379
future_bruno_mars_20260828,2025-08-12,11,5014,2200,1002800,25.07,380
future_bruno_mars_20260828,2025-08-11,19,5033,3800,1006600,25.16,381
future_bruno_mars_20260828,2025-08-10,9,5042,1800,1008400,25.21,382
future_bruno_mars_20260828,2025-08-09,20,5062,4000,1012400,25.31,383
future_bruno_mars_20260828,2025-08-08,25,5087,5000,1017400,25.44,384
future_bruno_mars_20260828,2025-08-07,23,5110,4600,1022000,25.55,385
future_bruno_mars_20260828,2025-08-06,13,5123,2600,1024600,25.61,386
future_bruno_mars_20260828,2025-08-05,60,5183,12000,1036600,25.91,387
future_bruno_mars_20260828,2025-08-04,33,5216,6600,1043200,26.08,388
future_bruno_mars_20260828,2025-08-03,25,5241,5000,1048200,26.21,389
future_bruno_mars_20260828,2025-08-02,20,5261,4000,1052200,26.3,390
future_bruno_mars_20260828,2025-08-01,19,5280,3800,1056000,26.4,391
future_bruno_mars_20260828,2025-07-31,9,5289,1800,1057800,26.45,392
future_bruno_mars_20260828,2025-07-30,41,5330,8200,1066000,26.65,393
future_bruno_mars_20260828,2025-07-29,18,5348,3600,1069600,26.74,394
future_bruno_mars_20260828,2025-07-28,11,5359,2200,1071800,26.8,395
future_bruno_mars_20260828,2025-07-27,11,5370,2200,1074000,26.85,396
future_bruno_mars_20260828,2025-07-26,24,5394,4800,1078800,26.97,397
future_bruno_mars_20260828,2025-07-25,7,5401,1400,1080200,27.01,398
future_bruno_mars_20260828,2025-07-24,33,5434,6600,1086800,27.17,399
future_bruno_mars_20260828,2025-07-23,3,5437,600,1087400,27.18,400
future_bruno_mars_20260828,2025-07-22,53,5490,10600,1098000,27.45,401
future_bruno_mars_20260828,2025-07-21,15,5505,3000,1101000,27.52,402
future_bruno_mars_20260828,2025-07-20,11,5516,2200,1103200,27.58,403
future_bruno_mars_20260828,2025-07-19,27,5543,5400,1108600,27.71,404
future_bruno_mars_20260828,2025-07-18,35,5578,7000,1115600,27.89,405
future_bruno_mars_20260828,2025-07-17,44,5622,8800,1124400,28.11,406
future_bruno_mars_20260828,2025-07-16,8,5630,1600,1126000,28.15,407
future_bruno_mars_20260828,2025-07-15,54,5684,10800,1136800,28.42,408
future_bruno_mars_20260828,2025-07-14,20,5704,4000,1140800,28.52,409
future_bruno_mars_20260828,2025-07-13,64,5768,12800,1153600,28.84,410
future_bruno_mars_20260828,2025-07-12,28,5796,5600,1159200,28.98,411
future_bruno_mars_20260828,2025-07-11,17,5813,3400,1162600,29.07,412
future_bruno_mars_20260828,2025-07-10,10,5823,2000,1164600,29.12,413
future_bruno_mars_20260828,2025-07-09,22,5845,4400,1169000,29.23,414
future_bruno_mars_20260828,2025-07-08,21,5866,4200,1173200,29.33,415
future_bruno_mars_20260828,2025-07-07,35,5901,7000,1180200,29.5,416
future_bruno_mars_20260828,2025-07-06,21,5922,4200,1184400,29.61,417
future_bruno_mars_20260828,2025-07-05,27,5949,5400,1189800,29.74,418
future_bruno_mars_20260828,2025-07-04,40,5989,8000,1197800,29.95,419
future_bruno_mars_20260828,2025-07-03,53,6042,10600,1208400,30.21,420
future_bruno_mars_20260828,2025-07-02,11,6053,2200,1210600,30.26,421
future_bruno_mars_20260828,2025-07-01,19,6072,3800,1214400,30.36,422
future_bruno_mars_20260828,2025-06-30,15,6087,3000,1217400,30.44,423
future_bruno_mars_20260828,2025-06-29,54,6141,10800,1228200,30.7,424
future_bruno_mars_20260828,2025-06-28,3,6144,600,1228800,30.72,425
future_bruno_mars_20260828,2025-06-27,27,6171,5400,1234200,30.86,426
future_bruno_mars_20260828,2025-06-26,1,6172,200,1234400,30.86,427
future_bruno_mars_20260828,2025-06-25,25,6197,5000,1239400,30.99,428
future_bruno_mars_20260828,2025-06-24,14,6211,2800,1242200,31.05,429
future_bruno_mars_20260828,2025-06-23,14,6225,2800,1245000,31.13,430
future_bruno_mars_20260828,2025-06-22,7,6232,1400,1246400,31.16,431
future_bruno_mars_20260828,2025-06-21,28,6260,5600,1252000,31.3,432
future_bruno_mars_20260828,2025-06-20,14,6274,2800,1254800,31.37,433
future_bruno_mars_20260828,2025-06-19,55,6329,11000,1265800,31.64,434
future_bruno_mars_20260828,2025-06-18,13,6342,2600,1268400,31.71,435
future_bruno_mars_20260828,2025-06-17,10,6352,2000,1270400,31.76,436
future_bruno_mars_20260828,2025-06-16,33,6385,6600,1277000,31.92,437
future_bruno_mars_20260828,2025-06-15,27,6412,5400,1282400,32.06,438
future_bruno_mars_20260828,2025-06-14,11,6423,2200,1284600,32.12,439
future_bruno_mars_20260828,2025-06-13,18,6441,3600,1288200,32.2,440
future_bruno_mars_20260828,2025-06-12,33,6474,6600,1294800,32.37,441
future_bruno_mars_20260828,2025-06-11,24,6498,4800,1299600,32.49,442
future_bruno_mars_20260828,2025-06-10,39,6537,7800,1307400,32.68,443
future_bruno_mars_20260828,2025-06-09,62,6599,12400,1319800,33.0,444
future_bruno_mars_20260828,2025-06-08,30,6629,6000,1325800,33.15,445
future_bruno_mars_20260828,2025-06-07,28,6657,5600,1331400,33.28,446
future_bruno_mars_20260828,2025-06-06,40,6697,8000,1339400,33.48,447
future_bruno_mars_20260828,2025-06-05,46,6743,9200,1348600,33.72,448
future_bruno_mars_20260828,2025-06-04,52,6795,10400,1359000,33.98,449
future_bruno_mars_20260828,2025-06-02,27,6822,5400,1364400,34.11,451
future_bruno_mars_20260828,2025-06-01,47,6869,9400,1373800,34.34,452
future_bruno_mars_20260828,2025-05-31,23,6892,4600,1378400,34.46,453
future_bruno_mars_20260828,2025-05-30,4,6896,800,1379200,34.48,454
future_bruno_mars_20260828,2025-05-29,11,6907,2200,1381400,34.53,455
future_bruno_mars_20260828,2025-05-28,51,6958,10200,1391600,34.79,456
future_bruno_mars_20260828,2025-05-27,17,6975,3400,1395000,34.88,457
future_bruno_mars_20260828,2025-05-26,4,6979,800,1395800,34.89,458
future_bruno_mars_20260828,2025-05-25,19,6998,3800,1399600,34.99,459
future_bruno_mars_20260828,2025-05-24,26,7024,5200,1404800,35.12,460
future_bruno_mars_20260828,2025-05-23,40,7064,8000,1412800,35.32,461
future_bruno_mars_20260828,2025-05-22,5,7069,1000,1413800,35.34,462
future_bruno_mars_20260828,2025-05-21,23,7092,4600,1418400,35.46,463
future_bruno_mars_20260828,2025-05-20,2,7094,400,1418800,35.47,464
future_bruno_mars_20260828,2025-05-19,26,7120,5200,1424000,35.6,465
future_bruno_mars_20260828,2025-05-18,10,7130,2000,1426000,35.65,466
future_bruno_mars_20260828,2025-05-17,29,7159,5800,1431800,35.8,467
future_bruno_mars_20260828,2025-05-16,34,7193,6800,1438600,35.97,468
future_bruno_mars_20260828,2025-05-15,30,7223,6000,1444600,36.12,469
future_bruno_mars_20260828,2025-05-14,5,7228,1000,1445600,36.14,470
future_bruno_mars_20260828,2025-05-13,11,7239,2200,1447800,36.2,471
future_bruno_mars_20260828,2025-05-12,57,7296,11400,1459200,36.48,472
future_bruno_mars_20260828,2025-05-11,29,7325,5800,1465000,36.62,473
future_bruno_mars_20260828,2025-05-10,23,7348,4600,1469600,36.74,474
future_bruno_mars_20260828,2025-05-09,17,7365,3400,1473000,36.83,475
future_bruno_mars_20260828,2025-05-08,24,7389,4800,1477800,36.95,476
future_bruno_mars_20260828,2025-05-07,2,7391,400,1478200,36.95,477
future_bruno_mars_20260828,2025-05-06,39,7430,7800,1486000,37.15,478
future_bruno_mars_20260828,2025-05-05,26,7456,5200,1491200,37.28,479
future_bruno_mars_20260828,2025-05-04,42,7498,8400,1499600,37.49,480
future_bruno_mars_20260828,2025-05-03,24,7522,4800,1504400,37.61,481
future_bruno_mars_20260828,2025-05-02,30,7552,6000,1510400,37.76,482
future_bruno_mars_20260828,2025-05-01,25,7577,5000,1515400,37.89,483
future_bruno_mars_20260828,2025-04-30,5,7582,1000,1516400,37.91,484
future_bruno_mars_20260828,2025-04-29,7,7589,1400,1517800,37.95,485
future_bruno_mars_20260828,2025-04-28,11,7600,2200,1520000,38.0,486
future_bruno_mars_20260828,2025-04-27,21,7621,4200,1524200,38.1,487
future_bruno_mars_20260828,2025-04-26,28,7649,5600,1529800,38.25,488
future_bruno_mars_20260828,2025-04-25,46,7695,9200,1539000,38.48,489
future_bruno_mars_20260828,2025-04-24,11,7706,2200,1541200,38.53,490
future_bruno_mars_20260828,2025-04-23,3,7709,600,1541800,38.55,491
future_bruno_mars_20260828,2025-04-22,11,7720,2200,1544000,38.6,492
future_bruno_mars_20260828,2025-04-21,13,7733,2600,1546600,38.66,493
future_bruno_mars_20260828,2025-04-20,56,7789,11200,1557800,38.95,494
future_bruno_mars_20260828,2025-04-19,6,7795,1200,1559000,38.98,495
future_bruno_mars_20260828,2025-04-18,51,7846,10200,1569200,39.23,496
future_bruno_mars_20260828,2025-04-17,37,7883,7400,1576600,39.41,497
future_bruno_mars_20260828,2025-04-16,9,7892,1800,1578400,39.46,498
future_bruno_mars_20260828,2025-04-15,35,7927,7000,1585400,39.63,499
future_bruno_mars_20260828,2025-04-14,28,7955,5600,1591000,39.77,500
future_bruno_mars_20260828,2025-04-13,23,7978,4600,1595600,39.89,501
future_bruno_mars_20260828,2025-04-12,15,7993,3000,1598600,39.97,502
future_bruno_mars_20260828,2025-04-11,54,8047,10800,1609400,40.23,503
future_bruno_mars_20260828,2025-04-10,26,8073,5200,1614600,40.37,504
future_bruno_mars_20260828,2025-04-09,19,8092,3800,1618400,40.46,505
future_bruno_mars_20260828,2025-04-08,7,8099,1400,1619800,40.49,506
future_bruno_mars_20260828,2025-04-07,41,8140,8200,1628000,40.7,507
future_bruno_mars_20260828,2025-04-06,31,8171,6200,1634200,40.86,508
future_bruno_mars_20260828,2025-04-05,25,8196,5000,1639200,40.98,509
future_bruno_mars_20260828,2025-04-04,1,8197,200,1639400,40.98,510
future_bruno_mars_20260828,2025-04-03,16,8213,3200,1642600,41.07,511
future_bruno_mars_20260828,2025-04-02,63,8276,12600,1655200,41.38,512
future_bruno_mars_20260828,2025-04-01,46,8322,9200,1664400,41.61,513
future_bruno_mars_20260828,2025-03-31,28,8350,5600,1670000,41.75,514
future_bruno_mars_20260828,2025-03-30,37,8387,7400,1677400,41.94,515
future_bruno_mars_20260828,2025-03-29,11,8398,2200,1679600,41.99,516
future_bruno_mars_20260828,2025-03-28,28,8426,5600,1685200,42.13,517
future_bruno_mars_20260828,2025-03-27,1,8427,200,1685400,42.13,518
future_bruno_mars_20260828,2025-03-26,38,8465,7600,1693000,42.33,519
future_bruno_mars_20260828,2025-03-25,33,8498,6600,1699600,42.49,520
future_bruno_mars_20260828,2025-03-24,14,8512,2800,1702400,42.56,521
future_bruno_mars_20260828,2025-03-23,20,8532,4000,1706400,42.66,522
future_bruno_mars_20260828,2025-03-22,30,8562,6000,1712400,42.81,523
future_bruno_mars_20260828,2025-03-21,33,8595,6600,1719000,42.98,524
future_bruno_mars_20260828,2025-03-20,9,8604,1800,1720800,43.02,525
future_bruno_mars_20260828,2025-03-19,21,8625,4200,1725000,43.12,526
future_bruno_mars_20260828,2025-03-18,6,8631,1200,1726200,43.16,527
future_bruno_mars_20260828,2025-03-17,11,8642,2200,1728400,43.21,528
future_bruno_mars_20260828,2025-03-16,3,8645,600,1729000,43.23,529
future_bruno_mars_20260828,2025-03-15,11,8656,2200,1731200,43.28,530
future_bruno_mars_20260828,2025-03-14,1,8657,200,1731400,43.29,531
future_bruno_mars_20260828,2025-03-13,35,8692,7000,1738400,43.46,532
future_bruno_mars_20260828,2025-03-12,43,8735,8600,1747000,43.68,533
future_bruno_mars_20260828,2025-03-11,66,8801,13200,1760200,44.01,534
future_bruno_mars_20260828,2025-03-10,36,8837,7200,1767400,44.19,535
future_bruno_mars_20260828,2025-03-09,43,8880,8600,1776000,44.4,536
future_bruno_mars_20260828,2025-03-08,23,8903,4600,1780600,44.52,537
future_bruno_mars_20260828,2025-03-07,22,8925,4400,1785000,44.62,538
future_bruno_mars_20260828,2025-03-06,25,8950,5000,1790000,44.75,539
future_bruno_mars_20260828,2025-03-05,5,8955,1000,1791000,44.77,540
future_bruno_mars_20260828,2025-03-04,17,8972,3400,1794400,44.86,541
future_bruno_mars_20260828,2025-03-03,30,9002,6000,1800400,45.01,542
future_bruno_mars_20260828,2025-03-02,10,9012,2000,1802400,45.06,543
future_bruno_mars_20260828,2025-03-01,41,9053,8200,1810600,45.27,544
future_bruno_mars_20260828,2025-02-28,2,9055,400,1811000,45.27,545
future_bruno_mars_20260828,2025-02-27,10,9065,2000,1813000,45.32,546
future_bruno_mars_20260828,2025-02-26,11,9076,2200,1815200,45.38,547
future_bruno_mars_20260828,2025-02-25,4,9080,800,1816000,45.4,548
future_bruno_mars_20260828,2025-02-24,10,9090,2000,1818000,45.45,549
future_bruno_mars_20260828,2025-02-23,46,9136,9200,1827200,45.68,550
future_bruno_mars_20260828,2025-02-22,44,9180,8800,1836000,45.9,551
future_bruno_mars_20260828,2025-02-21,5,9185,1000,1837000,45.92,552
future_bruno_mars_20260828,2025-02-20,30,9215,6000,1843000,46.08,553
future_bruno_mars_20260828,2025-02-19,32,9247,6400,1849400,46.23,554
future_bruno_mars_20260828,2025-02-18,12,9259,2400,1851800,46.29,555
future_bruno_mars_20260828,2025-02-17,53,9312,10600,1862400,46.56,556
future_bruno_mars_20260828,2025-02-16,10,9322,2000,1864400,46.61,557
future_bruno_mars_20260828,2025-02-15,31,9353,6200,1870600,46.77,558
future_bruno_mars_20260828,2025-02-14,3,9356,600,1871200,46.78,559
future_bruno_mars_20260828,2025-02-13,1,9357,200,1871400,46.78,560
future_bruno_mars_20260828,2025-02-12,46,9403,9200,1880600,47.02,561
future_bruno_mars_20260828,2025-02-11,13,9416,2600,1883200,47.08,562
future_bruno_mars_20260828,2025-02-10,29,9445,5800,1889000,47.23,563
future_bruno_mars_20260828,2025-02-09,42,9487,8400,1897400,47.44,564
future_bruno_mars_20260828,2025-02-08,3,9490,600,1898000,47.45,565
future_bruno_mars_20260828,2025-02-07,47,9537,9400,1907400,47.69,566
future_bruno_mars_20260828,2025-02-06,7,9544,1400,1908800,47.72,567
future_bruno_mars_20260828,2025-02-05,12,9556,2400,1911200,47.78,568
future_bruno_mars_20260828,2025-02-04,29,9585,5800,1917000,47.93,569
future_bruno_mars_20260828,2025-02-03,7,9592,1400,1918400,47.96,570
future_bruno_mars_20260828,2025-02-02,2,9594,400,1918800,47.97,571
future_bruno_mars_20260828,2025-02-01,21,9615,4200,1923000,48.08,572
future_bruno_mars_20260828,2025-01-31,33,9648,6600,1929600,48.24,573
future_bruno_mars_20260828,2025-01-30,59,9707,11800,1941400,48.54,574
future_bruno_mars_20260828,2025-01-29,13,9720,2600,1944000,48.6,575
future_bruno_mars_20260828,2025-01-28,18,9738,3600,1947600,48.69,576
future_bruno_mars_20260828,2025-01-27,24,9762,4800,1952400,48.81,577
future_bruno_mars_20260828,2025-01-26,34,9796,6800,1959200,48.98,578
future_bruno_mars_20260828,2025-01-25,5,9801,1000,1960200,49.0,579
future_bruno_mars_20260828,2025-01-24,42,9843,8400,1968600,49.21,580
future_bruno_mars_20260828,2025-01-23,49,9892,9800,1978400,49.46,581
future_bruno_mars_20260828,2025-01-22,9,9901,1800,1980200,49.5,582
future_bruno_mars_20260828,2025-01-21,18,9919,3600,1983800,49.59,583
future_bruno_mars_20260828,2025-01-20,5,9924,1000,1984800,49.62,584
future_bruno_mars_20260828,2025-01-19,35,9959,7000,1991800,49.8,585
future_bruno_mars_20260828,2025-01-18,40,9999,8000,1999800,49.99,586
future_bruno_mars_20260828,2025-01-17,21,10020,4200,2004000,50.1,587
future_bruno_mars_20260828,2025-01-16,41,10061,8200,2012200,50.3,588
future_bruno_mars_20260828,2025-01-15,19,10080,3800,2016000,50.4,589
future_bruno_mars_20260828,2025-01-14,24,10104,4800,2020800,50.52,590
future_bruno_mars_20260828,2025-01-13,26,10130,5200,2026000,50.65,591
future_bruno_mars_20260828,2025-01-12,24,10154,4800,2030800,50.77,592
future_bruno_mars_20260828,2025-01-11,23,10177,4600,2035400,50.89,593
future_bruno_mars_20260828,2025-01-10,44,10221,8800,2044200,51.11,594
future_bruno_mars_20260828,2025-01-09,53,10274,10600,2054800,51.37,595
future_bruno_mars_20260828,2025-01-08,51,10325,10200,2065000,51.62,596
future_bruno_mars_20260828,2025-01-07,41,10366,8200,2073200,51.83,597
future_bruno_mars_20260828,2025-01-06,6,10372,1200,2074400,51.86,598
future_bruno_mars_20260828,2025-01-05,36,10408,7200,2081600,52.04,599
future_bruno_mars_20260828,2025-01-04,8,10416,1600,2083200,52.08,600
future_bruno_mars_20260828,2025-01-03,37,10453,7400,2090600,52.26,601
future_bruno_mars_20260828,2025-01-02,1,10454,200,2090800,52.27,602
future_bruno_mars_20260828,2025-01-01,14,10468,2800,2093600,52.34,603
future_bruno_mars_20260828,2024-12-31,15,10483,3000,2096600,52.41,604
future_bruno_mars_20260828,2024-12-30,6,10489,1200,2097800,52.45,605
future_bruno_mars_20260828,2024-12-29,22,10511,4400,2102200,52.55,606
future_bruno_mars_20260828,2024-12-28,34,10545,6800,2109000,52.73,607
future_bruno_mars_20260828,2024-12-27,19,10564,3800,2112800,52.82,608
future_bruno_mars_20260828,2024-12-26,8,10572,1600,2114400,52.86,609
future_bruno_mars_20260828,2024-12-25,1,10573,200,2114600,52.86,610
future_bruno_mars_20260828,2024-12-24,4,10577,800,2115400,52.89,611
future_bruno_mars_20260828,2024-12-23,19,10596,3800,2119200,52.98,612
future_bruno_mars_20260828,2024-12-22,15,10611,3000,2122200,53.05,613
future_bruno_mars_20260828,2024-12-21,54,10665,10800,2133000,53.33,614
future_the_weeknd_20261109,2025-10-23,19,19,3800,3800,0.1,381
future_the_weeknd_20261109,2025-10-22,14,33,2800,6600,0.17,382
future_the_weeknd_20261109,2025-10-21,17,50,3400,10000,0.25,383
future_the_weeknd_20261109,2025-10-20,19,69,3800,13800,0.34,384
future_the_weeknd_20261109,2025-10-19,28,97,5600,19400,0.48,385
future_the_weeknd_20261109,2025-10-18,5,102,1000,20400,0.51,386
future_the_weeknd_20261109,2025-10-17,37,139,7400,27800,0.69,387
future_the_weeknd_20261109,2025-10-16,7,146,1400,29200,0.73,388
future_the_weeknd_20261109,2025-10-15,27,173,5400,34600,0.86,389
future_the_weeknd_20261109,2025-10-14,6,179,1200,35800,0.9,390
future_the_weeknd_20261109,2025-10-13,16,195,3200,39000,0.97,391
future_the_weeknd_20261109,2025-10-12,20,215,4000,43000,1.07,392
future_the_weeknd_20261109,2025-10-10,18,233,3600,46600,1.17,394
future_the_weeknd_20261109,2025-10-09,1,234,200,46800,1.17,395
future_the_weeknd_20261109,2025-10-08,19,253,3800,50600,1.26,396
future_the_weeknd_20261109,2025-10-07,25,278,5000,55600,1.39,397
future_the_weeknd_20261109,2025-10-06,57,335,11400,67000,1.68,398
future_the_weeknd_20261109,2025-10-05,19,354,3800,70800,1.77,399
future_the_weeknd_20261109,2025-10-04,23,377,4600,75400,1.88,400
future_the_weeknd_20261109,2025-10-03,43,420,8600,84000,2.1,401
future_the_weeknd_20261109,2025-10-02,22,442,4400,88400,2.21,402
future_the_weeknd_20261109,2025-10-01,27,469,5400,93800,2.34,403
future_the_weeknd_20261109,2025-09-30,31,500,6200,100000,2.5,404
future_the_weeknd_20261109,2025-09-29,6,506,1200,101200,2.53,405
future_the_weeknd_20261109,2025-09-28,25,531,5000,106200,2.66,406
future_the_weeknd_20261109,2025-09-27,27,558,5400,111600,2.79,407
future_the_weeknd_20261109,2025-09-26,1,559,200,111800,2.79,408
future_the_weeknd_20261109,2025-09-25,49,608,9800,121600,3.04,409
future_the_weeknd_20261109,2025-09-24,25,633,5000,126600,3.16,410
future_the_weeknd_20261109,2025-09-23,2,635,400,127000,3.17,411
future_the_weeknd_20261109,2025-09-22,26,661,5200,132200,3.31,412
future_the_weeknd_20261109,2025-09-21,6,667,1200,133400,3.33,413
future_the_weeknd_20261109,2025-09-20,17,684,3400,136800,3.42,414
future_the_weeknd_20261109,2025-09-19,5,689,1000,137800,3.45,415
future_the_weeknd_20261109,2025-09-18,27,716,5400,143200,3.58,416
future_the_weeknd_20261109,2025-09-17,34,750,6800,150000,3.75,417
future_the_weeknd_20261109,2025-09-16,3,753,600,150600,3.77,418
future_the_weeknd_20261109,2025-09-15,42,795,8400,159000,3.98,419
future_the_weeknd_20261109,2025-09-14,6,801,1200,160200,4.0,420
future_the_weeknd_20261109,2025-09-13,1,802,200,160400,4.01,421
future_the_weeknd_20261109,2025-09-12,13,815,2600,163000,4.08,422
future_the_weeknd_20261109,2025-09-11,7,822,1400,164400,4.11,423
future_the_weeknd_20261109,2025-09-10,12,834,2400,166800,4.17,424
future_the_weeknd_20261109,2025-09-09,26,860,5200,172000,4.3,425
future_the_weeknd_20261109,2025-09-08,15,875,3000,175000,4.38,426
future_the_weeknd_20261109,2025-09-07,22,897,4400,179400,4.49,427
future_the_weeknd_20261109,2025-09-06,5,902,1000,180400,4.51,428
future_the_weeknd_20261109,2025-09-05,36,938,7200,187600,4.69,429
future_the_weeknd_20261109,2025-09-04,33,971,6600,194200,4.86,430
future_the_weeknd_20261109,2025-09-03,62,1033,12400,206600,5.17,431
future_the_weeknd_20261109,2025-09-02,25,1058,5000,211600,5.29,432
future_the_weeknd_20261109,2025-09-01,12,1070,2400,214000,5.35,433
future_the_weeknd_20261109,2025-08-31,18,1088,3600,217600,5.44,434
future_the_weeknd_20261109,2025-08-30,22,1110,4400,222000,5.55,435
future_the_weeknd_20261109,2025-08-29,33,1143,6600,228600,5.71,436
future_the_weeknd_20261109,2025-08-28,28,1171,5600,234200,5.85,437
future_the_weeknd_20261109,2025-08-27,27,1198,5400,239600,5.99,438
future_the_weeknd_20261109,2025-08-26,31,1229,6200,245800,6.14,439
future_the_weeknd_20261109,2025-08-25,3,1232,600,246400,6.16,440
future_the_weeknd_20261109,2025-08-24,21,1253,4200,250600,6.26,441
future_the_weeknd_20261109,2025-08-23,12,1265,2400,253000,6.33,442
future_the_weeknd_20261109,2025-08-22,10,1275,2000,255000,6.38,443
future_the_weeknd_20261109,2025-08-21,56,1331,11200,266200,6.65,444
future_the_weeknd_20261109,2025-08-20,55,1386,11000,277200,6.93,445
future_the_weeknd_20261109,2025-08-19,55,1441,11000,288200,7.21,446
future_the_weeknd_20261109,2025-08-18,10,1451,2000,290200,7.26,447
future_the_weeknd_20261109,2025-08-17,4,1455,800,291000,7.27,448
future_the_weeknd_20261109,2025-08-16,8,1463,1600,292600,7.32,449
future_the_weeknd_20261109,2025-08-15,30,1493,6000,298600,7.46,450
future_the_weeknd_20261109,2025-08-14,1,1494,200,298800,7.47,451
future_the_weeknd_20261109,2025-08-13,51,1545,10200,309000,7.72,452
future_the_weeknd_20261109,2025-08-12,6,1551,1200,310200,7.75,453
future_the_weeknd_20261109,2025-08-11,21,1572,4200,314400,7.86,454
future_the_weeknd_20261109,2025-08-10,1,1573,200,314600,7.87,455
future_the_weeknd_20261109,2025-08-09,50,1623,10000,324600,8.12,456
future_the_weeknd_20261109,2025-08-08,14,1637,2800,327400,8.19,457
future_the_weeknd_20261109,2025-08-07,42,1679,8400,335800,8.39,458
future_the_weeknd_20261109,2025-08-06,16,1695,3200,339000,8.48,459
future_the_weeknd_20261109,2025-08-05,23,1718,4600,343600,8.59,460
future_the_weeknd_20261109,2025-08-04,37,1755,7400,351000,8.77,461
future_the_weeknd_20261109,2025-08-03,35,1790,7000,358000,8.95,462
future_the_weeknd_20261109,2025-08-02,22,1812,4400,362400,9.06,463
future_the_weeknd_20261109,2025-08-01,44,1856,8800,371200,9.28,464
future_the_weeknd_20261109,2025-07-31,34,1890,6800,378000,9.45,465
future_the_weeknd_20261109,2025-07-30,20,1910,4000,382000,9.55,466
future_the_weeknd_20261109,2025-07-29,4,1914,800,382800,9.57,467
future_the_weeknd_20261109,2025-07-28,11,1925,2200,385000,9.62,468
future_the_weeknd_20261109,2025-07-27,19,1944,3800,388800,9.72,469
future_the_weeknd_20261109,2025-07-26,2,1946,400,389200,9.73,470
future_the_weeknd_20261109,2025-07-25,19,1965,3800,393000,9.83,471
future_the_weeknd_20261109,2025-07-24,38,2003,7600,400600,10.02,472
future_the_weeknd_20261109,2025-07-23,50,2053,10000,410600,10.27,473
future_the_weeknd_20261109,2025-07-22,33,2086,6600,417200,10.43,474
future_the_weeknd_20261109,2025-07-21,28,2114,5600,422800,10.57,475
future_the_weeknd_20261109,2025-07-20,12,2126,2400,425200,10.63,476
future_the_weeknd_20261109,2025-07-19,28,2154,5600,430800,10.77,477
future_the_weeknd_20261109,2025-07-18,52,2206,10400,441200,11.03,478
future_the_weeknd_20261109,2025-07-17,38,2244,7600,448800,11.22,479
future_the_weeknd_20261109,2025-07-16,18,2262,3600,452400,11.31,480
future_the_weeknd_20261109,2025-07-15,12,2274,2400,454800,11.37,481
future_the_weeknd_20261109,2025-07-14,19,2293,3800,458600,11.46,482
future_the_weeknd_20261109,2025-07-13,18,2311,3600,462200,11.55,483
future_the_weeknd_20261109,2025-07-12,62,2373,12400,474600,11.87,484
future_the_weeknd_20261109,2025-07-11,17,2390,3400,478000,11.95,485
future_the_weeknd_20261109,2025-07-10,11,2401,2200,480200,12.01,486
future_the_weeknd_20261109,2025-07-09,27,2428,5400,485600,12.14,487
future_the_weeknd_20261109,2025-07-08,32,2460,6400,492000,12.3,488
future_the_weeknd_20261109,2025-07-07,38,2498,7600,499600,12.49,489
future_the_weeknd_20261109,2025-07-06,36,2534,7200,506800,12.67,490
future_the_weeknd_20261109,2025-07-05,57,2591,11400,518200,12.96,491
future_the_weeknd_20261109,2025-07-04,4,2595,800,519000,12.97,492
future_the_weeknd_20261109,2025-07-03,58,2653,11600,530600,13.26,493
future_the_weeknd_20261109,2025-07-02,27,2680,5400,536000,13.4,494
future_the_weeknd_20261109,2025-07-01,17,2697,3400,539400,13.48,495
future_the_weeknd_20261109,2025-06-30,14,2711,2800,542200,13.55,496
future_the_weeknd_20261109,2025-06-29,14,2725,2800,545000,13.63,497
future_the_weeknd_20261109,2025-06-28,21,2746,4200,549200,13.73,498
future_the_weeknd_20261109,2025-06-27,13,2759,2600,551800,13.79,499
future_the_weeknd_20261109,2025-06-26,5,2764,1000,552800,13.82,500
future_the_weeknd_20261109,2025-06-25,42,2806,8400,561200,14.03,501
future_the_weeknd_20261109,2025-06-24,25,2831,5000,566200,14.16,502
future_the_weeknd_20261109,2025-06-23,16,2847,3200,569400,14.24,503
future_the_weeknd_20261109,2025-06-22,28,2875,5600,575000,14.37,504
future_the_weeknd_20261109,2025-06-21,10,2885,2000,577000,14.42,505
future_the_weeknd_20261109,2025-06-20,32,2917,6400,583400,14.59,506
future_the_weeknd_20261109,2025-06-19,49,2966,9800,593200,14.83,507
future_the_weeknd_20261109,2025-06-18,9,2975,1800,595000,14.88,508
future_the_weeknd_20261109,2025-06-17,10,2985,2000,597000,14.92,509
future_the_weeknd_20261109,2025-06-16,2,2987,400,597400,14.94,510
future_the_weeknd_20261109,2025-06-15,34,3021,6800,604200,15.1,511
future_the_weeknd_20261109,2025-06-14,37,3058,7400,611600,15.29,512
future_the_weeknd_20261109,2025-06-13,65,3123,13000,624600,15.62,513
future_the_weeknd_20261109,2025-06-12,2,3125,400,625000,15.62,514
future_the_weeknd_20261109,2025-06-11,51,3176,10200,635200,15.88,515
future_the_weeknd_20261109,2025-06-10,38,3214,7600,642800,16.07,516
future_the_weeknd_20261109,2025-06-09,10,3224,2000,644800,16.12,517
future_the_weeknd_20261109,2025-06-08,28,3252,5600,650400,16.26,518
future_the_weeknd_20261109,2025-06-07,45,3297,9000,659400,16.48,519
future_the_weeknd_20261109,2025-06-06,47,3344,9400,668800,16.72,520
future_the_weeknd_20261109,2025-06-05,56,3400,11200,680000,17.0,521
future_the_weeknd_20261109,2025-06-04,47,3447,9400,689400,17.23,522
future_the_weeknd_20261109,2025-06-02,3,3450,600,690000,17.25,524
future_the_weeknd_20261109,2025-06-01,16,3466,3200,693200,17.33,525
future_the_weeknd_20261109,2025-05-31,26,3492,5200,698400,17.46,526
future_the_weeknd_20261109,2025-05-30,30,3522,6000,704400,17.61,527
future_the_weeknd_20261109,2025-05-29,53,3575,10600,715000,17.88,528
future_the_weeknd_20261109,2025-05-28,24,3599,4800,719800,18.0,529
future_the_weeknd_20261109,2025-05-27,5,3604,1000,720800,18.02,530
future_the_weeknd_20261109,2025-05-26,25,3629,5000,725800,18.14,531
future_the_weeknd_20261109,2025-05-25,20,3649,4000,729800,18.25,532
future_the_weeknd_20261109,2025-05-24,10,3659,2000,731800,18.3,533
future_the_weeknd_20261109,2025-05-23,31,3690,6200,738000,18.45,534
future_the_weeknd_20261109,2025-05-22,37,3727,7400,745400,18.63,535
future_the_weeknd_20261109,2025-05-21,10,3737,2000,747400,18.68,536
future_the_weeknd_20261109,2025-05-20,27,3764,5400,752800,18.82,537
future_the_weeknd_20261109,2025-05-19,32,3796,6400,759200,18.98,538
future_the_weeknd_20261109,2025-05-18,25,3821,5000,764200,19.11,539
future_the_weeknd_20261109,2025-05-17,42,3863,8400,772600,19.31,540
future_the_weeknd_20261109,2025-05-16,61,3924,12200,784800,19.62,541
future_the_weeknd_20261109,2025-05-15,3,3927,600,785400,19.63,542
future_the_weeknd_20261109,2025-05-14,22,3949,4400,789800,19.74,543
future_the_weeknd_20261109,2025-05-13,7,3956,1400,791200,19.78,544
future_the_weeknd_20261109,2025-05-12,5,3961,1000,792200,19.8,545
future_the_weeknd_20261109,2025-05-11,27,3988,5400,797600,19.94,546
future_the_weeknd_20261109,2025-05-10,13,4001,2600,800200,20.0,547
future_the_weeknd_20261109,2025-05-09,17,4018,3400,803600,20.09,548
future_the_weeknd_20261109,2025-05-08,11,4029,2200,805800,20.14,549
future_the_weeknd_20261109,2025-05-07,43,4072,8600,814400,20.36,550
future_the_weeknd_20261109,2025-05-06,28,4100,5600,820000,20.5,551
future_the_weeknd_20261109,2025-05-05,24,4124,4800,824800,20.62,552
future_the_weeknd_20261109,2025-05-04,29,4153,5800,830600,20.77,553
future_the_weeknd_20261109,2025-05-03,51,4204,10200,840800,21.02,554
future_the_weeknd_20261109,2025-05-02,41,4245,8200,849000,21.22,555
future_the_weeknd_20261109,2025-05-01,18,4263,3600,852600,21.32,556
future_the_weeknd_20261109,2025-04-30,38,4301,7600,860200,21.5,557
future_the_weeknd_20261109,2025-04-29,36,4337,7200,867400,21.68,558
future_the_weeknd_20261109,2025-04-28,48,4385,9600,877000,21.93,559
future_the_weeknd_20261109,2025-04-27,15,4400,3000,880000,22.0,560
future_the_weeknd_20261109,2025-04-26,39,4439,7800,887800,22.2,561
future_the_weeknd_20261109,2025-04-25,17,4456,3400,891200,22.28,562
future_the_weeknd_20261109,2025-04-24,19,4475,3800,895000,22.38,563
future_the_weeknd_20261109,2025-04-23,28,4503,5600,900600,22.52,564
future_the_weeknd_20261109,2025-04-22,17,4520,3400,904000,22.6,565
future_the_weeknd_20261109,2025-04-21,24,4544,4800,908800,22.72,566
future_the_weeknd_20261109,2025-04-20,29,4573,5800,914600,22.86,567
future_the_weeknd_20261109,2025-04-19,15,4588,3000,917600,22.94,568
future_the_weeknd_20261109,2025-04-18,52,4640,10400,928000,23.2,569
future_the_weeknd_20261109,2025-04-17,34,4674,6800,934800,23.37,570
future_the_weeknd_20261109,2025-04-16,16,4690,3200,938000,23.45,571
future_the_weeknd_20261109,2025-04-15,28,4718,5600,943600,23.59,572
future_the_weeknd_20261109,2025-04-14,25,4743,5000,948600,23.71,573
future_the_weeknd_20261109,2025-04-13,32,4775,6400,955000,23.88,574
future_the_weeknd_20261109,2025-04-12,2,4777,400,955400,23.89,575
future_the_weeknd_20261109,2025-04-11,17,4794,3400,958800,23.97,576
future_the_weeknd_20261109,2025-04-10,50,4844,10000,968800,24.22,577
future_the_weeknd_20261109,2025-04-09,33,4877,6600,975400,24.39,578
future_the_weeknd_20261109,2025-04-08,36,4913,7200,982600,24.57,579
future_the_weeknd_20261109,2025-04-06,4,4917,800,983400,24.59,581
future_the_weeknd_20261109,2025-04-05,2,4919,400,983800,24.59,582
future_the_weeknd_20261109,2025-04-04,7,4926,1400,985200,24.63,583
future_the_weeknd_20261109,2025-04-03,48,4974,9600,994800,24.87,584
future_the_weeknd_20261109,2025-04-02,31,5005,6200,1001000,25.02,585
future_the_weeknd_20261109,2025-04-01,38,5043,7600,1008600,25.21,586
future_the_weeknd_20261109,2025-03-31,10,5053,2000,1010600,25.26,587
future_the_weeknd_20261109,2025-03-30,26,5079,5200,1015800,25.39,588
future_the_weeknd_20261109,2025-03-29,6,5085,1200,1017000,25.42,589
future_the_weeknd_20261109,2025-03-28,30,5115,6000,1023000,25.57,590
future_the_weeknd_20261109,2025-03-27,57,5172,11400,1034400,25.86,591
future_the_weeknd_20261109,2025-03-26,5,5177,1000,1035400,25.89,592
future_the_weeknd_20261109,2025-03-25,5,5182,1000,1036400,25.91,593
future_the_weeknd_20261109,2025-03-24,41,5223,8200,1044600,26.11,594
future_the_weeknd_20261109,2025-03-23,6,5229,1200,1045800,26.15,595
future_the_weeknd_20261109,2025-03-22,1,5230,200,1046000,26.15,596
future_the_weeknd_20261109,2025-03-21,46,5276,9200,1055200,26.38,597
future_the_weeknd_20261109,2025-03-20,35,5311,7000,1062200,26.55,598
future_the_weeknd_20261109,2025-03-19,31,5342,6200,1068400,26.71,599
future_the_weeknd_20261109,2025-03-18,3,5345,600,1069000,26.72,600
future_the_weeknd_20261109,2025-03-17,27,5372,5400,1074400,26.86,601
future_the_weeknd_20261109,2025-03-16,2,5374,400,1074800,26.87,602
future_the_weeknd_20261109,2025-03-15,37,5411,7400,1082200,27.05,603
future_the_weeknd_20261109,2025-03-14,36,5447,7200,1089400,27.23,604
future_the_weeknd_20261109,2025-03-13,4,5451,800,1090200,27.26,605
future_the_weeknd_20261109,2025-03-12,30,5481,6000,1096200,27.41,606
future_the_weeknd_20261109,2025-03-11,8,5489,1600,1097800,27.45,607
future_the_weeknd_20261109,2025-03-10,8,5497,1600,1099400,27.48,608
future_the_weeknd_20261109,2025-03-09,38,5535,7600,1107000,27.68,609
future_the_weeknd_20261109,2025-03-08,48,5583,9600,1116600,27.91,610
future_the_weeknd_20261109,2025-03-07,2,5585,400,1117000,27.93,611
future_the_weeknd_20261109,2025-03-06,46,5631,9200,1126200,28.16,612
future_the_weeknd_20261109,2025-03-05,12,5643,2400,1128600,28.21,613
future_the_weeknd_20261109,2025-03-04,35,5678,7000,1135600,28.39,614
future_the_weeknd_20261109,2025-03-03,8,5686,1600,1137200,28.43,615
future_the_weeknd_20261109,2025-03-02,8,5694,1600,1138800,28.47,616
future_the_weeknd_20261109,2025-03-01,6,5700,1200,1140000,28.5,617
future_the_weeknd_20261109,2025-02-28,53,5753,10600,1150600,28.77,618
future_the_weeknd_20261109,2025-02-27,11,5764,2200,1152800,28.82,619
future_the_weeknd_20261109,2025-02-26,48,5812,9600,1162400,29.06,620
future_the_weeknd_20261109,2025-02-25,69,5881,13800,1176200,29.4,621
future_the_weeknd_20261109,2025-02-24,42,5923,8400,1184600,29.62,622
future_the_weeknd_20261109,2025-02-23,15,5938,3000,1187600,29.69,623
future_the_weeknd_20261109,2025-02-22,37,5975,7400,1195000,29.88,624
future_the_weeknd_20261109,2025-02-21,39,6014,7800,1202800,30.07,625
future_the_weeknd_20261109,2025-02-20,19,6033,3800,1206600,30.16,626
future_the_weeknd_20261109,2025-02-19,48,6081,9600,1216200,30.4,627
future_the_weeknd_20261109,2025-02-18,44,6125,8800,1225000,30.63,628
future_the_weeknd_20261109,2025-02-17,11,6136,2200,1227200,30.68,629
future_the_weeknd_20261109,2025-02-16,37,6173,7400,1234600,30.86,630
future_the_weeknd_20261109,2025-02-15,20,6193,4000,1238600,30.96,631
future_the_weeknd_20261109,2025-02-14,3,6196,600,1239200,30.98,632
future_the_weeknd_20261109,2025-02-13,19,6215,3800,1243000,31.08,633
future_the_weeknd_20261109,2025-02-12,19,6234,3800,1246800,31.17,634
future_the_weeknd_20261109,2025-02-11,3,6237,600,1247400,31.19,635
future_the_weeknd_20261109,2025-02-10,61,6298,12200,1259600,31.49,636
future_the_weeknd_20261109,2025-02-09,31,6329,6200,1265800,31.64,637
future_the_weeknd_20261109,2025-02-08,24,6353,4800,1270600,31.77,638
future_the_weeknd_20261109,2025-02-07,5,6358,1000,1271600,31.79,639
future_the_weeknd_20261109,2025-02-06,4,6362,800,1272400,31.81,640
future_the_weeknd_20261109,2025-02-05,27,6389,5400,1277800,31.95,641
future_the_weeknd_20261109,2025-02-04,3,6392,600,1278400,31.96,642
future_the_weeknd_20261109,2025-02-03,34,6426,6800,1285200,32.13,643
future_the_weeknd_20261109,2025-02-02,35,6461,7000,1292200,32.3,644
future_the_weeknd_20261109,2025-02-01,13,6474,2600,1294800,32.37,645
future_the_weeknd_20261109,2025-01-31,15,6489,3000,1297800,32.45,646
future_the_weeknd_20261109,2025-01-30,41,6530,8200,1306000,32.65,647
future_the_weeknd_20261109,2025-01-29,16,6546,3200,1309200,32.73,648
future_the_weeknd_20261109,2025-01-28,20,6566,4000,1313200,32.83,649
future_the_weeknd_20261109,2025-01-27,3,6569,600,1313800,32.84,650
future_the_weeknd_20261109,2025-01-25,19,6588,3800,1317600,32.94,652
future_the_weeknd_20261109,2025-01-24,36,6624,7200,1324800,33.12,653
future_the_weeknd_20261109,2025-01-23,8,6632,1600,1326400,33.16,654
future_the_weeknd_20261109,2025-01-22,37,6669,7400,1333800,33.34,655
future_the_weeknd_20261109,2025-01-21,3,6672,600,1334400,33.36,656
future_the_weeknd_20261109,2025-01-20,24,6696,4800,1339200,33.48,657
future_the_weeknd_20261109,2025-01-19,35,6731,7000,1346200,33.66,658
future_the_weeknd_20261109,2025-01-18,47,6778,9400,1355600,33.89,659
future_the_weeknd_20261109,2025-01-17,55,6833,11000,1366600,34.16,660
future_the_weeknd_20261109,2025-01-16,26,6859,5200,1371800,34.29,661
future_the_weeknd_20261109,2025-01-15,25,6884,5000,1376800,34.42,662
future_the_weeknd_20261109,2025-01-14,10,6894,2000,1378800,34.47,663
future_the_weeknd_20261109,2025-01-13,9,6903,1800,1380600,34.52,664
future_the_weeknd_20261109,2025-01-12,23,6926,4600,1385200,34.63,665
future_the_weeknd_20261109,2025-01-11,28,6954,5600,1390800,34.77,666
future_the_weeknd_20261109,2025-01-10,1,6955,200,1391000,34.77,667
future_the_weeknd_20261109,2025-01-09,50,7005,10000,1401000,35.02,668
future_the_weeknd_20261109,2025-01-08,40,7045,8000,1409000,35.23,669
future_the_weeknd_20261109,2025-01-07,24,7069,4800,1413800,35.34,670
future_the_weeknd_20261109,2025-01-06,51,7120,10200,1424000,35.6,671
future_the_weeknd_20261109,2025-01-05,27,7147,5400,1429400,35.73,672
future_the_weeknd_20261109,2025-01-04,27,7174,5400,1434800,35.87,673
future_the_weeknd_20261109,2025-01-03,16,7190,3200,1438000,35.95,674
future_the_weeknd_20261109,2025-01-02,56,7246,11200,1449200,36.23,675
future_the_weeknd_20261109,2025-01-01,8,7254,1600,1450800,36.27,676
future_the_weeknd_20261109,2024-12-31,23,7277,4600,1455400,36.38,677
future_the_weeknd_20261109,2024-12-30,21,7298,4200,1459600,36.49,678
future_the_weeknd_20261109,2024-12-29,3,7301,600,1460200,36.5,679
future_the_weeknd_20261109,2024-12-28,20,7321,4000,1464200,36.6,680
future_the_weeknd_20261109,2024-12-27,38,7359,7600,1471800,36.8,681
future_the_weeknd_20261109,2024-12-26,3,7362,600,1472400,36.81,682
future_the_weeknd_20261109,2024-12-25,21,7383,4200,1476600,36.91,683
future_the_weeknd_20261109,2024-12-24,11,7394,2200,1478800,36.97,684
future_the_weeknd_20261109,2024-12-23,4,7398,800,1479600,36.99,685
future_the_weeknd_20261109,2024-12-22,28,7426,5600,1485200,37.13,686
future_the_weeknd_20261109,2024-12-21,30,7456,6000,1491200,37.28,687
future_the_weeknd_20261109,2024-12-20,30,7486,6000,1497200,37.43,688
future_the_weeknd_20261109,2024-12-19,8,7494,1600,1498800,37.47,689
future_the_weeknd_20261109,2024-12-18,39,7533,7800,1506600,37.66,690
future_the_weeknd_20261109,2024-12-16,5,7538,1000,1507600,37.69,692
future_the_weeknd_20261109,2024-12-15,6,7544,1200,1508800,37.72,693
future_the_weeknd_20261109,2024-12-14,27,7571,5400,1514200,37.85,694
future_the_weeknd_20261109,2024-12-13,16,7587,3200,1517400,37.94,695
future_the_weeknd_20261109,2024-12-12,33,7620,6600,1524000,38.1,696
future_the_weeknd_20261109,2024-12-11,3,7623,600,1524600,38.12,697
future_the_weeknd_20261109,2024-12-10,17,7640,3400,1528000,38.2,698
future_the_weeknd_20261109,2024-12-09,15,7655,3000,1531000,38.27,699
future_the_weeknd_20261109,2024-12-08,25,7680,5000,1536000,38.4,700
future_the_weeknd_20261109,2024-12-07,31,7711,6200,1542200,38.55,701
future_the_weeknd_20261109,2024-12-06,16,7727,3200,1545400,38.64,702
future_the_weeknd_20261109,2024-12-05,5,7732,1000,1546400,38.66,703
future_the_weeknd_20261109,2024-12-04,22,7754,4400,1550800,38.77,704
future_the_weeknd_20261109,2024-12-02,34,7788,6800,1557600,38.94,706
future_the_weeknd_20261109,2024-12-01,45,7833,9000,1566600,39.16,707
future_the_weeknd_20261109,2024-11-30,16,7849,3200,1569800,39.25,708
future_the_weeknd_20261109,2024-11-29,54,7903,10800,1580600,39.52,709
future_the_weeknd_20261109,2024-11-28,23,7926,4600,1585200,39.63,710
future_the_weeknd_20261109,2024-11-27,5,7931,1000,1586200,39.66,711
future_the_weeknd_20261109,2024-11-26,16,7947,3200,1589400,39.73,712
future_the_weeknd_20261109,2024-11-25,30,7977,6000,1595400,39.88,713
future_the_weeknd_20261109,2024-11-24,27,8004,5400,1600800,40.02,714
future_the_weeknd_20261109,2024-11-23,37,8041,7400,1608200,40.2,715
future_the_weeknd_20261109,2024-11-22,55,8096,11000,1619200,40.48,716
future_the_weeknd_20261109,2024-11-21,3,8099,600,1619800,40.49,717
future_the_weeknd_20261109,2024-11-20,22,8121,4400,1624200,40.61,718
future_the_weeknd_20261109,2024-11-19,21,8142,4200,1628400,40.71,719
future_the_weeknd_20261109,2024-11-18,16,8158,3200,1631600,40.79,720
future_the_weeknd_20261109,2024-11-17,22,8180,4400,1636000,40.9,721
future_the_weeknd_20261109,2024-11-16,7,8187,1400,1637400,40.94,722
future_the_weeknd_20261109,2024-11-15,44,8231,8800,1646200,41.16,723
future_the_weeknd_20261109,2024-11-14,32,8263,6400,1652600,41.32,724
future_the_weeknd_20261109,2024-11-13,16,8279,3200,1655800,41.39,725
future_the_weeknd_20261109,2024-11-12,17,8296,3400,1659200,41.48,726
future_the_weeknd_20261109,2024-11-11,21,8317,4200,1663400,41.59,727
future_the_weeknd_20261109,2024-11-10,32,8349,6400,1669800,41.74,728
future_the_weeknd_20261109,2024-11-09,23,8372,4600,1674400,41.86,729
future_the_weeknd_20261109,2024-11-08,29,8401,5800,1680200,42.0,730
future_the_weeknd_20261109,2024-11-07,9,8410,1800,1682000,42.05,731
future_the_weeknd_20261109,2024-11-06,9,8419,1800,1683800,42.09,732
future_the_weeknd_20261109,2024-11-05,6,8425,1200,1685000,42.12,733
future_the_weeknd_20261109,2024-11-04,28,8453,5600,1690600,42.27,734
future_the_weeknd_20261109,2024-11-03,34,8487,6800,1697400,42.44,735
future_the_weeknd_20261109,2024-11-02,47,8534,9400,1706800,42.67,736
future_the_weeknd_20261109,2024-11-01,31,8565,6200,1713000,42.83,737
future_the_weeknd_20261109,2024-10-31,39,8604,7800,1720800,43.02,738
future_the_weeknd_20261109,2024-10-30,5,8609,1000,1721800,43.05,739
future_the_weeknd_20261109,2024-10-29,25,8634,5000,1726800,43.17,740
future_the_weeknd_20261109,2024-10-28,15,8649,3000,1729800,43.24,741
future_the_weeknd_20261109,2024-10-27,41,8690,8200,1738000,43.45,742
future_the_weeknd_20261109,2024-10-26,47,8737,9400,1747400,43.69,743
future_the_weeknd_20261109,2024-10-25,10,8747,2000,1749400,43.73,744
future_the_weeknd_20261109,2024-10-24,17,8764,3400,1752800,43.82,745
future_coldplay_20261220,2025-10-23,43,43,8600,8600,0.21,422
future_coldplay_20261220,2025-10-22,4,47,800,9400,0.24,423
future_coldplay_20261220,2025-10-21,45,92,9000,18400,0.46,424
future_coldplay_20261220,2025-10-20,69,161,13800,32200,0.8,425
future_coldplay_20261220,2025-10-19,4,165,800,33000,0.83,426
future_coldplay_20261220,2025-10-18,49,214,9800,42800,1.07,427
future_coldplay_20261220,2025-10-17,5,219,1000,43800,1.09,428
future_coldplay_20261220,2025-10-16,40,259,8000,51800,1.29,429
future_coldplay_20261220,2025-10-15,24,283,4800,56600,1.42,430
future_coldplay_20261220,2025-10-14,29,312,5800,62400,1.56,431
future_coldplay_20261220,2025-10-13,34,346,6800,69200,1.73,432
future_coldplay_20261220,2025-10-12,9,355,1800,71000,1.77,433
future_coldplay_20261220,2025-10-11,14,369,2800,73800,1.85,434
future_coldplay_20261220,2025-10-10,14,383,2800,76600,1.92,435
future_coldplay_20261220,2025-10-09,1,384,200,76800,1.92,436
future_coldplay_20261220,2025-10-08,29,413,5800,82600,2.07,437
future_coldplay_20261220,2025-10-07,13,426,2600,85200,2.13,438
future_coldplay_20261220,2025-10-06,45,471,9000,94200,2.35,439
future_coldplay_20261220,2025-10-05,56,527,11200,105400,2.63,440
future_coldplay_20261220,2025-10-04,18,545,3600,109000,2.73,441
future_coldplay_20261220,2025-10-03,4,549,800,109800,2.74,442
future_coldplay_20261220,2025-10-02,44,593,8800,118600,2.96,443
future_coldplay_20261220,2025-10-01,35,628,7000,125600,3.14,444
future_coldplay_20261220,2025-09-30,42,670,8400,134000,3.35,445
future_coldplay_20261220,2025-09-29,33,703,6600,140600,3.52,446
future_coldplay_20261220,2025-09-28,3,706,600,141200,3.53,447
future_coldplay_20261220,2025-09-27,26,732,5200,146400,3.66,448
future_coldplay_20261220,2025-09-26,46,778,9200,155600,3.89,449
future_coldplay_20261220,2025-09-25,60,838,12000,167600,4.19,450
future_coldplay_20261220,2025-09-24,27,865,5400,173000,4.32,451
future_coldplay_20261220,2025-09-23,50,915,10000,183000,4.58,452
future_coldplay_20261220,2025-09-21,41,956,8200,191200,4.78,454
future_coldplay_20261220,2025-09-20,38,994,7600,198800,4.97,455
future_coldplay_20261220,2025-09-19,34,1028,6800,205600,5.14,456
future_coldplay_20261220,2025-09-18,32,1060,6400,212000,5.3,457
future_coldplay_20261220,2025-09-17,16,1076,3200,215200,5.38,458
future_coldplay_20261220,2025-09-16,49,1125,9800,225000,5.62,459
future_coldplay_20261220,2025-09-15,72,1197,14400,239400,5.99,460
future_coldplay_20261220,2025-09-14,37,1234,7400,246800,6.17,461
future_coldplay_20261220,2025-09-13,49,1283,9800,256600,6.42,462
future_coldplay_20261220,2025-09-12,3,1286,600,257200,6.43,463
future_coldplay_20261220,2025-09-11,20,1306,4000,261200,6.53,464
future_coldplay_20261220,2025-09-10,44,1350,8800,270000,6.75,465
future_coldplay_20261220,2025-09-09,30,1380,6000,276000,6.9,466
future_coldplay_20261220,2025-09-08,28,1408,5600,281600,7.04,467
future_coldplay_20261220,2025-09-07,32,1440,6400,288000,7.2,468
future_coldplay_20261220,2025-09-06,2,1442,400,288400,7.21,469
future_coldplay_20261220,2025-09-05,69,1511,13800,302200,7.56,470
future_coldplay_20261220,2025-09-04,48,1559,9600,311800,7.8,471
future_coldplay_20261220,2025-09-03,22,1581,4400,316200,7.9,472
future_coldplay_20261220,2025-09-02,13,1594,2600,318800,7.97,473
future_coldplay_20261220,2025-09-01,28,1622,5600,324400,8.11,474
future_coldplay_20261220,2025-08-31,10,1632,2000,326400,8.16,475
future_coldplay_20261220,2025-08-30,15,1647,3000,329400,8.24,476
future_coldplay_20261220,2025-08-29,6,1653,1200,330600,8.27,477
future_coldplay_20261220,2025-08-28,7,1660,1400,332000,8.3,478
future_coldplay_20261220,2025-08-27,84,1744,16800,348800,8.72,479
future_coldplay_20261220,2025-08-26,1,1745,200,349000,8.72,480
future_coldplay_20261220,2025-08-25,10,1755,2000,351000,8.77,481
future_coldplay_20261220,2025-08-24,72,1827,14400,365400,9.13,482
future_coldplay_20261220,2025-08-23,11,1838,2200,367600,9.19,483
future_coldplay_20261220,2025-08-22,32,1870,6400,374000,9.35,484
future_coldplay_20261220,2025-08-21,73,1943,14600,388600,9.71,485
future_coldplay_20261220,2025-08-20,13,1956,2600,391200,9.78,486
future_coldplay_20261220,2025-08-19,7,1963,1400,392600,9.81,487
future_coldplay_20261220,2025-08-18,7,1970,1400,394000,9.85,488
future_coldplay_20261220,2025-08-17,7,1977,1400,395400,9.88,489
future_coldplay_20261220,2025-08-15,22,1999,4400,399800,9.99,491
future_coldplay_20261220,2025-08-14,29,2028,5800,405600,10.14,492
future_coldplay_20261220,2025-08-13,7,2035,1400,407000,10.17,493
future_coldplay_20261220,2025-08-12,1,2036,200,407200,10.18,494
future_coldplay_20261220,2025-08-11,40,2076,8000,415200,10.38,495
future_coldplay_20261220,2025-08-10,61,2137,12200,427400,10.69,496
future_coldplay_20261220,2025-08-09,15,2152,3000,430400,10.76,497
future_coldplay_20261220,2025-08-08,2,2154,400,430800,10.77,498
future_coldplay_20261220,2025-08-07,24,2178,4800,435600,10.89,499
future_coldplay_20261220,2025-08-06,50,2228,10000,445600,11.14,500
future_coldplay_20261220,2025-08-05,3,2231,600,446200,11.15,501
future_coldplay_20261220,2025-08-04,30,2261,6000,452200,11.3,502
future_coldplay_20261220,2025-08-03,37,2298,7400,459600,11.49,503
future_coldplay_20261220,2025-08-02,31,2329,6200,465800,11.64,504
future_coldplay_20261220,2025-08-01,10,2339,2000,467800,11.7,505
future_coldplay_20261220,2025-07-31,48,2387,9600,477400,11.94,506
future_coldplay_20261220,2025-07-30,30,2417,6000,483400,12.08,507
future_coldplay_20261220,2025-07-29,35,2452,7000,490400,12.26,508
future_coldplay_20261220,2025-07-28,24,2476,4800,495200,12.38,509
future_coldplay_20261220,2025-07-27,26,2502,5200,500400,12.51,510
future_coldplay_20261220,2025-07-26,75,2577,15000,515400,12.88,511
future_coldplay_20261220,2025-07-25,43,2620,8600,524000,13.1,512
future_coldplay_20261220,2025-07-24,4,2624,800,524800,13.12,513
future_coldplay_20261220,2025-07-23,23,2647,4600,529400,13.23,514
future_coldplay_20261220,2025-07-22,2,2649,400,529800,13.25,515
future_coldplay_20261220,2025-07-21,48,2697,9600,539400,13.48,516
future_coldplay_20261220,2025-07-20,11,2708,2200,541600,13.54,517
future_coldplay_20261220,2025-07-19,26,2734,5200,546800,13.67,518
future_coldplay_20261220,2025-07-18,42,2776,8400,555200,13.88,519
future_coldplay_20261220,2025-07-17,75,2851,15000,570200,14.26,520
future_coldplay_20261220,2025-07-16,4,2855,800,571000,14.27,521
future_coldplay_20261220,2025-07-15,44,2899,8800,579800,14.49,522
future_coldplay_20261220,2025-07-14,27,2926,5400,585200,14.63,523
future_coldplay_20261220,2025-07-13,49,2975,9800,595000,14.88,524
future_coldplay_20261220,2025-07-12,5,2980,1000,596000,14.9,525
future_coldplay_20261220,2025-07-11,25,3005,5000,601000,15.02,526
future_coldplay_20261220,2025-07-10,38,3043,7600,608600,15.21,527
future_coldplay_20261220,2025-07-09,11,3054,2200,610800,15.27,528
future_coldplay_20261220,2025-07-08,28,3082,5600,616400,15.41,529
future_coldplay_20261220,2025-07-06,69,3151,13800,630200,15.75,531
future_coldplay_20261220,2025-07-05,25,3176,5000,635200,15.88,532
future_coldplay_20261220,2025-07-04,34,3210,6800,642000,16.05,533
future_coldplay_20261220,2025-07-03,60,3270,12000,654000,16.35,534
future_coldplay_20261220,2025-07-01,35,3305,7000,661000,16.53,536
future_coldplay_20261220,2025-06-30,55,3360,11000,672000,16.8,537
future_coldplay_20261220,2025-06-29,12,3372,2400,674400,16.86,538
future_coldplay_20261220,2025-06-28,9,3381,1800,676200,16.91,539
future_coldplay_20261220,2025-06-27,46,3427,9200,685400,17.14,540
future_coldplay_20261220,2025-06-26,39,3466,7800,693200,17.33,541
future_coldplay_20261220,2025-06-25,24,3490,4800,698000,17.45,542
future_coldplay_20261220,2025-06-24,1,3491,200,698200,17.46,543
future_coldplay_20261220,2025-06-23,34,3525,6800,705000,17.62,544
future_coldplay_20261220,2025-06-22,35,3560,7000,712000,17.8,545
future_coldplay_20261220,2025-06-21,40,3600,8000,720000,18.0,546
future_coldplay_20261220,2025-06-20,30,3630,6000,726000,18.15,547
future_coldplay_20261220,2025-06-19,43,3673,8600,734600,18.37,548
future_coldplay_20261220,2025-06-18,62,3735,12400,747000,18.68,549
future_coldplay_20261220,2025-06-17,9,3744,1800,748800,18.72,550
future_coldplay_20261220,2025-06-16,23,3767,4600,753400,18.83,551
future_coldplay_20261220,2025-06-15,54,3821,10800,764200,19.11,552
future_coldplay_20261220,2025-06-14,29,3850,5800,770000,19.25,553
future_coldplay_20261220,2025-06-13,72,3922,14400,784400,19.61,554
future_coldplay_20261220,2025-06-12,24,3946,4800,789200,19.73,555
future_coldplay_20261220,2025-06-11,19,3965,3800,793000,19.82,556
future_coldplay_20261220,2025-06-10,1,3966,200,793200,19.83,557
future_coldplay_20261220,2025-06-09,16,3982,3200,796400,19.91,558
future_coldplay_20261220,2025-06-08,44,4026,8800,805200,20.13,559
future_coldplay_20261220,2025-06-07,45,4071,9000,814200,20.36,560
future_coldplay_20261220,2025-06-06,40,4111,8000,822200,20.55,561
future_coldplay_20261220,2025-06-05,35,4146,7000,829200,20.73,562
future_coldplay_20261220,2025-06-04,23,4169,4600,833800,20.84,563
future_coldplay_20261220,2025-06-03,19,4188,3800,837600,20.94,564
future_coldplay_20261220,2025-06-02,70,4258,14000,851600,21.29,565
future_coldplay_20261220,2025-06-01,73,4331,14600,866200,21.65,566
future_coldplay_20261220,2025-05-31,8,4339,1600,867800,21.7,567
future_coldplay_20261220,2025-05-30,59,4398,11800,879600,21.99,568
future_coldplay_20261220,2025-05-29,32,4430,6400,886000,22.15,569
future_coldplay_20261220,2025-05-28,7,4437,1400,887400,22.18,570
future_coldplay_20261220,2025-05-27,29,4466,5800,893200,22.33,571
future_coldplay_20261220,2025-05-26,5,4471,1000,894200,22.36,572
future_coldplay_20261220,2025-05-25,17,4488,3400,897600,22.44,573
future_coldplay_20261220,2025-05-24,24,4512,4800,902400,22.56,574
future_coldplay_20261220,2025-05-23,9,4521,1800,904200,22.61,575
future_coldplay_20261220,2025-05-22,9,4530,1800,906000,22.65,576
future_coldplay_20261220,2025-05-21,38,4568,7600,913600,22.84,577
future_coldplay_20261220,2025-05-20,51,4619,10200,923800,23.09,578
future_coldplay_20261220,2025-05-19,55,4674,11000,934800,23.37,579
future_coldplay_20261220,2025-05-18,10,4684,2000,936800,23.42,580
future_coldplay_20261220,2025-05-17,30,4714,6000,942800,23.57,581
future_coldplay_20261220,2025-05-16,37,4751,7400,950200,23.76,582
future_coldplay_20261220,2025-05-15,3,4754,600,950800,23.77,583
future_coldplay_20261220,2025-05-14,33,4787,6600,957400,23.94,584
future_coldplay_20261220,2025-05-13,46,4833,9200,966600,24.16,585
future_coldplay_20261220,2025-05-12,8,4841,1600,968200,24.2,586
future_coldplay_20261220,2025-05-11,22,4863,4400,972600,24.32,587
future_coldplay_20261220,2025-05-10,47,4910,9400,982000,24.55,588
future_coldplay_20261220,2025-05-09,53,4963,10600,992600,24.82,589
future_coldplay_20261220,2025-05-08,27,4990,5400,998000,24.95,590
future_coldplay_20261220,2025-05-07,16,5006,3200,1001200,25.03,591
future_coldplay_20261220,2025-05-06,18,5024,3600,1004800,25.12,592
future_coldplay_20261220,2025-05-05,23,5047,4600,1009400,25.24,593
future_coldplay_20261220,2025-05-03,2,5049,400,1009800,25.25,595
future_coldplay_20261220,2025-05-02,6,5055,1200,1011000,25.27,596
future_coldplay_20261220,2025-05-01,25,5080,5000,1016000,25.4,597
future_coldplay_20261220,2025-04-30,21,5101,4200,1020200,25.5,598
future_coldplay_20261220,2025-04-29,3,5104,600,1020800,25.52,599
future_coldplay_20261220,2025-04-28,13,5117,2600,1023400,25.59,600
future_coldplay_20261220,2025-04-27,35,5152,7000,1030400,25.76,601
future_coldplay_20261220,2025-04-26,60,5212,12000,1042400,26.06,602
future_coldplay_20261220,2025-04-25,64,5276,12800,1055200,26.38,603
future_coldplay_20261220,2025-04-24,35,5311,7000,1062200,26.55,604
future_coldplay_20261220,2025-04-23,35,5346,7000,1069200,26.73,605
future_coldplay_20261220,2025-04-22,2,5348,400,1069600,26.74,606
future_coldplay_20261220,2025-04-21,41,5389,8200,1077800,26.95,607
future_coldplay_20261220,2025-04-20,66,5455,13200,1091000,27.27,608
future_coldplay_20261220,2025-04-19,16,5471,3200,1094200,27.36,609
future_coldplay_20261220,2025-04-18,30,5501,6000,1100200,27.51,610
future_coldplay_20261220,2025-04-17,26,5527,5200,1105400,27.63,611
future_coldplay_20261220,2025-04-16,23,5550,4600,1110000,27.75,612
future_coldplay_20261220,2025-04-15,2,5552,400,1110400,27.76,613
future_coldplay_20261220,2025-04-14,22,5574,4400,1114800,27.87,614
future_coldplay_20261220,2025-04-13,82,5656,16400,1131200,28.28,615
future_coldplay_20261220,2025-04-12,7,5663,1400,1132600,28.32,616
future_coldplay_20261220,2025-04-11,23,5686,4600,1137200,28.43,617
future_coldplay_20261220,2025-04-10,78,5764,15600,1152800,28.82,618
future_coldplay_20261220,2025-04-09,29,5793,5800,1158600,28.97,619
future_coldplay_20261220,2025-04-08,13,5806,2600,1161200,29.03,620
future_coldplay_20261220,2025-04-07,84,5890,16800,1178000,29.45,621
future_coldplay_20261220,2025-04-06,11,5901,2200,1180200,29.5,622
future_coldplay_20261220,2025-04-05,47,5948,9400,1189600,29.74,623
future_coldplay_20261220,2025-04-04,46,5994,9200,1198800,29.97,624
future_coldplay_20261220,2025-04-03,28,6022,5600,1204400,30.11,625
future_coldplay_20261220,2025-04-02,8,6030,1600,1206000,30.15,626
future_coldplay_20261220,2025-04-01,2,6032,400,1206400,30.16,627
future_coldplay_20261220,2025-03-31,51,6083,10200,1216600,30.41,628
future_coldplay_20261220,2025-03-30,20,6103,4000,1220600,30.51,629
future_coldplay_20261220,2025-03-28,32,6135,6400,1227000,30.68,631
future_coldplay_20261220,2025-03-27,11,6146,2200,1229200,30.73,632
future_coldplay_20261220,2025-03-26,73,6219,14600,1243800,31.09,633
future_coldplay_20261220,2025-03-25,71,6290,14200,1258000,31.45,634
future_coldplay_20261220,2025-03-24,37,6327,7400,1265400,31.64,635
future_coldplay_20261220,2025-03-23,41,6368,8200,1273600,31.84,636
future_coldplay_20261220,2025-03-22,36,6404,7200,1280800,32.02,637
future_coldplay_20261220,2025-03-21,26,6430,5200,1286000,32.15,638
future_coldplay_20261220,2025-03-20,36,6466,7200,1293200,32.33,639
future_coldplay_20261220,2025-03-19,26,6492,5200,1298400,32.46,640
future_coldplay_20261220,2025-03-18,38,6530,7600,1306000,32.65,641
future_coldplay_20261220,2025-03-17,30,6560,6000,1312000,32.8,642
future_coldplay_20261220,2025-03-16,52,6612,10400,1322400,33.06,643
future_coldplay_20261220,2025-03-15,11,6623,2200,1324600,33.12,644
future_coldplay_20261220,2025-03-14,65,6688,13000,1337600,33.44,645
future_coldplay_20261220,2025-03-13,60,6748,12000,1349600,33.74,646
future_coldplay_20261220,2025-03-12,19,6767,3800,1353400,33.84,647
future_coldplay_20261220,2025-03-11,10,6777,2000,1355400,33.88,648
future_coldplay_20261220,2025-03-10,4,6781,800,1356200,33.91,649
future_coldplay_20261220,2025-03-09,10,6791,2000,1358200,33.95,650
future_coldplay_20261220,2025-03-08,22,6813,4400,1362600,34.06,651
future_coldplay_20261220,2025-03-07,51,6864,10200,1372800,34.32,652
future_coldplay_20261220,2025-03-06,11,6875,2200,1375000,34.38,653
future_coldplay_20261220,2025-03-05,18,6893,3600,1378600,34.47,654
future_coldplay_20261220,2025-03-04,23,6916,4600,1383200,34.58,655
future_coldplay_20261220,2025-03-03,33,6949,6600,1389800,34.74,656
future_coldplay_20261220,2025-03-02,30,6979,6000,1395800,34.89,657
future_coldplay_20261220,2025-03-01,9,6988,1800,1397600,34.94,658
future_coldplay_20261220,2025-02-28,3,6991,600,1398200,34.96,659
future_coldplay_20261220,2025-02-27,17,7008,3400,1401600,35.04,660
future_coldplay_20261220,2025-02-26,55,7063,11000,1412600,35.32,661
future_coldplay_20261220,2025-02-25,27,7090,5400,1418000,35.45,662
future_coldplay_20261220,2025-02-24,37,7127,7400,1425400,35.63,663
future_coldplay_20261220,2025-02-23,45,7172,9000,1434400,35.86,664
future_coldplay_20261220,2025-02-22,38,7210,7600,1442000,36.05,665
future_coldplay_20261220,2025-02-21,64,7274,12800,1454800,36.37,666
future_coldplay_20261220,2025-02-20,19,7293,3800,1458600,36.46,667
future_coldplay_20261220,2025-02-19,40,7333,8000,1466600,36.66,668
future_coldplay_20261220,2025-02-18,48,7381,9600,1476200,36.91,669
future_coldplay_20261220,2025-02-17,80,7461,16000,1492200,37.3,670
future_coldplay_20261220,2025-02-16,38,7499,7600,1499800,37.49,671
future_coldplay_20261220,2025-02-15,8,7507,1600,1501400,37.54,672
future_coldplay_20261220,2025-02-14,21,7528,4200,1505600,37.64,673
future_coldplay_20261220,2025-02-13,28,7556,5600,1511200,37.78,674
future_coldplay_20261220,2025-02-12,35,7591,7000,1518200,37.95,675
future_coldplay_20261220,2025-02-11,50,7641,10000,1528200,38.2,676
future_coldplay_20261220,2025-02-10,39,7680,7800,1536000,38.4,677
future_coldplay_20261220,2025-02-09,5,7685,1000,1537000,38.42,678
future_coldplay_20261220,2025-02-08,25,7710,5000,1542000,38.55,679
future_coldplay_20261220,2025-02-07,36,7746,7200,1549200,38.73,680
future_coldplay_20261220,2025-02-05,42,7788,8400,1557600,38.94,682
future_coldplay_20261220,2025-02-04,41,7829,8200,1565800,39.15,683
future_coldplay_20261220,2025-02-03,31,7860,6200,1572000,39.3,684
future_coldplay_20261220,2025-02-02,39,7899,7800,1579800,39.5,685
future_coldplay_20261220,2025-02-01,13,7912,2600,1582400,39.56,686
future_coldplay_20261220,2025-01-31,12,7924,2400,1584800,39.62,687
future_coldplay_20261220,2025-01-30,12,7936,2400,1587200,39.68,688
future_coldplay_20261220,2025-01-29,32,7968,6400,1593600,39.84,689
future_coldplay_20261220,2025-01-28,12,7980,2400,1596000,39.9,690
future_coldplay_20261220,2025-01-27,2,7982,400,1596400,39.91,691
future_coldplay_20261220,2025-01-26,18,8000,3600,1600000,40.0,692
future_coldplay_20261220,2025-01-25,56,8056,11200,1611200,40.28,693
future_coldplay_20261220,2025-01-24,6,8062,1200,1612400,40.31,694
future_coldplay_20261220,2025-01-23,22,8084,4400,1616800,40.42,695
future_coldplay_20261220,2025-01-22,1,8085,200,1617000,40.42,696
future_coldplay_20261220,2025-01-21,39,8124,7800,1624800,40.62,697
future_coldplay_20261220,2025-01-20,14,8138,2800,1627600,40.69,698
future_coldplay_20261220,2025-01-19,17,8155,3400,1631000,40.77,699
future_coldplay_20261220,2025-01-18,10,8165,2000,1633000,40.83,700
future_coldplay_20261220,2025-01-16,17,8182,3400,1636400,40.91,702
future_coldplay_20261220,2025-01-15,20,8202,4000,1640400,41.01,703
future_coldplay_20261220,2025-01-14,72,8274,14400,1654800,41.37,704
future_coldplay_20261220,2025-01-13,3,8277,600,1655400,41.38,705
future_coldplay_20261220,2025-01-12,27,8304,5400,1660800,41.52,706
future_coldplay_20261220,2025-01-11,51,8355,10200,1671000,41.77,707
future_coldplay_20261220,2025-01-10,6,8361,1200,1672200,41.8,708
future_coldplay_20261220,2025-01-09,7,8368,1400,1673600,41.84,709
future_coldplay_20261220,2025-01-08,46,8414,9200,1682800,42.07,710
future_coldplay_20261220,2025-01-07,44,8458,8800,1691600,42.29,711
future_coldplay_20261220,2025-01-06,83,8541,16600,1708200,42.7,712
future_coldplay_20261220,2025-01-05,33,8574,6600,1714800,42.87,713
future_coldplay_20261220,2025-01-04,39,8613,7800,1722600,43.06,714
future_coldplay_20261220,2025-01-03,28,8641,5600,1728200,43.2,715
future_coldplay_20261220,2025-01-02,31,8672,6200,1734400,43.36,716
future_coldplay_20261220,2025-01-01,28,8700,5600,1740000,43.5,717
future_coldplay_20261220,2024-12-31,16,8716,3200,1743200,43.58,718
future_coldplay_20261220,2024-12-30,35,8751,7000,1750200,43.76,719
future_coldplay_20261220,2024-12-29,22,8773,4400,1754600,43.86,720
future_coldplay_20261220,2024-12-28,46,8819,9200,1763800,44.09,721
future_coldplay_20261220,2024-12-27,29,8848,5800,1769600,44.24,722
future_coldplay_20261220,2024-12-26,8,8856,1600,1771200,44.28,723
future_coldplay_20261220,2024-12-25,25,8881,5000,1776200,44.41,724
future_coldplay_20261220,2024-12-24,43,8924,8600,1784800,44.62,725
future_coldplay_20261220,2024-12-23,38,8962,7600,1792400,44.81,726
future_coldplay_20261220,2024-12-22,1,8963,200,1792600,44.81,727
future_coldplay_20261220,2024-12-21,37,9000,7400,1800000,45.0,728
future_coldplay_20261220,2024-12-20,17,9017,3400,1803400,45.08,729
future_coldplay_20261220,2024-12-19,2,9019,400,1803800,45.09,730
future_coldplay_20261220,2024-12-18,54,9073,10800,1814600,45.37,731
future_coldplay_20261220,2024-12-17,18,9091,3600,1818200,45.45,732
future_coldplay_20261220,2024-12-16,19,9110,3800,1822000,45.55,733
future_coldplay_20261220,2024-12-15,12,9122,2400,1824400,45.61,734
future_coldplay_20261220,2024-12-14,83,9205,16600,1841000,46.02,735
future_coldplay_20261220,2024-12-13,39,9244,7800,1848800,46.22,736
future_coldplay_20261220,2024-12-12,22,9266,4400,1853200,46.33,737
future_coldplay_20261220,2024-12-11,45,9311,9000,1862200,46.55,738
future_coldplay_20261220,2024-12-10,48,9359,9600,1871800,46.79,739
future_coldplay_20261220,2024-12-09,23,9382,4600,1876400,46.91,740
future_coldplay_20261220,2024-12-08,43,9425,8600,1885000,47.12,741
future_coldplay_20261220,2024-12-07,23,9448,4600,1889600,47.24,742
future_coldplay_20261220,2024-12-06,2,9450,400,1890000,47.25,743
future_coldplay_20261220,2024-12-05,31,9481,6200,1896200,47.41,744
future_coldplay_20261220,2024-12-04,36,9517,7200,1903400,47.59,745
future_coldplay_20261220,2024-12-02,27,9544,5400,1908800,47.72,747
future_coldplay_20261220,2024-12-01,70,9614,14000,1922800,48.07,748
future_coldplay_20261220,2024-11-30,24,9638,4800,1927600,48.19,749
future_coldplay_20261220,2024-11-29,61,9699,12200,1939800,48.49,750
future_coldplay_20261220,2024-11-28,15,9714,3000,1942800,48.57,751
future_coldplay_20261220,2024-11-27,64,9778,12800,1955600,48.89,752
future_coldplay_20261220,2024-11-26,43,9821,8600,1964200,49.1,753
future_coldplay_20261220,2024-11-25,13,9834,2600,1966800,49.17,754
future_coldplay_20261220,2024-11-24,36,9870,7200,1974000,49.35,755
future_coldplay_20261220,2024-11-23,44,9914,8800,1982800,49.57,756
future_coldplay_20261220,2024-11-22,47,9961,9400,1992200,49.8,757
future_coldplay_20261220,2024-11-21,2,9963,400,1992600,49.81,758
future_coldplay_20261220,2024-11-20,15,9978,3000,1995600,49.89,759
future_coldplay_20261220,2024-11-19,48,10026,9600,2005200,50.13,760
future_coldplay_20261220,2024-11-18,20,10046,4000,2009200,50.23,761
future_coldplay_20261220,2024-11-16,40,10086,8000,2017200,50.43,763
future_coldplay_20261220,2024-11-14,13,10099,2600,2019800,50.5,765
future_coldplay_20261220,2024-11-13,40,10139,8000,2027800,50.7,766
future_coldplay_20261220,2024-11-12,25,10164,5000,2032800,50.82,767
future_coldplay_20261220,2024-11-11,6,10170,1200,2034000,50.85,768
future_coldplay_20261220,2024-11-10,16,10186,3200,2037200,50.93,769
future_coldplay_20261220,2024-11-09,3,10189,600,2037800,50.94,770
future_coldplay_20261220,2024-11-08,19,10208,3800,2041600,51.04,771
future_coldplay_20261220,2024-11-07,14,10222,2800,2044400,51.11,772
future_coldplay_20261220,2024-11-06,6,10228,1200,2045600,51.14,773
future_coldplay_20261220,2024-11-05,2,10230,400,2046000,51.15,774
future_coldplay_20261220,2024-11-04,41,10271,8200,2054200,51.35,775
future_coldplay_20261220,2024-11-03,53,10324,10600,2064800,51.62,776
future_coldplay_20261220,2024-11-02,5,10329,1000,2065800,51.64,777
future_coldplay_20261220,2024-10-31,52,10381,10400,2076200,51.91,779
future_coldplay_20261220,2024-10-30,15,10396,3000,2079200,51.98,780
future_coldplay_20261220,2024-10-29,28,10424,5600,2084800,52.12,781
future_coldplay_20261220,2024-10-28,11,10435,2200,2087000,52.18,782
future_coldplay_20261220,2024-10-27,28,10463,5600,2092600,52.31,783
future_coldplay_20261220,2024-10-26,8,10471,1600,2094200,52.35,784
future_coldplay_20261220,2024-10-24,43,10514,8600,2102800,52.57,786
